Station,Date,Wind Spd (mph),Temp (°F),Daily Max Temp (°F),Max RH (%),Soil Moist (%),Soil Temp (°F)
GLS7600-Walden,12/31/24,0.2,27,37,96,30,32.9
TAH7300-DL Bliss,12/31/24,1,31.6,39.1,89,5.5,32.8
MUL1296-Woodfords,12/31/24,1.9,30.7,43.9,80,2.1,39.5
TPZ1261–Park Ranch,12/31/24,2.1,32.5,42.7,88,6.6,39.5
POR31-Iron Horse,12/31/24,0.4,29.5,39.6,98,42.9,35.8
619Line-Sierra Valley West,12/31/24,1.5,31.3,38.8,93,,58.9
SQV8200-Squaw Valley,12/31/24,1.4,25.6,40,92,30.5,32.4
CEM41-Garbage Pit Rd,12/31/24,3.1,31.2,38.2,90,6.3,41.1
CAL204-Dog Valley,12/31/24,1,30.6,38.2,93,16.2,37.6
TRK7203-Northstar Golf Course,12/31/24,1.5,28.2,41.4,94,42.1,34.8
Hobart Sub,12/31/24,0.6,29,41.2,99,18.7,34.3
SRB51-Smithneck Rd,12/31/24,3.6,30.6,37,88,49.8,42.3
Muller1296-Emigrant Trail,12/31/24,4.3,30.8,39.6,82,9.5,32.4
STL3101 Ledge Ct.,12/31/24,1.7,31,39.1,70,4.8,34.7
TAH7300-Homewood,12/31/24,0.1,27.8,38.9,95,11.1,32.7
7400-Glenshire,12/31/24,1.1,27.3,40.8,95,4.8,35.2
MEY3300-Grass Lake Road,12/31/24,1,27,42.8,88,10.6,32.8
WSH201-Floriston,12/31/24,1.2,29,42.5,92,14.8,35.1
Washoe204-Fariad,12/31/24,2.8,30.1,39.8,94,27.3,36.6
MEY3400-Camp Richardson,12/31/24,1.2,29.1,39.4,95,8.8,34.5
MEY3500-STPD Office,12/31/24,0.5,28,43,94,12.4,37.1
621Line-I-80 Gravel Pit,12/31/24,1.6,29.5,42.7,95,5.1,36.2
7201-Alpine Meadows,12/31/24,0.5,26,39.4,96,21.1,32.9
MUL1296-Markleeville,12/31/24,0.3,29.1,42,93,9,37.6
TPZ1261-Eastside Lane,12/31/24,4.3,31.9,45.3,75,6.1,40.2
MEY3300-Tolteca,12/31/24,2.2,30.9,40.9,74,,
TAH-5201 Lake Forest,12/31/24,0.7,28.4,40,93,19.4,33.1
Tahoe-7300 Sugar Pine Point,12/31/24,0.6,29.4,40,90,17.3,33.2
SOK-257 Reno Park,12/31/24,3.3,31.7,39.7,87,8.3,37.3
SMP8700-Firecamp,12/31/24,0.4,28.4,40.4,94,,
TAH5201-Fairway,12/31/24,1.1,27.8,38.8,93,,
TPZ1261 Cunningham,12/31/24,1.9,29.4,41,89,,
MUL1296-Sorensens,12/31/24,2.5,23.2,41.9,90,,
POR32 4th Avenue,12/31/24,0.9,30.4,40.5,96,25.4,38.7
GLS7600-Walden,12/30/24,0.2,25.8,31.4,95,32.9,32.7
TAH7300-DL Bliss,12/30/24,1.2,29.5,32.4,88,5.7,32.8
MUL1296-Woodfords,12/30/24,1.7,31.8,40.4,86,2.2,40.5
TPZ1261–Park Ranch,12/30/24,3.4,35.5,43.1,86,6.6,41.1
POR31-Iron Horse,12/30/24,0.7,31.4,38.4,98,44.6,37
619Line-Sierra Valley West,12/30/24,2.8,33.2,38.9,96,,58.9
SQV8200-Squaw Valley,12/30/24,0.6,28.2,35.1,96,35.9,32.3
CEM41-Garbage Pit Rd,12/30/24,3.3,33.1,39.4,90,6.4,41.8
CAL204-Dog Valley,12/30/24,1.6,33.2,38.7,89,20.8,38.9
TRK7203-Northstar Golf Course,12/30/24,1.1,26.9,34.8,95,44.3,35.6
Hobart Sub,12/30/24,0.2,27.6,36.9,99,19.6,34.6
SRB51-Smithneck Rd,12/30/24,3.4,31.9,39.3,90,49.6,43.1
Muller1296-Emigrant Trail,12/30/24,4.4,32.2,37.5,83,12.6,33.9
STL3101 Ledge Ct.,12/30/24,1,28.7,33.2,85,5.2,35
TAH7300-Homewood,12/30/24,0.2,29.3,34.9,96,13.8,32.5
7400-Glenshire,12/30/24,0.6,26.7,36,96,4.9,35.9
MEY3300-Grass Lake Road,12/30/24,0.9,27,40.3,96,11,33.4
WSH201-Floriston,12/30/24,1,29.9,37.3,92,15.7,37.3
Washoe204-Fariad,12/30/24,3.2,31.3,37,94,28.7,38.4
MEY3400-Camp Richardson,12/30/24,1.1,28.4,36.2,96,9.2,35.3
MEY3500-STPD Office,12/30/24,0.4,28.2,37.6,96,13.6,37.4
621Line-I-80 Gravel Pit,12/30/24,0.9,28.9,37.5,95,5.5,36.4
7201-Alpine Meadows,12/30/24,0.4,28.6,35.7,99,21.4,32.6
MUL1296-Markleeville,12/30/24,0.4,30.2,39.8,93,9.7,38.9
TPZ1261-Eastside Lane,12/30/24,5,33.3,39.2,79,6.2,41.6
MEY3300-Tolteca,12/30/24,1.3,29.6,39.4,90,,
TAH-5201 Lake Forest,12/30/24,0.2,28.6,36.7,96,20.6,32.7
Tahoe-7300 Sugar Pine Point,12/30/24,0.5,29.4,35,96,19.2,34.4
SOK-257 Reno Park,12/30/24,3.8,32.5,37.2,91,8.5,38.9
SMP8700-Firecamp,12/30/24,0.3,27.6,36.4,96,,
TAH5201-Fairway,12/30/24,0.5,28.7,35.2,96,,
TPZ1261 Cunningham,12/30/24,2.7,31.8,40.7,86,,
MUL1296-Sorensens,12/30/24,1.4,21.2,31.2,91,,
POR32 4th Avenue,12/30/24,1.1,32.2,39.4,98,27.4,40.2
GLS7600-Walden,12/29/24,2.8,32.4,38.6,97,35.4,32.5
TAH7300-DL Bliss,12/29/24,6.3,35.4,42.6,94,6,32.8
MUL1296-Woodfords,12/29/24,13.2,43.6,51.9,87,2.4,42.3
TPZ1261–Park Ranch,12/29/24,12.3,51,60.4,85,6.6,45.4
POR31-Iron Horse,12/29/24,2.1,38.7,44.2,97,44.5,38.4
619Line-Sierra Valley West,12/29/24,10.2,40.6,45.4,94,,58.9
SQV8200-Squaw Valley,12/29/24,8.9,35.8,40.2,95,35.8,32.4
CEM41-Garbage Pit Rd,12/29/24,10.2,41.1,46.7,90,5.9,42.9
CAL204-Dog Valley,12/29/24,7.5,42.3,48.9,90,17,41.5
TRK7203-Northstar Golf Course,12/29/24,8.2,37.1,43.3,93,40.8,37.9
Hobart Sub,12/29/24,3.4,35.8,41.9,99,21.8,35.8
SRB51-Smithneck Rd,12/29/24,7.5,40.2,46,92,43.2,43.9
Muller1296-Emigrant Trail,12/29/24,19.3,45.6,54,82,14,38.8
STL3101 Ledge Ct.,12/29/24,7.2,34.2,42.8,96,8.3,35.8
TAH7300-Homewood,12/29/24,3.2,36,42.4,93,17.9,32.3
7400-Glenshire,12/29/24,3.5,36.3,43.8,96,5.3,36.6
MEY3300-Grass Lake Road,12/29/24,3.8,35.8,44.9,95,12,34.2
WSH201-Floriston,12/29/24,6,39.5,48.3,90,16.7,39.2
Washoe204-Fariad,12/29/24,13.6,41.1,49.6,87,30.4,40.8
MEY3400-Camp Richardson,12/29/24,9.5,38,44.6,91,10,36.4
MEY3500-STPD Office,12/29/24,3.6,36.9,43.7,96,16.8,37.7
621Line-I-80 Gravel Pit,12/29/24,5.9,36.9,43.5,94,6.1,37.5
7201-Alpine Meadows,12/29/24,3.8,35.1,39.3,97,23.6,32.3
MUL1296-Markleeville,12/29/24,7.6,42.2,47.8,88,11.6,40.9
TPZ1261-Eastside Lane,12/29/24,16.4,47.4,56.6,77,6.1,46.1
MEY3300-Tolteca,12/29/24,6.4,35.4,41.8,90,,
TAH-5201 Lake Forest,12/29/24,2.8,35,39.9,96,22.8,32.7
Tahoe-7300 Sugar Pine Point,12/29/24,2.2,35.1,43,97,21.6,34.1
SOK-257 Reno Park,12/29/24,13.7,40.2,46.6,90,8.6,41.2
SMP8700-Firecamp,12/29/24,2.2,35.8,41.2,96,,
TAH5201-Fairway,12/29/24,4.7,35.4,40.3,96,,
TPZ1261 Cunningham,12/29/24,12.4,48.3,58.5,81,,
MUL1296-Sorensens,12/29/24,3.8,35.3,43.2,91,,
POR32 4th Avenue,12/29/24,2.6,39.3,44.9,96,29.1,42.2
GLS7600-Walden,12/28/24,2.7,39.2,44.5,90,35.1,32.7
TAH7300-DL Bliss,12/28/24,5.1,41.8,45.7,87,6,33.2
MUL1296-Woodfords,12/28/24,12,50.6,55.2,65,2,43.2
TPZ1261–Park Ranch,12/28/24,5.5,56.4,62.3,54,6.6,46.6
Meyers3400-Uplands,12/28/24,9.3,39.7,45.1,95,14,35.4
111Line-Columbine Trail,12/28/24,1.6,39.5,45.1,95,9,33.3
POR31-Iron Horse,12/28/24,3.8,44,48.4,96,42.8,37.8
619Line-Sierra Valley West,12/28/24,7.3,46.2,50.8,85,,58.9
SQV8200-Squaw Valley,12/28/24,12.6,41.1,44.4,89,35.7,32.5
CEM41-Garbage Pit Rd,12/28/24,11.6,48.5,53.8,73,5.2,43.6
CAL204-Dog Valley,12/28/24,13,48.7,53,73,8.6,42.3
TRK7203-Northstar Golf Course,12/28/24,9.8,44.1,48.4,81,38.3,39.4
Hobart Sub,12/28/24,4.5,41.6,45.7,97,20.1,36.1
SRB51-Smithneck Rd,12/28/24,7.5,47.5,52.5,73,34,44.1
TRK7202-Cabin Tree,12/28/24,4.5,40.3,45,96,41.4,33.6
Muller1296-Emigrant Trail,12/28/24,14,52.6,57.4,63,10.9,43.2
STL3101 Ledge Ct.,12/28/24,9.2,41.5,46.3,84,4.7,37.7
TAH7300-Homewood,12/28/24,4.2,41.3,45.2,89,11.7,32.4
7400-Glenshire,12/28/24,3.4,41.4,47.4,97,4.8,37.4
MEY3300-Grass Lake Road,12/28/24,2.5,40.8,46,95,11.2,36.5
WSH201-Floriston,12/28/24,4.3,46,51.7,88,15.1,42.2
Washoe204-Fariad,12/28/24,11.3,47.8,51,81,27.5,41.3
MEY3400-Camp Richardson,12/28/24,4.2,44.5,51.1,88,9.1,36.4
MEY3500-STPD Office,12/28/24,2.9,42.5,47.2,90,10,39.4
621Line-I-80 Gravel Pit,12/28/24,4.8,41.7,46.9,94,5.3,39
7201-Alpine Meadows,12/28/24,5.6,39.8,43.1,95,23.3,32.4
MUL1296-Markleeville,12/28/24,8.6,47.6,53.4,71,8.8,41.8
TPZ1261-Eastside Lane,12/28/24,8.8,53.3,59,54,6,48.8
MEY3300-Tolteca,12/28/24,6.6,39.8,43.6,90,,
TAH-5201 Lake Forest,12/28/24,1,40,44.5,97,22.4,32.9
Tahoe-7300 Sugar Pine Point,12/28/24,1.6,39.9,43.9,95,20.6,35.2
SOK-257 Reno Park,12/28/24,10.8,47.6,54.2,78,8.1,42.3
SMP8700-Firecamp,12/28/24,3.2,42.1,48,94,,
TAH5201-Fairway,12/28/24,2.6,39.8,45.3,96,,
TPZ1261 Cunningham,12/28/24,14.2,54.8,58.6,52,,
MUL1296-Sorensens,12/28/24,4.3,41,76.6,84,,
POR32 4th Avenue,12/28/24,3.1,45,50,89,25.3,43.4
GLS7600-Walden,12/27/24,2.1,37.2,41.9,94,33.8,32.8
TAH7300-DL Bliss,12/27/24,6.1,39.6,42.9,90,5.8,32.8
MUL1296-Woodfords,12/27/24,14.1,48.6,51.9,77,2.2,42.1
TPZ1261–Park Ranch,12/27/24,12.4,55.7,60.2,58,6.4,44.7
Meyers3400-Uplands,12/27/24,13.9,37.6,42.7,100,14.6,34.2
111Line-Columbine Trail,12/27/24,3.7,41.7,44.3,100,9.3,32.7
POR31-Iron Horse,12/27/24,3.6,42,48.6,98,43.7,36.7
619Line-Sierra Valley West,12/27/24,9.1,44.8,50.6,93,,58.9
SQV8200-Squaw Valley,12/27/24,11.7,39.1,42.4,98,35.2,32.3
CEM41-Garbage Pit Rd,12/27/24,12.3,46.5,51.3,78,5.2,42.2
CAL204-Dog Valley,12/27/24,9.2,47.2,52.3,77,8.6,41.2
TRK7203-Northstar Golf Course,12/27/24,6.8,41.6,46.2,88,42.3,37.3
Hobart Sub,12/27/24,3,39.4,45.6,100,20.1,35
SRB51-Smithneck Rd,12/27/24,7.3,45.5,50.9,78,34,43
TRK7202-Cabin Tree,12/27/24,5.1,38.2,43,98,41,33.4
Muller1296-Emigrant Trail,12/27/24,20.4,50.9,58.2,76,13.2,41.7
STL3101 Ledge Ct.,12/27/24,9.4,39.1,43.3,96,8,35.4
TAH7300-Homewood,12/27/24,4.4,39.1,42.9,98,11.6,32.5
7400-Glenshire,12/27/24,3.9,39.5,45.1,95,4.9,36.1
MEY3300-Grass Lake Road,12/27/24,3.4,39.1,46.1,93,12.7,35.4
WSH201-Floriston,12/27/24,6.5,44.2,49.2,90,16.3,41.2
Washoe204-Fariad,12/27/24,15.5,45.6,49.8,81,28.6,39.7
MEY3400-Camp Richardson,12/27/24,9.1,42.9,48,87,9.9,35.2
MEY3500-STPD Office,12/27/24,3.4,41.8,46.5,95,10.9,38.2
621Line-I-80 Gravel Pit,12/27/24,5.1,40.5,46.6,94,5.9,38
7201-Alpine Meadows,12/27/24,6.8,37.8,41.2,100,22.6,32.6
MUL1296-Markleeville,12/27/24,7.4,45.7,51.8,86,11.9,40
TPZ1261-Eastside Lane,12/27/24,12.6,51.5,56,64,6,47.4
MEY3300-Tolteca,12/27/24,6.5,38.8,42.3,93,,
TAH-5201 Lake Forest,12/27/24,2.1,38.6,43.8,96,22.3,32.9
Tahoe-7300 Sugar Pine Point,12/27/24,2.2,38.6,44,95,23.2,33.8
SOK-257 Reno Park,12/27/24,15.5,46.7,52,78,8.1,40.5
SMP8700-Firecamp,12/27/24,3.6,40,46.5,96,,
TAH5201-Fairway,12/27/24,4,38.2,42.3,96,,
TPZ1261 Cunningham,12/27/24,12.7,52.9,58.6,61,,
MUL1296-Sorensens,12/27/24,5.8,39.6,43.8,92,,
POR32 4th Avenue,12/27/24,3.4,43.3,50.6,97,26.9,41.3
GLS7600-Walden,12/26/24,3,32.7,35,96,31.9,32.9
TAH7300-DL Bliss,12/26/24,3.9,33.9,37.2,97,5.4,33
MUL1296-Woodfords,12/26/24,11.5,42.8,47.5,78,1.9,41.2
TPZ1261–Park Ranch,12/26/24,9.4,50.7,54.2,60,6.2,41.5
Meyers3400-Uplands,12/26/24,10.2,32.7,35.7,98,12.2,35
111Line-Columbine Trail,12/26/24,1.9,34,37.7,100,,32.9
POR31-Iron Horse,12/26/24,2.2,36,42.2,98,42.7,35
619Line-Sierra Valley West,12/26/24,10.8,40,45.2,95,,58.9
SQV8200-Squaw Valley,12/26/24,9.4,34.1,37.7,98,33.6,32.4
CEM41-Garbage Pit Rd,12/26/24,13.7,42,45.3,82,5.1,40.6
CAL204-Dog Valley,12/26/24,8.4,42.3,45.8,78,8.4,39.7
TRK7203-Northstar Golf Course,12/26/24,8.5,37.4,40.5,91,33.9,36.1
Hobart Sub,12/26/24,3.5,34.9,39.2,100,18.7,34.8
SRB51-Smithneck Rd,12/26/24,7.7,40.8,44,85,33.9,42.3
TRK7202-Cabin Tree,12/26/24,4.3,33.4,36.8,98,40.5,33.2
Muller1296-Emigrant Trail,12/26/24,17.2,45.3,50.2,72,10.1,39.7
STL3101 Ledge Ct.,12/26/24,8.5,33.6,37.8,96,6.5,34.8
TAH7300-Homewood,12/26/24,3.4,34.5,37.7,98,6.6,33.5
7400-Glenshire,12/26/24,3.5,36.1,39.9,94,4.7,35.4
MEY3300-Grass Lake Road,12/26/24,3.2,35.1,39.5,99,11.4,32.7
WSH201-Floriston,12/26/24,7.3,40.6,44.3,83,15.6,37.9
Washoe204-Fariad,12/26/24,13.6,41.2,45.8,86,27.7,38.4
MEY3400-Camp Richardson,12/26/24,6.5,36.8,43.4,96,8.8,35.5
MEY3500-STPD Office,12/26/24,2.3,35.6,40.8,96,9.9,36.9
621Line-I-80 Gravel Pit,12/26/24,5.9,36.4,40.1,93,5.5,36
7201-Alpine Meadows,12/26/24,4.5,33.5,36.4,99,20.5,33
MUL1296-Markleeville,12/26/24,6.6,41.3,47.1,84,8.4,39
TPZ1261-Eastside Lane,12/26/24,11.9,47,51.5,62,5.9,44.6
MEY3300-Tolteca,12/26/24,4.9,33.8,37.5,93,,
TAH-5201 Lake Forest,12/26/24,1.9,33.4,37.5,97,20.9,33.1
Tahoe-7300 Sugar Pine Point,12/26/24,1.4,33.5,37.5,98,18.8,33.4
SOK-257 Reno Park,12/26/24,15.7,41.4,46.2,83,8.1,38.5
SMP8700-Firecamp,12/26/24,2.1,35.3,40.2,96,,
TAH5201-Fairway,12/26/24,2.6,33.5,37,96,,
TPZ1261 Cunningham,12/26/24,12.4,48.1,52.2,69,,
MUL1296-Sorensens,12/26/24,3.3,34.9,39,93,,
POR32 4th Avenue,12/26/24,2.4,37.4,44.2,97,24.8,38.9
GLS7600-Walden,12/25/24,0.4,27.3,35.2,97,32.4,32.8
TAH7300-DL Bliss,12/25/24,1,29.2,38.5,89,5.4,32.9
MUL1296-Woodfords,12/25/24,3.4,34.3,46.9,80,1.9,40.7
TPZ1261–Park Ranch,12/25/24,2.6,37.1,53.4,83,6,39.5
TPZ1261-Walker,12/25/24,3.2,33.9,50.8,83,9.8,42.1
Meyers3400-Uplands,12/25/24,2.6,28.1,36.6,93,12.1,35.2
111Line-Columbine Trail,12/25/24,0.2,27.4,37,96,7.8,33.1
POR31-Iron Horse,12/25/24,0.4,27.7,34.5,98,42.7,34.4
619Line-Sierra Valley West,12/25/24,1.5,28.7,40,98,,58.9
SQV8200-Squaw Valley,12/25/24,2,27.1,38.5,95,34.9,32.4
CEM41-Garbage Pit Rd,12/25/24,3.5,29.8,44.5,95,5.1,40.1
CAL204-Dog Valley,12/25/24,2.6,34.7,46.1,87,8.3,39.3
TRK7203-Northstar Golf Course,12/25/24,1.6,28.8,40.1,97,31,35.3
Hobart Sub,12/25/24,0.2,27.4,38.6,98,18.3,34.6
SRB51-Smithneck Rd,12/25/24,4.4,30.3,42.8,95,33.9,42.7
TRK7202-Cabin Tree,12/25/24,0.2,27.9,34.9,97,40.4,33.3
Muller1296-Emigrant Trail,12/25/24,5.8,35.2,49.9,83,8.5,34.5
STL3101 Ledge Ct.,12/25/24,1.8,28.9,40.4,93,6.4,35.3
TAH7300-Homewood,12/25/24,0.7,28.6,37.8,96,6.4,33.7
7400-Glenshire,12/25/24,0.5,28.1,38.5,97,4.4,35.3
MEY3300-Grass Lake Road,12/25/24,0.8,26.6,35.8,98,10.8,32.6
WSH201-Floriston,12/25/24,2.2,32,43.9,93,14.7,36.2
Washoe204-Fariad,12/25/24,7.4,34.2,45.9,93,28.1,38
MEY3400-Camp Richardson,12/25/24,1.3,29.5,43.6,96,8.8,35.5
MEY3500-STPD Office,12/25/24,0.5,28.5,38.8,95,9.5,36.5
621Line-I-80 Gravel Pit,12/25/24,0.5,28.8,34.7,96,5.3,35.8
7201-Alpine Meadows,12/25/24,1.2,27.5,36.6,97,20.8,32.9
MUL1296-Markleeville,12/25/24,0.8,32.4,45.8,92,8,37.7
TPZ1261-Eastside Lane,12/25/24,6.7,34.6,51.3,73,5.8,39.6
MEY3300-Tolteca,12/25/24,1.5,27.9,37.7,90,,
TAH-5201 Lake Forest,12/25/24,0.1,27.5,33.5,94,20.4,33
Tahoe-7300 Sugar Pine Point,12/25/24,0.4,27.6,35.3,96,17.5,33.4
SOK-257 Reno Park,12/25/24,6.3,32.7,43.3,91,8.1,37.7
SMP8700-Firecamp,12/25/24,0.7,27.7,38.3,94,,
TAH5201-Fairway,12/25/24,0.5,27.5,35.7,96,,
TPZ1261 Cunningham,12/25/24,3.9,34.2,52.3,80,,
MUL1296-Sorensens,12/25/24,2.2,23,36.9,88,,
POR32 4th Avenue,12/25/24,0.6,28.7,34.6,97,25.6,38.4
GLS7600-Walden,12/24/24,2,32.7,43.2,96,34.2,32.6
TAH7300-DL Bliss,12/24/24,2,33.2,46.6,97,5.6,32.9
MUL1296-Woodfords,12/24/24,8.1,40.7,54.1,86,1.9,43.2
TPZ1261–Park Ranch,12/24/24,8.3,42.6,60.8,85,6,43.2
TPZ1261-Walker,12/24/24,4.6,30.5,63.6,81,9.8,43.8
Meyers3400-Uplands,12/24/24,7,32,46,97,13,36
111Line-Columbine Trail,12/24/24,1.8,33.7,46.2,98,7.9,33
POR31-Iron Horse,12/24/24,1.7,35.9,50.9,97,43.4,35.6
619Line-Sierra Valley West,12/24/24,8.1,38.2,51.8,96,,58.9
SQV8200-Squaw Valley,12/24/24,4.1,34.2,46.1,97,34.8,32.4
CEM41-Garbage Pit Rd,12/24/24,8.5,38.7,52.9,96,5.1,42.6
CAL204-Dog Valley,12/24/24,6.4,41.6,54.2,90,8.4,42
TRK7203-Northstar Golf Course,12/24/24,5.6,36.5,48.6,97,34.6,36.4
Hobart Sub,12/24/24,1.6,35,47.1,99,19.3,34.9
SRB51-Smithneck Rd,12/24/24,7.3,38.2,51.7,98,33.7,44
TRK7202-Cabin Tree,12/24/24,3.2,34,45.9,97,40.3,33.5
Muller1296-Emigrant Trail,12/24/24,12.4,42.6,56.1,84,10.4,39
STL3101 Ledge Ct.,12/24/24,2.3,32.5,44.3,96,7.1,37.2
TAH7300-Homewood,12/24/24,2.3,34.9,46.2,97,6.6,33.4
7400-Glenshire,12/24/24,2.5,36.1,48.1,97,4.9,35.2
MEY3300-Grass Lake Road,12/24/24,2,33.6,47,99,11.6,33.2
WSH201-Floriston,12/24/24,4.4,39.4,51.8,93,15.5,39.7
Washoe204-Fariad,12/24/24,9.9,40.7,52.7,90,29.1,40.7
MEY3400-Camp Richardson,12/24/24,4,35.3,48.5,97,9.2,35.7
MEY3500-STPD Office,12/24/24,1.5,34.6,46.8,97,9.8,37.8
621Line-I-80 Gravel Pit,12/24/24,3.5,36.5,48.8,97,5.8,37
7201-Alpine Meadows,12/24/24,3,34.2,45.4,98,21.7,32.7
MUL1296-Markleeville,12/24/24,3.4,38.7,51.7,92,9.2,40.7
TPZ1261-Eastside Lane,12/24/24,10.6,42,55.8,89,5.9,45.3
MEY3300-Tolteca,12/24/24,3.6,33.2,46.9,93,,
TAH-5201 Lake Forest,12/24/24,1.7,34.1,45.8,96,21.3,33
Tahoe-7300 Sugar Pine Point,12/24/24,0.8,33.9,45.7,97,20.1,33.4
SOK-257 Reno Park,12/24/24,11.7,39.4,51.4,94,8.1,41
SMP8700-Firecamp,12/24/24,1.6,34.2,46.9,96,,
TAH5201-Fairway,12/24/24,2.8,34.2,45.8,96,,
TPZ1261 Cunningham,12/24/24,8.4,39.4,58.6,87,,
MUL1296-Sorensens,12/24/24,1.7,30.8,43.9,93,,
POR32 4th Avenue,12/24/24,1.9,37.1,51.7,97,26.2,42.1
GLS7600-Walden,12/23/24,1.2,41,47.5,96,33.8,32.4
TAH7300-DL Bliss,12/23/24,1,41.2,45.9,93,5.5,32.7
MUL1296-Woodfords,12/23/24,2.3,47.9,55.5,82,1.8,44.1
TPZ1261–Park Ranch,12/23/24,0.7,50,61.9,85,6,46.6
Meyers3400-Uplands,12/23/24,5.8,41.8,47.5,95,13,35.9
111Line-Columbine Trail,12/23/24,0.4,38.6,49.4,98,7.5,33
POR31-Iron Horse,12/23/24,0.6,39.7,49.7,99,40.7,35
619Line-Sierra Valley West,12/23/24,2.3,40.7,50.2,99,,58.9
SQV8200-Squaw Valley,12/23/24,3.2,40.8,48.7,97,34.8,32.3
CEM41-Garbage Pit Rd,12/23/24,3.8,42.9,50,96,5,43
CAL204-Dog Valley,12/23/24,2.2,45.7,56.4,89,8.3,42.5
TRK7203-Northstar Golf Course,12/23/24,2.6,39.2,49.3,98,34.2,35.6
Hobart Sub,12/23/24,0.3,38,49.6,100,18.9,34.8
SRB51-Smithneck Rd,12/23/24,4.2,43.3,50.4,97,32.6,43.7
TRK7202-Cabin Tree,12/23/24,1.1,39.8,48.3,98,40.1,33.5
Muller1296-Emigrant Trail,12/23/24,6.5,49.3,55.7,78,9.6,44.9
STL3101 Ledge Ct.,12/23/24,2.6,40.9,45,85,4.8,39.2
TAH7300-Homewood,12/23/24,0.5,39.3,45.6,97,6.4,33.4
7400-Glenshire,12/23/24,1,37.8,47.7,98,4.8,35.1
MEY3300-Grass Lake Road,12/23/24,0.7,36.5,50.9,100,11.8,34.2
WSH201-Floriston,12/23/24,2.6,41,52.2,94,14.7,41.9
Washoe204-Fariad,12/23/24,5.5,45.1,53.6,94,27.7,40.7
MEY3400-Camp Richardson,12/23/24,1.3,39.8,46.8,98,9,35.8
MEY3500-STPD Office,12/23/24,0.4,37.5,50,99,9.5,39.8
621Line-I-80 Gravel Pit,12/23/24,1.1,37.2,49.8,98,5.6,36.7
7201-Alpine Meadows,12/23/24,1.6,40.4,48.7,100,21.5,32.8
MUL1296-Markleeville,12/23/24,1.5,45.2,55.9,91,7.2,42.1
TPZ1261-Eastside Lane,12/23/24,5.1,50.8,58.2,66,6,49.4
MEY3300-Tolteca,12/23/24,3,42.8,49.2,90,,
TAH-5201 Lake Forest,12/23/24,0.4,38.3,46.2,98,20.7,33.1
Tahoe-7300 Sugar Pine Point,12/23/24,0.6,39.1,45.9,98,20.7,33.4
SOK-257 Reno Park,12/23/24,5.6,45.5,52.2,90,8.2,41.3
SMP8700-Firecamp,12/23/24,0.4,36,49.8,98,,
TAH5201-Fairway,12/23/24,0.9,38.9,45.6,98,,
TPZ1261 Cunningham,12/23/24,4.2,47.4,60.9,84,,
MUL1296-Sorensens,12/23/24,1.7,36.7,49.4,94,,
POR32 4th Avenue,12/23/24,0.7,40.4,52.6,100,24.5,42.6
GLS7600-Walden,12/22/24,1.2,38.2,43.6,96,33.7,32.3
TAH7300-DL Bliss,12/22/24,1.8,38.9,43.4,97,5.6,32.5
MUL1296-Woodfords,12/22/24,4.1,47.2,55.4,87,1.8,43.3
BKY4201-Summit,12/22/24,1.7,,,100,15.9,34
TPZ1261–Park Ranch,12/22/24,4.7,55,61,72,5.9,45.4
Meyers3400-Uplands,12/22/24,6.6,38.8,43.1,98,13.5,35
111Line-Columbine Trail,12/22/24,1.2,39.5,45.5,98,6.7,32.8
POR31-Iron Horse,12/22/24,1.1,40.7,51.2,99,38.3,34.2
619Line-Sierra Valley West,12/22/24,4.2,42.8,51.3,98,,58.9
SQV8200-Squaw Valley,12/22/24,4.8,39.4,44.1,98,34.5,32.4
CEM41-Garbage Pit Rd,12/22/24,5.7,44.6,52.5,95,4.9,41.8
CAL204-Dog Valley,12/22/24,3.5,46.3,52.7,91,8.2,41.3
TRK7203-Northstar Golf Course,12/22/24,4.1,39.5,47.6,98,37.1,34.3
Hobart Sub,12/22/24,1.1,39,47.3,100,18.5,34.6
SRB51-Smithneck Rd,12/22/24,5.5,44.3,52.9,96,32.4,42.5
TRK7202-Cabin Tree,12/22/24,1.1,38.2,44.3,97,37,33.5
Muller1296-Emigrant Trail,12/22/24,9,48,55.9,90,10.3,44.2
STL3101 Ledge Ct.,12/22/24,5.5,40.2,45.6,93,8,37.6
TAH7300-Homewood,12/22/24,1.3,39.3,45.8,98,6.7,33.1
7400-Glenshire,12/22/24,1.2,38.4,47.2,98,4.6,35.1
MEY3300-Grass Lake Road,12/22/24,0.9,38.4,45.6,100,12.3,32.8
WSH201-Floriston,12/22/24,2.5,42.6,50.3,94,14.4,41
Washoe204-Fariad,12/22/24,7.6,45.6,51.6,92,27.6,39.8
MEY3400-Camp Richardson,12/22/24,2.3,41,46.8,99,9.2,35.7
MEY3500-STPD Office,12/22/24,1,40.7,48.4,98,9.6,37.9
621Line-I-80 Gravel Pit,12/22/24,1.3,38.5,47.8,97,6.2,34.7
7201-Alpine Meadows,12/22/24,2.4,39.1,43.5,100,21.6,32.9
MUL1296-Markleeville,12/22/24,4.2,46.2,51,86,7.3,40.7
TPZ1261-Eastside Lane,12/22/24,8.2,51.6,57.7,74,6.1,49
MEY3300-Tolteca,12/22/24,3.5,39.9,44.6,92,,
TAH-5201 Lake Forest,12/22/24,0.9,38.8,46,98,20.4,33.2
Tahoe-7300 Sugar Pine Point,12/22/24,0.7,39.1,46,98,21.8,33.3
SOK-257 Reno Park,12/22/24,9.5,45.3,50.8,93,8.1,40.2
SMP8700-Firecamp,12/22/24,0.8,37.8,48.9,97,,
TAH5201-Fairway,12/22/24,2.1,39,45.6,97,,
TPZ1261 Cunningham,12/22/24,5.7,52.1,59.4,75,,
MUL1296-Sorensens,12/22/24,1.7,38.6,47,94,,
POR32 4th Avenue,12/22/24,1.2,41.8,52.7,100,23.8,40.6
GLS7600-Walden,12/21/24,3.3,41.7,46.3,93,30.8,32.5
TAH7300-DL Bliss,12/21/24,4.7,43.9,49.1,96,5,32.9
MUL1296-Woodfords,12/21/24,11.3,52.4,57.3,64,1.8,42
BKY4201-Summit,12/21/24,5.3,,,100,14,34.2
TPZ1261–Park Ranch,12/21/24,6.3,50.5,64.3,86,5.7,40.8
Meyers3400-Uplands,12/21/24,15.7,43.3,48.7,92,12.3,34.9
111Line-Columbine Trail,12/21/24,2.4,41.5,51.7,98,5.1,32.8
POR31-Iron Horse,12/21/24,2,40.6,51.2,98,33.9,33.7
619Line-Sierra Valley West,12/21/24,7.3,41.6,52.5,96,,58.9
SQV8200-Squaw Valley,12/21/24,9,43.2,48.8,95,22.9,32.5
CEM41-Garbage Pit Rd,12/21/24,11.5,45.6,54.5,89,4.9,39.6
CAL204-Dog Valley,12/21/24,6.5,45.9,56.9,79,8.1,38.5
TRK7203-Northstar Golf Course,12/21/24,9.3,42.4,51.2,97,34.2,33.8
Hobart Sub,12/21/24,2.8,38.3,49.8,99,15.5,34.7
SRB51-Smithneck Rd,12/21/24,8.4,46.4,54,83,32.2,41.2
TRK7202-Cabin Tree,12/21/24,5.5,42.2,49.4,96,16.1,33.5
Muller1296-Emigrant Trail,12/21/24,15.1,50.7,59.8,71,11.2,40.2
STL3101 Ledge Ct.,12/21/24,3.6,42.2,49,91,6.1,35.4
TAH7300-Homewood,12/21/24,3.6,41.8,50.5,98,6.2,34.1
7400-Glenshire,12/21/24,3.3,40.4,51.2,96,3.8,35.3
MEY3300-Grass Lake Road,12/21/24,4,42.3,51.7,97,11.5,32.5
WSH201-Floriston,12/21/24,6.8,43.2,55,89,13,37.5
Washoe204-Fariad,12/21/24,11.6,45.6,55.3,86,26.4,37.4
MEY3400-Camp Richardson,12/21/24,8,43.6,51.5,100,8.6,36.1
MEY3500-STPD Office,12/21/24,2.2,39.4,52.6,99,9.2,35.8
621Line-I-80 Gravel Pit,12/21/24,4.6,38.3,51.1,96,5.8,34
7201-Alpine Meadows,12/21/24,5,42.2,48,99,20.4,33.2
MUL1296-Markleeville,12/21/24,6.7,47,55.7,85,6.8,38.1
TPZ1261-Eastside Lane,12/21/24,12.8,54.3,60.8,55,6.1,46.8
MEY3300-Tolteca,12/21/24,5.3,44.4,49.9,88,,
TAH-5201 Lake Forest,12/21/24,2.3,40.1,48.7,94,19.5,33.4
Tahoe-7300 Sugar Pine Point,12/21/24,1.7,40.8,50,98,18.2,33.5
SOK-257 Reno Park,12/21/24,12.3,47.2,54.3,82,7.9,38.1
SMP8700-Firecamp,12/21/24,1.9,37.1,50.5,96,,
TAH5201-Fairway,12/21/24,3.9,40.7,49.1,95,,
TPZ1261 Cunningham,12/21/24,7.1,47.3,63.6,82,,
MUL1296-Sorensens,12/21/24,2.9,40.3,49.1,84,,
POR32 4th Avenue,12/21/24,2.4,39.4,51.8,97,23.5,36.9
GLS7600-Walden,12/20/24,0.8,46.8,51.7,50,26.7,32.5
TAH7300-DL Bliss,12/20/24,0.5,33.8,46,98,4.7,33
MUL1296-Woodfords,12/20/24,1,44,51.2,62,1.8,40.6
BKY4201-Summit,12/20/24,0.9,,,100,13,34.2
TPZ1261–Park Ranch,12/20/24,0.1,40,53.4,87,5.5,39.3
TPZ1261-Walker,12/20/24,2.3,43.6,52.8,63,9.8,42.4
Meyers3400-Uplands,12/20/24,3.2,34.4,49.6,97,10.7,35
111Line-Columbine Trail,12/20/24,0.1,29.2,35.6,98,5.2,32.8
POR31-Iron Horse,12/20/24,0.4,32.7,53.8,97,30.5,33.6
619Line-Sierra Valley West,12/20/24,1,29.3,36,97,,58.9
SQV8200-Squaw Valley,12/20/24,1.1,32.6,50.3,96,12.9,32.6
CEM41-Garbage Pit Rd,12/20/24,1.9,32.3,38.6,91,4.8,39.5
CAL204-Dog Valley,12/20/24,1.4,38.1,48.3,79,8,37.2
TRK7203-Northstar Golf Course,12/20/24,0.5,26.5,40.5,96,27.3,33.9
Hobart Sub,12/20/24,0.1,28.6,41.9,98,14.5,34.6
SRB51-Smithneck Rd,12/20/24,1.9,33.8,43.8,88,32.2,41.1
TRK7202-Cabin Tree,12/20/24,0.2,37.1,50.5,91,15,33.4
Muller1296-Emigrant Trail,12/20/24,2.4,39.9,49.3,76,10.8,36.4
STL3101 Ledge Ct.,12/20/24,0.5,33,45.6,98,4.4,34.7
TAH7300-Homewood,12/20/24,0.5,33.2,37.5,98,5.9,34.4
7400-Glenshire,12/20/24,0.4,28.6,41.1,95,3.3,35.4
MEY3300-Grass Lake Road,12/20/24,0.5,28.8,45.1,96,10.3,32.5
WSH201-Floriston,12/20/24,3.2,34.5,44.3,86,12.5,34.6
Washoe204-Fariad,12/20/24,4.1,37.3,46.6,85,26.1,35.7
MEY3400-Camp Richardson,12/20/24,0.8,31.6,34.9,100,8.1,36.2
MEY3500-STPD Office,12/20/24,0.4,29.9,34.7,99,9,35.7
621Line-I-80 Gravel Pit,12/20/24,0.6,27.4,39.6,95,4.8,34.1
7201-Alpine Meadows,12/20/24,0.9,33.8,53.8,98,20.4,33.2
MUL1296-Markleeville,12/20/24,0.5,37,61,89,7,36.4
TPZ1261-Eastside Lane,12/20/24,2.9,45.2,53.5,59,6.1,44.6
MEY3300-Tolteca,12/20/24,0.7,31,50.3,92,,
TAH-5201 Lake Forest,12/20/24,0.2,33.9,38.7,99,18.6,33.4
Tahoe-7300 Sugar Pine Point,12/20/24,0.3,32.6,37.6,98,15.7,33.5
SOK-257 Reno Park,12/20/24,2.5,38.4,48.3,82,7.8,36.3
SMP8700-Firecamp,12/20/24,0.2,28.5,41,95,,
TAH5201-Fairway,12/20/24,0.9,33.8,37.2,98,,
TPZ1261 Cunningham,12/20/24,2.3,37.8,51.8,86,,
MUL1296-Sorensens,12/20/24,1.6,32.6,54.6,83,,
POR32 4th Avenue,12/20/24,1.3,32.4,39.3,96,23.9,36.2
GLS7600-Walden,12/19/24,0.1,44.3,58.2,57,24.9,32.4
TAH7300-DL Bliss,12/19/24,0.2,29.6,33.9,98,4.7,33
MUL1296-Woodfords,12/19/24,1.6,42.7,53,59,1.8,40.1
BKY4201-Summit,12/19/24,0.8,,,100,12.8,34.1
TPZ1261–Park Ranch,12/19/24,0.9,39.5,55.9,86,5.4,39.7
TPZ1261-Walker,12/19/24,2.5,42,54.6,67,10,42.2
Meyers3400-Uplands,12/19/24,1.3,29.4,38.9,97,10.8,35
111Line-Columbine Trail,12/19/24,0,26.7,37.4,98,5.2,32.8
POR31-Iron Horse,12/19/24,0.7,32.8,52.3,98,30.8,33.5
619Line-Sierra Valley West,12/19/24,0.7,29.8,47,97,,58.9
SQV8200-Squaw Valley,12/19/24,0.5,27.1,42.9,94,11.2,32.4
CEM41-Garbage Pit Rd,12/19/24,2,34.6,48.2,93,4.8,40.4
CAL204-Dog Valley,12/19/24,1.9,36.1,54.8,80,8,37.2
TRK7203-Northstar Golf Course,12/19/24,0.1,21.7,45.6,97,28,34.2
Hobart Sub,12/19/24,0.1,26.3,54.1,98,14.5,34.5
SRB51-Smithneck Rd,12/19/24,2.8,36,48.5,92,32.3,41.1
TRK7202-Cabin Tree,12/19/24,0.6,32.8,48.6,92,15,33.4
Muller1296-Emigrant Trail,12/19/24,3,38.6,50.8,69,12,34.3
STL3101 Ledge Ct.,12/19/24,0.4,28.2,35.7,97,4.4,34.8
TAH7300-Homewood,12/19/24,1.2,31.4,35.2,98,5.8,34.3
7400-Glenshire,12/19/24,0.3,25.3,47.5,95,3.2,35.3
MEY3300-Grass Lake Road,12/19/24,0.3,24.4,42.8,98,10,32.4
WSH201-Floriston,12/19/24,2.2,32.3,48.9,89,12.6,34.8
Washoe204-Fariad,12/19/24,8.8,35.4,52.6,88,26.7,35.5
MEY3400-Camp Richardson,12/19/24,0.9,29.3,32.2,99,8.1,36.1
MEY3500-STPD Office,12/19/24,0.5,27.8,35.8,98,8.9,35.8
621Line-I-80 Gravel Pit,12/19/24,0.8,24.8,48.3,96,5.5,34.3
7201-Alpine Meadows,12/19/24,0.6,28.2,44.1,96,19.8,33.3
MUL1296-Markleeville,12/19/24,0.7,32.4,57.5,90,7.2,35.5
TPZ1261-Eastside Lane,12/19/24,3.2,45.4,55.1,54,6.2,45
MEY3300-Tolteca,12/19/24,0.3,26.6,40.1,93,,
TAH-5201 Lake Forest,12/19/24,0.2,32.3,36,100,16.5,33.3
Tahoe-7300 Sugar Pine Point,12/19/24,0.3,30.7,35.9,98,15.2,33.5
SOK-257 Reno Park,12/19/24,3,40.5,54.3,72,7.9,36.1
SMP8700-Firecamp,12/19/24,0.2,27.2,49.9,96,,
TAH5201-Fairway,12/19/24,1,32.2,35.4,98,,
TPZ1261 Cunningham,12/19/24,1.9,35.6,55.6,86,,
MUL1296-Sorensens,12/19/24,2.2,24.6,48.4,84,,
POR32 4th Avenue,12/19/24,1.5,32.2,50.5,98,24.5,36.8
GLS7600-Walden,12/18/24,0.1,41.7,53.1,72,24.2,32.3
TAH7300-DL Bliss,12/18/24,0.2,34,38.9,97,4.6,32.9
MUL1296-Woodfords,12/18/24,3.2,43,58,66,1.9,40
BKY4201-Summit,12/18/24,0.4,,,100,12.8,34.1
TPZ1261–Park Ranch,12/18/24,1.5,41.3,57.9,87,5.3,39.9
TPZ1261-Walker,12/18/24,3.4,42.7,55.4,71,10.1,42
Meyers3400-Uplands,12/18/24,2,35.4,40.8,97,10.8,35
111Line-Columbine Trail,12/18/24,0,30.3,41.3,97,5.2,32.7
POR31-Iron Horse,12/18/24,0.5,31.3,49.4,98,31.2,33.4
619Line-Sierra Valley West,12/18/24,1.5,28.8,42.7,98,,58.9
SQV8200-Squaw Valley,12/18/24,0.3,27.9,44.4,98,11.3,32.3
CEM41-Garbage Pit Rd,12/18/24,2.6,33.4,48.1,95,4.8,40.1
CAL204-Dog Valley,12/18/24,1.9,37,54,84,8,37.6
TRK7203-Northstar Golf Course,12/18/24,0.4,23.8,40.5,97,29.3,34.3
Hobart Sub,12/18/24,0.2,27.2,47.7,99,14.2,34.4
SRB51-Smithneck Rd,12/18/24,5,36.6,47.7,94,32.4,40.8
TRK7202-Cabin Tree,12/18/24,0.6,32.6,48.5,96,14.9,33.3
Muller1296-Emigrant Trail,12/18/24,4.6,40.8,52.6,84,16.5,36.4
STL3101 Ledge Ct.,12/18/24,0.4,33.3,37.3,95,4.6,35.1
TAH7300-Homewood,12/18/24,0.1,31.3,38.8,97,5.8,34.2
7400-Glenshire,12/18/24,0.4,26,44.2,96,3.2,35.1
MEY3300-Grass Lake Road,12/18/24,0.4,28.6,45.8,97,10.1,32.5
WSH201-Floriston,12/18/24,2.6,32,45.4,91,12.8,34.7
Washoe204-Fariad,12/18/24,9.4,35,48.1,89,27.7,35.8
MEY3400-Camp Richardson,12/18/24,0.9,30.3,39.4,98,8.1,36
MEY3500-STPD Office,12/18/24,0.2,27.3,41,96,8.9,36
621Line-I-80 Gravel Pit,12/18/24,1,26.5,42.6,97,5.3,34.4
7201-Alpine Meadows,12/18/24,0.3,29.7,47.2,98,18.5,33.4
MUL1296-Markleeville,12/18/24,0.6,32.4,57,94,7.5,35.5
TPZ1261-Eastside Lane,12/18/24,7,45.5,56.2,65,6.3,44.1
MEY3300-Tolteca,12/18/24,0.5,33.2,45.4,89,,
TAH-5201 Lake Forest,12/18/24,0.5,31.2,40,96,15.4,33.2
Tahoe-7300 Sugar Pine Point,12/18/24,0.3,30.8,38.6,95,14.9,33.4
SOK-257 Reno Park,12/18/24,4.3,40,53.2,80,8,35.8
SMP8700-Firecamp,12/18/24,0.2,28.2,45.4,96,,
TAH5201-Fairway,12/18/24,0.4,31.3,38.7,97,,
TPZ1261 Cunningham,12/18/24,2.7,37.7,57.2,87,,
MUL1296-Sorensens,12/18/24,2.2,24.5,44.4,91,,
POR32 4th Avenue,12/18/24,1,31.1,45.9,99,25.3,36.3
GLS7600-Walden,12/17/24,0.1,37,44.9,88,23.8,32.2
TAH7300-DL Bliss,12/17/24,0.8,37.9,44.9,86,4.6,32.8
MUL1296-Woodfords,12/17/24,2,42,51.4,67,1.9,39
BKY4201-Summit,12/17/24,0.3,,,100,12.7,34
TPZ1261–Park Ranch,12/17/24,4.1,45,57.8,79,5.2,39.3
TPZ1261-Walker,12/17/24,3.8,43,53.5,66,10.2,41.1
Meyers3400-Uplands,12/17/24,2.2,38.3,45.4,88,10.6,34.8
111Line-Columbine Trail,12/17/24,0.2,33.5,45.4,96,5,32.6
POR31-Iron Horse,12/17/24,0.6,33.9,50.5,99,32.4,33.4
619Line-Sierra Valley West,12/17/24,1.9,34,46.9,97,,58.9
SQV8200-Squaw Valley,12/17/24,0.7,31.1,44.1,98,11.3,32.2
CEM41-Garbage Pit Rd,12/17/24,3,37.4,50.2,92,4.8,39.6
CAL204-Dog Valley,12/17/24,2.4,40,53.8,85,8,37.7
TRK7203-Northstar Golf Course,12/17/24,1.2,30,45.1,98,31.8,34.2
Hobart Sub,12/17/24,0.1,32.3,48.7,100,13.5,34.3
SRB51-Smithneck Rd,12/17/24,4.3,38.3,50.3,91,32.6,39.8
TRK7202-Cabin Tree,12/17/24,0.6,33.4,47.9,97,15.1,33.1
Muller1296-Emigrant Trail,12/17/24,5.8,42.2,53.4,74,20.6,37.4
STL3101 Ledge Ct.,12/17/24,0.9,37,43.5,82,5.1,34.9
TAH7300-Homewood,12/17/24,0.2,33.8,44.6,97,5.8,34
7400-Glenshire,12/17/24,0.7,31,46.6,97,3.1,34.8
MEY3300-Grass Lake Road,12/17/24,0.8,32.6,47.2,96,10.3,32.4
WSH201-Floriston,12/17/24,1.4,35.2,46.3,93,13.5,35.3
Washoe204-Fariad,12/17/24,6.5,38.6,50.6,89,29.5,35.6
MEY3400-Camp Richardson,12/17/24,1.5,35.1,47.5,97,8,35.9
MEY3500-STPD Office,12/17/24,0.4,32.8,48.3,96,8.9,36.1
621Line-I-80 Gravel Pit,12/17/24,1.1,31.7,49.3,96,5.6,34.4
7201-Alpine Meadows,12/17/24,0.3,32.7,45.8,99,18.2,33.4
MUL1296-Markleeville,12/17/24,0.5,35.6,52.5,91,8.3,35.6
TPZ1261-Eastside Lane,12/17/24,8.1,44.4,53.8,61,6.4,42.1
MEY3300-Tolteca,12/17/24,1.2,36.7,46,82,,
TAH-5201 Lake Forest,12/17/24,0.5,32.9,43.9,97,15.2,33.1
Tahoe-7300 Sugar Pine Point,12/17/24,0.5,34.3,44.7,95,15.3,33.4
SOK-257 Reno Park,12/17/24,2.8,39.1,49.5,89,8.2,35.5
SMP8700-Firecamp,12/17/24,0.3,31.8,48.4,97,,
TAH5201-Fairway,12/17/24,0.5,32.9,42.9,96,,
TPZ1261 Cunningham,12/17/24,3.5,41.7,54.5,75,,
MUL1296-Sorensens,12/17/24,1.6,29.3,44.8,90,,
POR32 4th Avenue,12/17/24,1,34,50.8,99,26,36.1
GLS7600-Walden,12/16/24,2.9,33.4,38.2,98,19.8,32
TAH7300-DL Bliss,12/16/24,5.3,37.4,44,98,4.5,32.7
MUL1296-Woodfords,12/16/24,11.3,44.2,52,91,2.1,37.9
BKY4201-Summit,12/16/24,3,,33.7,100,12.7,33.9
TPZ1261–Park Ranch,12/16/24,7,43.9,59.7,82,5.1,36.6
TPZ1261-Walker,12/16/24,7.1,43,55.8,82,10.1,39.9
Meyers3400-Uplands,12/16/24,15.1,36.2,43.5,97,9.3,34.8
111Line-Columbine Trail,12/16/24,2.7,35.8,41.8,98,4.9,32.5
POR31-Iron Horse,12/16/24,1.4,33.5,39.3,98,32.6,33.1
619Line-Sierra Valley West,12/16/24,9.2,36.2,44.8,97,,58.9
SQV8200-Squaw Valley,12/16/24,9.3,36.4,42.4,98,9.8,32.2
CEM41-Garbage Pit Rd,12/16/24,11.8,40.1,46.2,92,4.7,38.2
CAL204-Dog Valley,12/16/24,7.2,41.2,48.8,92,7.7,36.5
TRK7203-Northstar Golf Course,12/16/24,6.6,36,43,97,34.8,34.1
Hobart Sub,12/16/24,1.9,31.8,37.6,100,12.6,34.1
SRB51-Smithneck Rd,12/16/24,8.8,39.9,45,91,32.4,38.8
TRK7202-Cabin Tree,12/16/24,5.8,34,40.5,99,14.3,33.2
Muller1296-Emigrant Trail,12/16/24,13.4,44,53.9,89,15,32.9
STL3101 Ledge Ct.,12/16/24,7.2,36.3,41.6,97,7,34
TAH7300-Homewood,12/16/24,4.3,36.3,42.2,99,5.8,33.8
7400-Glenshire,12/16/24,2.1,33.5,40.7,97,2.8,34.6
MEY3300-Grass Lake Road,12/16/24,3.3,36.8,43.4,99,10.5,32.4
WSH201-Floriston,12/16/24,3.3,35.6,44.8,93,12.8,33
Washoe204-Fariad,12/16/24,12.4,41,48,93,29.7,34.9
MEY3400-Camp Richardson,12/16/24,8.2,38.4,46,100,7.8,35.9
MEY3500-STPD Office,12/16/24,2.8,37.5,42.8,98,8.6,36.4
621Line-I-80 Gravel Pit,12/16/24,3.6,31.7,40.8,96,5.5,34.4
7201-Alpine Meadows,12/16/24,5.8,35.4,41.5,100,18,33.3
MUL1296-Markleeville,12/16/24,6.4,41.8,50.4,94,9.6,35
TPZ1261-Eastside Lane,12/16/24,10.5,44.8,54.7,74,6.1,39
MEY3300-Tolteca,12/16/24,6.2,37.2,43.6,92,,
TAH-5201 Lake Forest,12/16/24,1.7,33.5,39.2,98,15.1,32.9
Tahoe-7300 Sugar Pine Point,12/16/24,1.6,34.1,39.1,98,14.4,33.4
SOK-257 Reno Park,12/16/24,14.6,39.4,46.8,97,8.2,34.6
SMP8700-Firecamp,12/16/24,1.6,30.6,37.6,98,,
TAH5201-Fairway,12/16/24,3.6,33.7,39.5,98,,
TPZ1261 Cunningham,12/16/24,8,41.4,56.9,83,,
MUL1296-Sorensens,12/16/24,3.9,34.9,42.9,94,,
POR32 4th Avenue,12/16/24,1.5,33.6,40.4,97,21.8,35.9
GLS7600-Walden,12/15/24,0.9,25.1,31,97,18.8,31.9
TAH7300-DL Bliss,12/15/24,1.3,26.5,40.2,97,4.6,32.7
MUL1296-Woodfords,12/15/24,2.9,29.8,38.3,81,1.7,38.7
BKY4201-Summit,12/15/24,1.2,,29.5,100,12.6,33.8
TPZ1261–Park Ranch,12/15/24,3.8,32.4,44.1,79,5.1,36.5
TPZ1261-Walker,12/15/24,3.4,29.1,38.6,71,10.2,40
Meyers3400-Uplands,12/15/24,4.5,29.5,39.5,90,8.6,35
111Line-Columbine Trail,12/15/24,0.4,24.4,39,92,4.7,32.4
POR31-Iron Horse,12/15/24,0.3,27.3,38.7,98,31.1,33
619Line-Sierra Valley West,12/15/24,1.7,23.9,30.9,97,,58.9
SQV8200-Squaw Valley,12/15/24,2.2,22.3,39.9,98,8,32.1
CEM41-Garbage Pit Rd,12/15/24,3.2,27.5,34.9,92,4.7,38.1
CAL204-Dog Valley,12/15/24,1.7,29.6,43.2,88,7.3,37.3
TRK7203-Northstar Golf Course,12/15/24,0.6,18.9,31,97,32.4,34.1
Hobart Sub,12/15/24,0.1,22.5,33.3,99,12.2,33.9
SRB51-Smithneck Rd,12/15/24,3.9,27.7,40.1,93,31.6,39
TRK7202-Cabin Tree,12/15/24,0.8,23.3,31.4,99,13.5,33.3
Muller1296-Emigrant Trail,12/15/24,5.1,30.8,39.7,75,8,31.6
STL3101 Ledge Ct.,12/15/24,2.1,27.4,40,94,3.3,34.1
TAH7300-Homewood,12/15/24,0.6,25.2,31.3,98,5.8,33.5
7400-Glenshire,12/15/24,0.3,21.2,32.9,96,2.6,34.4
MEY3300-Grass Lake Road,12/15/24,0.5,21.6,35.7,100,9.2,32.4
WSH201-Floriston,12/15/24,3.1,26.3,34.5,90,11.1,33.4
Washoe204-Fariad,12/15/24,4.9,29.1,40.8,88,26.7,35.3
MEY3400-Camp Richardson,12/15/24,1.1,24.3,31.3,100,7.7,35.7
MEY3500-STPD Office,12/15/24,0.4,24,39.4,94,8.4,36.8
621Line-I-80 Gravel Pit,12/15/24,0.5,20.6,31.9,96,4.9,34.5
7201-Alpine Meadows,12/15/24,1.3,24.1,32.2,100,17.9,33.3
MUL1296-Markleeville,12/15/24,0.2,24.7,42.6,91,6.3,35.5
TPZ1261-Eastside Lane,12/15/24,6.3,31,39.3,62,5.9,36.8
MEY3300-Tolteca,12/15/24,1.4,26.4,40.7,94,,
TAH-5201 Lake Forest,12/15/24,0.6,24.3,31.9,96,14.9,32.8
Tahoe-7300 Sugar Pine Point,12/15/24,0.3,24.9,31,98,12.8,33.4
SOK-257 Reno Park,12/15/24,3.3,29.2,34.8,90,8.1,35
SMP8700-Firecamp,12/15/24,0.1,22.3,31.9,96,,
TAH5201-Fairway,12/15/24,0.7,24.7,31.6,98,,
TPZ1261 Cunningham,12/15/24,2.9,29.3,41.4,79,,
MUL1296-Sorensens,12/15/24,1.7,16.7,29.8,94,,
POR32 4th Avenue,12/15/24,1.2,28.1,36.6,96,21,36.2
GLS7600-Walden,12/14/24,3.8,27.5,31,96,17.7,31.8
TAH7300-DL Bliss,12/14/24,6.3,26.9,31.6,97,4.6,32.8
MUL1296-Woodfords,12/14/24,11.6,33.6,40.7,96,1.6,40.1
BKY4201-Summit,12/14/24,3.8,26,29,100,12.6,33.7
TPZ1261–Park Ranch,12/14/24,9.3,39.9,50.4,94,4.9,40.2
TPZ1261-Walker,12/14/24,17.3,36.4,52.1,97,8.8,41.9
Meyers3400-Uplands,12/14/24,19.1,27.2,31.2,97,8.6,35
111Line-Columbine Trail,12/14/24,2.4,29.1,39.1,98,4.2,32.3
POR31-Iron Horse,12/14/24,0.7,31.5,33.8,98,31.7,32.8
619Line-Sierra Valley West,12/14/24,5.9,33.2,37.4,97,,58.9
SQV8200-Squaw Valley,12/14/24,5.5,28.7,31.4,98,6.9,32
CEM41-Garbage Pit Rd,12/14/24,11.4,34.6,39,94,4.7,39.4
CAL204-Dog Valley,12/14/24,6.7,35.8,40.8,95,7.3,38.3
TRK7203-Northstar Golf Course,12/14/24,8.8,29.8,33.2,99,31.5,33.9
Hobart Sub,12/14/24,1.4,29.9,32.3,100,11.9,33.6
SRB51-Smithneck Rd,12/14/24,8.5,33.3,37.6,95,30.8,39.9
TRK7202-Cabin Tree,12/14/24,6.5,28.5,31.3,98,13.8,33.2
Muller1296-Emigrant Trail,12/14/24,16.3,35.2,42.7,95,11,34.6
STL3101 Ledge Ct.,12/14/24,7,26.6,31.3,97,3.3,34.7
TAH7300-Homewood,12/14/24,3.7,28.9,32,98,5.8,33.1
7400-Glenshire,12/14/24,2.6,30.5,35.4,97,2.6,34
MEY3300-Grass Lake Road,12/14/24,2,27.6,31.7,100,8.8,32.4
WSH201-Floriston,12/14/24,5.8,33.2,39,94,9.6,34.3
Washoe204-Fariad,12/14/24,12.3,34.6,40,96,23.4,35.8
MEY3400-Camp Richardson,12/14/24,7.3,28.8,32,100,7.6,35.5
MEY3500-STPD Office,12/14/24,2.9,29.2,33.5,98,8.4,37.4
621Line-I-80 Gravel Pit,12/14/24,3.9,30.6,34.5,97,4.6,34.7
7201-Alpine Meadows,12/14/24,4.2,29.1,32.1,100,17.6,33.2
MUL1296-Markleeville,12/14/24,5.6,32.5,38.3,97,5.6,37
TPZ1261-Eastside Lane,12/14/24,15.2,35.8,48.3,96,5.6,40.4
MEY3300-Tolteca,12/14/24,2.1,27.8,32,93,,
TAH-5201 Lake Forest,12/14/24,2.6,29,31.9,98,14.7,32.6
Tahoe-7300 Sugar Pine Point,12/14/24,1.6,28.3,31.7,98,12.4,33.3
SOK-257 Reno Park,12/14/24,13.2,34,39.4,95,8,36.2
SMP8700-Firecamp,12/14/24,1.9,29.6,34.3,97,,
TAH5201-Fairway,12/14/24,4.3,29,31.6,97,,
TPZ1261 Cunningham,12/14/24,14.5,37.6,49.4,94,,
MUL1296-Sorensens,12/14/24,3,25.8,30.4,94,,
POR32 4th Avenue,12/14/24,1,32.3,35.7,97,19.4,37.1
GLS7600-Walden,12/13/24,3.2,29.2,34.8,93,16.3,31.7
TAH7300-DL Bliss,12/13/24,3.2,30.7,35.8,94,4.6,32.7
MUL1296-Woodfords,12/13/24,12.5,39.4,46.6,76,1.4,41.1
BKY4201-Summit,12/13/24,4.5,,30.8,99,12.6,33.6
TPZ1261–Park Ranch,12/13/24,6.2,44.4,54.9,75,4.8,41.1
TPZ1261-Walker,12/13/24,4.6,41.3,53.8,68,8.2,42.6
Meyers3400-Uplands,12/13/24,13.7,29.2,33.6,93,8.7,35
111Line-Columbine Trail,12/13/24,2.8,31.1,35.8,95,3.8,32.2
POR31-Iron Horse,12/13/24,1.7,32.6,39,98,24.1,32.8
619Line-Sierra Valley West,12/13/24,8.2,35.6,41.7,95,,58.9
SQV8200-Squaw Valley,12/13/24,9.9,31.2,35.6,88,6.4,31.9
CEM41-Garbage Pit Rd,12/13/24,10.3,37.6,44.9,83,4.7,40.4
CAL204-Dog Valley,12/13/24,7.7,39.7,44.9,73,7.3,38.3
TRK7203-Northstar Golf Course,12/13/24,7.4,32.8,38.3,94,23.7,34
Hobart Sub,12/13/24,2.3,30.7,37.2,98,11.8,33.4
SRB51-Smithneck Rd,12/13/24,10,36.8,44.4,77,27.2,41.3
TRK7202-Cabin Tree,12/13/24,3.9,29.5,34,95,14.1,33.1
Muller1296-Emigrant Trail,12/13/24,15.5,40.4,46.4,78,3.9,37.4
STL3101 Ledge Ct.,12/13/24,7.6,30.5,35.8,91,3.3,35.2
TAH7300-Homewood,12/13/24,3,31.5,36.2,93,5.8,32.7
7400-Glenshire,12/13/24,2.6,31.3,38.7,95,2.7,33.4
MEY3300-Grass Lake Road,12/13/24,2.8,31.8,37.2,93,8.8,32.4
WSH201-Floriston,12/13/24,6.5,36.1,44.2,91,8,36.1
Washoe204-Fariad,12/13/24,15.4,38.4,43.8,90,20.2,35.2
MEY3400-Camp Richardson,12/13/24,6.2,32.5,37.3,95,7.6,35.2
MEY3500-STPD Office,12/13/24,2.5,32.3,38,94,8.4,38.4
621Line-I-80 Gravel Pit,12/13/24,4.9,31.1,38.3,95,3.9,35.1
7201-Alpine Meadows,12/13/24,4.9,30,33.1,96,17.2,33.2
MUL1296-Markleeville,12/13/24,6.6,37.2,42.5,81,3.9,37.6
TPZ1261-Eastside Lane,12/13/24,10.5,42.5,52.1,65,5.4,43.8
MEY3300-Tolteca,12/13/24,6.4,30.2,35.3,90,,
TAH-5201 Lake Forest,12/13/24,1.9,30.4,35.5,95,14.5,32.5
Tahoe-7300 Sugar Pine Point,12/13/24,1.3,30.3,35.2,96,12.3,33.2
SOK-257 Reno Park,12/13/24,11.6,36.8,42.9,80,6.5,64.4
SMP8700-Firecamp,12/13/24,1.9,29.9,38.2,95,,
TAH5201-Fairway,12/13/24,3.2,30.3,34.9,92,,
TPZ1261 Cunningham,12/13/24,6.8,41.9,53.1,70,,
MUL1296-Sorensens,12/13/24,2.6,29.9,36.6,90,,
POR32 4th Avenue,12/13/24,2.7,32.7,40.8,96,19.1,38
GLS7600-Walden,12/12/24,2.3,29.4,37.9,94,14.8,31.4
TAH7300-DL Bliss,12/12/24,4.7,29.8,42.4,96,4.6,32.5
MUL1296-Woodfords,12/12/24,9.6,38.3,49.8,84,1.4,41
BKY4201-Summit,12/12/24,4.1,,34.9,98,12.6,33.5
TPZ1261–Park Ranch,12/12/24,9.1,44.3,58,69,4.8,41.6
TPZ1261-Walker,12/12/24,10.3,40.4,51,67,8.2,42.9
Meyers3400-Uplands,12/12/24,13.6,29.2,42.2,95,8.8,35.1
111Line-Columbine Trail,12/12/24,2.9,31.2,41.1,95,3.4,32
POR31-Iron Horse,12/12/24,1.4,32.9,41.9,97,22.6,32.6
619Line-Sierra Valley West,12/12/24,6,35.1,43.7,95,,58.9
SQV8200-Squaw Valley,12/12/24,6.1,30.4,39.1,95,5.9,31.8
CEM41-Garbage Pit Rd,12/12/24,7.3,37,43.8,84,4.7,40.9
CAL204-Dog Valley,12/12/24,5.5,38.9,46,85,7.2,37
TRK7203-Northstar Golf Course,12/12/24,5.7,32.9,42.3,95,23.2,33.2
Hobart Sub,12/12/24,2,30.9,37.8,99,11.8,33.2
SRB51-Smithneck Rd,12/12/24,7.1,36.4,43.2,87,27.2,41
TRK7202-Cabin Tree,12/12/24,4.2,29.6,37.3,97,14.4,33
Muller1296-Emigrant Trail,12/12/24,15.5,40.2,50.6,75,4.3,38.6
STL3101 Ledge Ct.,12/12/24,4.5,29.4,40.3,94,3.3,36.5
TAH7300-Homewood,12/12/24,2.7,31.3,39.5,95,5.5,32.2
7400-Glenshire,12/12/24,2.9,32.3,40.8,96,2.6,32.6
MEY3300-Grass Lake Road,12/12/24,3.3,31.6,43.6,97,8.8,32.4
WSH201-Floriston,12/12/24,5.7,36.1,45.4,91,8.1,36.9
Washoe204-Fariad,12/12/24,9.5,37.3,45.8,93,19.9,34.3
MEY3400-Camp Richardson,12/12/24,5.6,32.1,43.5,98,7.6,34.7
MEY3500-STPD Office,12/12/24,2.4,32.4,43.1,95,8.4,38.8
621Line-I-80 Gravel Pit,12/12/24,3.1,30.9,40.8,94,3.6,34.8
7201-Alpine Meadows,12/12/24,3.3,30.2,38.8,97,17.5,33.1
MUL1296-Markleeville,12/12/24,4.4,36.4,46.6,91,3.9,37.6
TPZ1261-Eastside Lane,12/12/24,12.1,41.2,52.5,64,5.4,45.2
MEY3300-Tolteca,12/12/24,4.9,30.2,41.9,90,,
TAH-5201 Lake Forest,12/12/24,2.4,30.8,39.8,96,14.3,32.4
Tahoe-7300 Sugar Pine Point,12/12/24,1.1,30.7,39.9,95,12.3,33.2
SOK-257 Reno Park,12/12/24,9.5,36.5,42.5,85,,97.7
SMP8700-Firecamp,12/12/24,1.7,30.6,37.7,95,,
TAH5201-Fairway,12/12/24,3.1,30.6,39.7,95,,
TPZ1261 Cunningham,12/12/24,8.8,40.9,52.8,68,,
MUL1296-Sorensens,12/12/24,2.6,30.3,40.4,90,,
POR32 4th Avenue,12/12/24,2.1,33.5,42.1,96,19.1,38.5
GLS7600-Walden,12/11/24,1.8,41,48.8,30,14.9,31
TAH7300-DL Bliss,12/11/24,2.1,40.4,48.5,77,4.2,32.2
MUL1296-Woodfords,12/11/24,4.2,42.8,58.6,52,1.4,39.4
BKY4201-Summit,12/11/24,2.9,,,100,12.9,33.6
TPZ1261–Park Ranch,12/11/24,2.5,37.7,61.4,79,4.7,37.2
TPZ1261-Walker,12/11/24,5,39.7,54.8,62,8.2,41.5
Meyers3400-Uplands,12/11/24,8.6,42.9,49.7,43,9,35.1
111Line-Columbine Trail,12/11/24,1.2,35.7,51.2,78,3.7,31.8
POR31-Iron Horse,12/11/24,0.6,32.1,53,84,22,32.5
619Line-Sierra Valley West,12/11/24,1.9,32.4,52.1,89,,58.9
SQV8200-Squaw Valley,12/11/24,2.3,34.8,49.4,81,5.5,31.5
CEM41-Garbage Pit Rd,12/11/24,3.8,35.2,54,80,4.6,39.4
CAL204-Dog Valley,12/11/24,2.2,36.2,49.6,68,7.1,35.4
TRK7203-Northstar Golf Course,12/11/24,3.3,32.3,52.6,88,22.9,32.6
Hobart Sub,12/11/24,0.8,29.7,53.3,90,12,33
SRB51-Smithneck Rd,12/11/24,4,35.8,55.5,74,27.2,40.4
TRK7202-Cabin Tree,12/11/24,2.3,36.5,49.6,54,14.7,32.8
Muller1296-Emigrant Trail,12/11/24,6.2,37.4,57.9,70,3.4,29
STL3101 Ledge Ct.,12/11/24,1.7,39.7,51.8,73,3.4,36.9
TAH7300-Homewood,12/11/24,1.3,38.5,50.4,86,5.3,31.9
7400-Glenshire,12/11/24,1.3,30.1,52.6,87,2.3,31.5
MEY3300-Grass Lake Road,12/11/24,0.7,32.8,52.9,73,8.9,32.4
WSH201-Floriston,12/11/24,7.1,37.9,55.4,72,7.9,34.2
Washoe204-Fariad,12/11/24,7.4,40.4,56.6,62,19.9,33.9
MEY3400-Camp Richardson,12/11/24,2.8,38.1,52,93,7.6,34.3
MEY3500-STPD Office,12/11/24,0.7,32.1,53.1,84,8.4,38.6
621Line-I-80 Gravel Pit,12/11/24,1.7,28.7,53.8,89,3.5,34.2
7201-Alpine Meadows,12/11/24,2.6,36.8,48.8,72,18.6,33.1
MUL1296-Markleeville,12/11/24,2.1,38.1,57.8,79,3.9,35.8
TPZ1261-Eastside Lane,12/11/24,5.7,42.4,58.4,57,5.4,41.5
MEY3300-Tolteca,12/11/24,2.9,39.9,50.6,46,,
TAH-5201 Lake Forest,12/11/24,1.6,37.4,50.6,71,14.8,32.3
Tahoe-7300 Sugar Pine Point,12/11/24,0.8,37.5,52,90,12.5,33.1
SOK-257 Reno Park,12/11/24,6,38.6,56.4,66,7.5,34.4
SMP8700-Firecamp,12/11/24,0.8,29,53.7,91,,
TAH5201-Fairway,12/11/24,2.1,37.6,50.1,78,,
TPZ1261 Cunningham,12/11/24,3.8,36.3,58.1,81,,
MUL1296-Sorensens,12/11/24,1.6,28.3,51.1,71,,
POR32 4th Avenue,12/11/24,1.1,31.2,55.2,86,19.2,37.4
GLS7600-Walden,12/10/24,0.1,34.2,49.9,50,19.1,31.5
TAH7300-DL Bliss,12/10/24,0.6,35.3,42.6,53,4.5,32.6
MUL1296-Woodfords,12/10/24,1.1,27.6,38,52,1.4,39.5
BKY4201-Summit,12/10/24,1.3,,,100,13.3,34
TPZ1261–Park Ranch,12/10/24,1.9,28,44.1,84,4.7,37.5
TPZ1261-Walker,12/10/24,3.4,27.7,40.9,71,8.3,41.9
Meyers3400-Uplands,12/10/24,2.3,36.5,46.4,49,9.5,35.2
111Line-Columbine Trail,12/10/24,0.1,29.4,46.3,64,4.9,32.1
POR31-Iron Horse,12/10/24,1.2,25.8,43.9,80,24,32.9
619Line-Sierra Valley West,12/10/24,1.9,26.4,42.4,86,,58.9
SQV8200-Squaw Valley,12/10/24,0.3,25.5,47.8,90,5.6,31.4
CEM41-Garbage Pit Rd,12/10/24,2.8,27,41,68,4.6,39.6
CAL204-Dog Valley,12/10/24,1.5,26.2,42.1,79,7.1,35.9
TRK7203-Northstar Golf Course,12/10/24,0.5,21.3,46.9,88,24,33
Hobart Sub,12/10/24,0.1,22.2,47.7,90,12.6,33.3
SRB51-Smithneck Rd,12/10/24,3.6,26.9,40.5,63,27.3,41.2
TRK7202-Cabin Tree,12/10/24,0.3,27.8,46.8,67,15.5,33.1
Muller1296-Emigrant Trail,12/10/24,4,25.1,39.3,72,2.7,27
STL3101 Ledge Ct.,12/10/24,0.3,33.4,41.7,68,3.4,36.3
TAH7300-Homewood,12/10/24,0.1,30.7,41.4,79,5.4,32.3
7400-Glenshire,12/10/24,0.6,21.6,44.6,87,2.4,31.8
MEY3300-Grass Lake Road,12/10/24,0.1,27.6,49.3,76,9.1,32.5
WSH201-Floriston,12/10/24,1.3,24.4,41,81,7.6,32.2
Washoe204-Fariad,12/10/24,1.9,25.4,39.9,83,20.7,34.1
MEY3400-Camp Richardson,12/10/24,1.1,28.8,43,82,7.7,34.6
MEY3500-STPD Office,12/10/24,0.2,25.2,46.2,84,8.4,38.4
621Line-I-80 Gravel Pit,12/10/24,1.3,21.6,44.3,86,3.4,34.1
7201-Alpine Meadows,12/10/24,0.3,28.6,49.2,83,18.8,33.3
MUL1296-Markleeville,12/10/24,0.2,23,43.8,87,3.9,35.2
TPZ1261-Eastside Lane,12/10/24,3.7,30.8,41.2,58,5.4,40.4
MEY3300-Tolteca,12/10/24,0.5,32.8,48.7,51,,
TAH-5201 Lake Forest,12/10/24,0.7,30.2,43.3,71,16.3,32.7
Tahoe-7300 Sugar Pine Point,12/10/24,0.4,30.3,41,66,12.8,33.2
SOK-257 Reno Park,12/10/24,4.9,28.7,41,64,7.5,34.2
SMP8700-Firecamp,12/10/24,0.2,22.4,48.2,87,,
TAH5201-Fairway,12/10/24,0.5,29.4,41.2,77,,
TPZ1261 Cunningham,12/10/24,1.9,24.4,42.1,83,,
MUL1296-Sorensens,12/10/24,2.2,19.5,40.2,76,,
POR32 4th Avenue,12/10/24,1.9,29.2,44.6,74,19.4,37.4
GLS7600-Walden,12/9/24,0.2,26.6,35.1,64,23.5,32.7
TAH7300-DL Bliss,12/9/24,2,31.9,37.8,69,4.6,33.5
MUL1296-Woodfords,12/9/24,1.1,30,40.6,63,1.4,41.5
BKY4201-Summit,12/9/24,2.5,27.2,34.1,64,13.5,34.7
TPZ1261–Park Ranch,12/9/24,4.7,32.9,42.8,87,4.7,40.3
TPZ1261-Walker,12/9/24,3.9,29.4,40.1,81,8.3,43.5
Meyers3400-Uplands,12/9/24,6,31.2,36.5,62,10.2,36
111Line-Columbine Trail,12/9/24,0.8,28.8,39.4,68,5.4,32.9
POR31-Iron Horse,12/9/24,2.5,28.8,40.9,82,26.6,33.3
619Line-Sierra Valley West,12/9/24,5.5,28.2,41,88,,58.9
SQV8200-Squaw Valley,12/9/24,1.4,23.6,37.9,89,8.7,32.3
CEM41-Garbage Pit Rd,12/9/24,6.8,28.7,41.6,73,4.6,41.1
CAL204-Dog Valley,12/9/24,2.9,29.1,41.9,70,7.1,37.5
TRK7203-Northstar Golf Course,12/9/24,1.6,20.9,40,92,24.6,34.5
Hobart Sub,12/9/24,0.5,21.4,40.2,92,13,34.2
SRB51-Smithneck Rd,12/9/24,4.5,28,43.9,64,27.5,42.6
TRK7202-Cabin Tree,12/9/24,1.3,26,37.2,68,16.9,33.6
Muller1296-Emigrant Trail,12/9/24,5.5,29,41.3,76,3.2,31.2
STL3101 Ledge Ct.,12/9/24,0.9,30.1,36.6,51,3.5,37.8
TAH7300-Homewood,12/9/24,0.6,30.2,38,74,5.5,33.2
7400-Glenshire,12/9/24,1.1,21.2,39.9,90,2.6,33.6
MEY3300-Grass Lake Road,12/9/24,2.4,27.9,39.2,73,9.3,33.4
WSH201-Floriston,12/9/24,2,25.5,39.1,85,8,34.4
Washoe204-Fariad,12/9/24,5.7,27.7,39.7,86,21.3,35
MEY3400-Camp Richardson,12/9/24,2.1,28.3,38.8,81,7.7,35.6
MEY3500-STPD Office,12/9/24,0.6,24.5,41,88,8.4,40
621Line-I-80 Gravel Pit,12/9/24,1.2,21.4,41.2,89,3.7,36
7201-Alpine Meadows,12/9/24,1.1,26.3,38.5,89,18.8,33.6
MUL1296-Markleeville,12/9/24,0.1,24.1,40.6,90,4,37.2
TPZ1261-Eastside Lane,12/9/24,6.7,31.6,39,83,5.5,43.5
MEY3300-Tolteca,12/9/24,1.2,30.7,37.5,56,,
TAH-5201 Lake Forest,12/9/24,0.9,29.2,37.6,62,16.9,33.3
Tahoe-7300 Sugar Pine Point,12/9/24,0.7,30.4,37.3,68,13.2,34.2
SOK-257 Reno Park,12/9/24,5.8,29.6,39.8,65,7.5,36.1
SMP8700-Firecamp,12/9/24,0.7,22.1,39,90,,
TAH5201-Fairway,12/9/24,1.4,29.5,37.2,69,,
TPZ1261 Cunningham,12/9/24,2.8,28.4,41,82,,
MUL1296-Sorensens,12/9/24,1.1,17.1,33.4,84,,
POR32 4th Avenue,12/9/24,3,29,42.1,86,19.6,38.5
GLS7600-Walden,12/8/24,0.1,37.5,46.2,78,24.4,33
TAH7300-DL Bliss,12/8/24,0.6,39.7,44.9,76,4.6,33.6
MUL1296-Woodfords,12/8/24,1.3,41.3,51.3,58,1.4,42.9
BKY4201-Summit,12/8/24,1.6,,,100,13.6,35
TPZ1261–Park Ranch,12/8/24,2.7,39.9,54.1,83,4.7,41.5
TPZ1261-Walker,12/8/24,3.6,40.5,50.4,71,8.4,44.3
Meyers3400-Uplands,12/8/24,2.5,40.6,48.3,68,10.8,36.5
111Line-Columbine Trail,12/8/24,0.2,33.8,48.8,77,5.5,33.4
POR31-Iron Horse,12/8/24,0.8,32.3,52.1,96,27.9,33.9
619Line-Sierra Valley West,12/8/24,1.3,31.5,50.4,94,,58.9
SQV8200-Squaw Valley,12/8/24,0.8,30.2,47.6,94,11.3,32.3
CEM41-Garbage Pit Rd,12/8/24,2.8,35.1,50,89,4.7,42.8
CAL204-Dog Valley,12/8/24,1.7,37.1,51.4,88,7.1,38.9
TRK7203-Northstar Golf Course,12/8/24,0.9,29.2,50.9,94,24.8,35.9
Hobart Sub,12/8/24,0.4,30.4,51.6,96,13.2,34.9
SRB51-Smithneck Rd,12/8/24,5.7,36.9,49,87,27.6,43.2
TRK7202-Cabin Tree,12/8/24,0.9,33.4,47.7,90,18,33.7
Muller1296-Emigrant Trail,12/8/24,5,39.6,52.5,67,4.5,36.1
STL3101 Ledge Ct.,12/8/24,0.3,38.6,46.2,63,3.6,39.7
TAH7300-Homewood,12/8/24,0.2,35.1,45.6,89,5.6,33.6
7400-Glenshire,12/8/24,1.1,29.8,50.8,94,2.7,34.4
MEY3300-Grass Lake Road,12/8/24,0.3,32.9,53.4,90,9.3,34.8
WSH201-Floriston,12/8/24,1.9,34,50.6,87,8.2,38.5
Washoe204-Fariad,12/8/24,3.4,35.5,51,88,21.3,35.5
MEY3400-Camp Richardson,12/8/24,1.4,33.6,48.1,92,7.7,36
MEY3500-STPD Office,12/8/24,0.3,31.5,51.4,94,8.4,41.5
621Line-I-80 Gravel Pit,12/8/24,1.1,30.1,51.5,92,3.8,38
7201-Alpine Meadows,12/8/24,0.5,31.8,49.6,95,19.8,33.7
MUL1296-Markleeville,12/8/24,0.1,32.8,51,90,4,39.4
TPZ1261-Eastside Lane,12/8/24,6.8,42.3,50.4,65,5.6,47.6
MEY3300-Tolteca,12/8/24,0.7,38,50.7,64,,
TAH-5201 Lake Forest,12/8/24,0.5,34.7,47.8,85,17.2,33.6
Tahoe-7300 Sugar Pine Point,12/8/24,0.5,35.5,45.2,74,13.4,36.2
SOK-257 Reno Park,12/8/24,6,37.3,50.4,82,7.6,38.4
SMP8700-Firecamp,12/8/24,0.3,30.4,51.2,94,,
TAH5201-Fairway,12/8/24,0.7,33.6,46,92,,
TPZ1261 Cunningham,12/8/24,2.8,36.8,51.9,84,,
MUL1296-Sorensens,12/8/24,1.5,27.4,43.1,85,,
POR32 4th Avenue,12/8/24,0.9,32.2,53.8,94,19.7,40.7
GLS7600-Walden,12/7/24,0.3,43.5,56.2,64,23.9,33
TAH7300-DL Bliss,12/7/24,0.6,41.6,50.6,71,4.5,33.6
MUL1296-Woodfords,12/7/24,1.8,43.6,55.5,53,1.4,41.9
BKY4201-Summit,12/7/24,0.9,,,100,13.6,35
TPZ1261–Park Ranch,12/7/24,0.1,38.6,57.8,87,4.7,40.7
TPZ1261-Walker,12/7/24,2.3,41.4,56.2,73,8.4,43.5
Meyers3400-Uplands,12/7/24,3,42.7,52.6,77,10.6,36.1
111Line-Columbine Trail,12/7/24,0.1,35.8,51.9,79,5.6,33.5
POR31-Iron Horse,12/7/24,0.8,35.5,55.4,94,27.7,33.8
619Line-Sierra Valley West,12/7/24,1.5,34.2,50.7,92,,58.9
SQV8200-Squaw Valley,12/7/24,1,34,57.1,93,10.3,32.3
CEM41-Garbage Pit Rd,12/7/24,2.5,37.7,51.6,87,4.6,42.1
CAL204-Dog Valley,12/7/24,1.6,40.6,58.5,80,7,37.7
TRK7203-Northstar Golf Course,12/7/24,0.7,32.3,58.4,94,24.8,35.5
Hobart Sub,12/7/24,0.1,33.2,56.6,96,13.3,34.7
SRB51-Smithneck Rd,12/7/24,4,39.2,51.8,82,27.6,42.6
TRK7202-Cabin Tree,12/7/24,0.8,37.6,56.9,84,18.2,33.7
Muller1296-Emigrant Trail,12/7/24,2.8,39,53.5,76,4.3,34
STL3101 Ledge Ct.,12/7/24,0.5,40.7,53.3,58,3.7,38.9
TAH7300-Homewood,12/7/24,0.1,36.7,44.9,90,5.6,33.4
7400-Glenshire,12/7/24,0.9,32.8,58,93,2.7,34.2
MEY3300-Grass Lake Road,12/7/24,0.2,34.6,56,90,9.4,34.4
WSH201-Floriston,12/7/24,2.3,38,58.9,85,8.1,37
Washoe204-Fariad,12/7/24,5.8,40.2,61,84,21.2,34.9
MEY3400-Camp Richardson,12/7/24,1.1,34.9,46.6,91,7.8,35.8
MEY3500-STPD Office,12/7/24,0.2,32.4,50.6,92,8.4,40.9
621Line-I-80 Gravel Pit,12/7/24,1,33.1,59,92,3.8,37.3
7201-Alpine Meadows,12/7/24,0.6,35.6,57,92,19.8,33.8
MUL1296-Markleeville,12/7/24,0.1,36.2,59.1,91,4,38.7
TPZ1261-Eastside Lane,12/7/24,6.1,44.1,55.1,58,5.6,46.1
MEY3300-Tolteca,12/7/24,0.8,39.8,54.5,74,,
TAH-5201 Lake Forest,12/7/24,0.5,36.2,47.2,88,17.5,33.6
Tahoe-7300 Sugar Pine Point,12/7/24,0.5,37.1,50.4,76,13.5,35.6
SOK-257 Reno Park,12/7/24,4.1,41.8,52.9,71,7.5,36.9
SMP8700-Firecamp,12/7/24,0.3,32.6,55.8,93,,
TAH5201-Fairway,12/7/24,0.4,35.8,45.8,90,,
TPZ1261 Cunningham,12/7/24,2.1,36,55.9,85,,
MUL1296-Sorensens,12/7/24,2.3,31.4,57.8,84,,
POR32 4th Avenue,12/7/24,1.2,35.9,53.9,93,19.8,40.5
GLS7600-Walden,12/6/24,0.1,36.7,47.9,67,23.3,33.1
TAH7300-DL Bliss,12/6/24,0.7,40.1,48.2,80,4.5,33.6
MUL1296-Woodfords,12/6/24,1.6,38.5,50.6,62,1.4,41.8
BKY4201-Summit,12/6/24,1,,,100,13.6,35.2
TPZ1261–Park Ranch,12/6/24,1.9,36.9,54.4,88,4.6,40.8
TPZ1261-Walker,12/6/24,3,37.4,51.3,76,8.5,43.6
Meyers3400-Uplands,12/6/24,2.3,40,48.4,88,10.4,36
111Line-Columbine Trail,12/6/24,0.1,33.4,50.4,86,5.6,33.8
POR31-Iron Horse,12/6/24,1.3,32.8,51.1,96,28,33.8
619Line-Sierra Valley West,12/6/24,2.6,33.1,50.8,94,,58.9
SQV8200-Squaw Valley,12/6/24,0.7,29.8,50.4,94,11.4,32.4
CEM41-Garbage Pit Rd,12/6/24,3,33.8,50,91,4.6,42.2
CAL204-Dog Valley,12/6/24,1.6,34.1,50.3,86,7,37.6
TRK7203-Northstar Golf Course,12/6/24,1,28.9,51.4,95,24.9,35.7
Hobart Sub,12/6/24,0.3,29.4,51.9,97,13.4,34.8
SRB51-Smithneck Rd,12/6/24,4,34.6,50.2,90,27.7,42.7
TRK7202-Cabin Tree,12/6/24,0.7,32.7,49.3,90,18.7,33.7
Muller1296-Emigrant Trail,12/6/24,4,36.2,50.2,77,4.2,32.8
STL3101 Ledge Ct.,12/6/24,0.3,37.8,45.5,70,3.7,38.9
TAH7300-Homewood,12/6/24,0.1,34.9,46.8,87,5.6,33.7
7400-Glenshire,12/6/24,1.2,29.2,50.3,93,2.7,34.5
MEY3300-Grass Lake Road,12/6/24,1,32.6,53.3,90,9.4,34.2
WSH201-Floriston,12/6/24,1.3,31.9,49.4,90,8.1,36.1
Washoe204-Fariad,12/6/24,2.5,33.2,48.7,90,21.4,34.8
MEY3400-Camp Richardson,12/6/24,1.2,33.1,49.6,94,7.8,35.9
MEY3500-STPD Office,12/6/24,0.2,30.6,50.8,94,8.5,41
621Line-I-80 Gravel Pit,12/6/24,1.3,29.4,51,92,3.8,37.3
7201-Alpine Meadows,12/6/24,0.3,31.4,52.1,95,19.5,34
MUL1296-Markleeville,12/6/24,0.2,31.3,53.7,92,4.1,38.5
TPZ1261-Eastside Lane,12/6/24,6,40.3,51.4,61,5.6,45.7
MEY3300-Tolteca,12/6/24,0.8,37.4,51,65,,
TAH-5201 Lake Forest,12/6/24,0.8,35,50.4,84,17.8,33.6
Tahoe-7300 Sugar Pine Point,12/6/24,0.4,35,47.7,87,13.6,35.5
SOK-257 Reno Park,12/6/24,4,36,49.6,86,7.5,36.2
SMP8700-Firecamp,12/6/24,0.2,30,52.8,95,,
TAH5201-Fairway,12/6/24,0.4,33.7,50,93,,
TPZ1261 Cunningham,12/6/24,2.1,33.4,51.8,87,,
MUL1296-Sorensens,12/6/24,1.7,25.2,45.6,88,,
POR32 4th Avenue,12/6/24,2.2,35.5,52.8,94,19.9,40.3
GLS7600-Walden,12/5/24,0.2,40.6,51.6,64,22.7,33.1
TAH7300-DL Bliss,12/5/24,0.6,40.3,48.2,89,4.5,33.6
MUL1296-Woodfords,12/5/24,1.7,40,51.5,59,1.4,41.9
BKY4201-Summit,12/5/24,0.6,,,100,13.5,35.3
TPZ1261–Park Ranch,12/5/24,1.7,37.7,56.6,90,4.6,40.9
TPZ1261-Walker,12/5/24,3.2,38.5,52.1,75,8.6,43.5
Meyers3400-Uplands,12/5/24,1.4,40.3,47.4,81,10.5,35.8
111Line-Columbine Trail,12/5/24,0.1,34.4,51,86,5.7,34
POR31-Iron Horse,12/5/24,0.7,34.1,55,96,28.2,33.8
619Line-Sierra Valley West,12/5/24,1.6,33.2,53.4,93,,58.9
SQV8200-Squaw Valley,12/5/24,0.5,31.3,50.1,94,11.8,32.6
CEM41-Garbage Pit Rd,12/5/24,2.4,35,51.6,91,4.6,42.3
CAL204-Dog Valley,12/5/24,1.8,35.8,52.9,82,6.9,37.5
TRK7203-Northstar Golf Course,12/5/24,0.7,30.5,56.9,95,25,36.1
Hobart Sub,12/5/24,0.2,31.8,57.3,98,13.5,35
SRB51-Smithneck Rd,12/5/24,3.2,35.9,50.6,86,27.7,42.6
TRK7202-Cabin Tree,12/5/24,0.6,34.8,52.8,91,18.9,33.8
Muller1296-Emigrant Trail,12/5/24,3.3,36.2,51.1,79,4.4,32.6
STL3101 Ledge Ct.,12/5/24,0.4,38.2,46.7,75,3.8,39
TAH7300-Homewood,12/5/24,0.1,34.7,44.9,96,5.6,34
7400-Glenshire,12/5/24,1,31,55.5,94,2.7,34.7
MEY3300-Grass Lake Road,12/5/24,0.4,33,51.5,92,9.5,34.3
WSH201-Floriston,12/5/24,1.8,34.4,53,86,8.1,36.6
Washoe204-Fariad,12/5/24,4.6,35.9,50.4,85,21.5,34.8
MEY3400-Camp Richardson,12/5/24,1.3,33.4,48.9,96,7.8,35.9
MEY3500-STPD Office,12/5/24,0.3,31.3,49.6,95,8.5,41.3
621Line-I-80 Gravel Pit,12/5/24,1,31.5,57.2,92,3.8,37.5
7201-Alpine Meadows,12/5/24,0.3,33,52.8,95,19.4,34.2
MUL1296-Markleeville,12/5/24,0.1,33,56,92,4.1,38.8
TPZ1261-Eastside Lane,12/5/24,5.4,41.9,52.6,63,5.6,45.8
MEY3300-Tolteca,12/5/24,0.7,37.9,51.4,73,,
TAH-5201 Lake Forest,12/5/24,0.7,34.9,48,93,17.9,33.6
Tahoe-7300 Sugar Pine Point,12/5/24,0.4,34.7,45,87,13.7,35.4
SOK-257 Reno Park,12/5/24,3.3,36.9,52.6,79,7.5,36.1
SMP8700-Firecamp,12/5/24,0.3,31.8,56.6,95,,
TAH5201-Fairway,12/5/24,0.4,34.4,46.2,94,,
TPZ1261 Cunningham,12/5/24,2,34.1,53.8,88,,
MUL1296-Sorensens,12/5/24,1.9,27.4,47.3,89,,
POR32 4th Avenue,12/5/24,1.7,35.4,55.1,91,20,40.1
GLS7600-Walden,12/4/24,0,40.1,51.5,66,21.4,33.2
TAH7300-DL Bliss,12/4/24,0.1,39.9,47.2,86,4.5,33.6
MUL1296-Woodfords,12/4/24,2.3,39.6,51.8,71,1.4,41.5
BKY4201-Summit,12/4/24,0.7,,,100,13.2,35.3
TPZ1261–Park Ranch,12/4/24,1.7,38.3,55,89,4.6,40.8
TPZ1261-Walker,12/4/24,3.4,38.1,52.3,83,8.6,43.3
Meyers3400-Uplands,12/4/24,1.6,40.8,47.5,81,10.2,35.6
111Line-Columbine Trail,12/4/24,0.1,34.2,49.8,88,5.7,34.1
POR31-Iron Horse,12/4/24,1,33.3,54.5,95,28.5,33.8
619Line-Sierra Valley West,12/4/24,1.3,32.3,50.5,94,,58.9
SQV8200-Squaw Valley,12/4/24,0.4,31,51,94,11.8,32.7
CEM41-Garbage Pit Rd,12/4/24,2.7,34.7,50.8,90,4.6,41.9
CAL204-Dog Valley,12/4/24,1.7,35,51.7,83,6.9,37.3
TRK7203-Northstar Golf Course,12/4/24,0.5,30.3,55.1,95,25,36.1
Hobart Sub,12/4/24,0.2,31.5,55.6,96,13.6,35
SRB51-Smithneck Rd,12/4/24,3.2,35,49.7,89,27.7,42.3
TRK7202-Cabin Tree,12/4/24,0.6,34.2,51.9,92,18.5,33.8
Muller1296-Emigrant Trail,12/4/24,4,36,51.3,84,4.6,33
STL3101 Ledge Ct.,12/4/24,0.3,38.5,45.9,79,3.9,38.7
TAH7300-Homewood,12/4/24,0.1,34.8,45.5,95,5.7,34.1
7400-Glenshire,12/4/24,0.7,30.7,53.7,94,2.7,34.8
MEY3300-Grass Lake Road,12/4/24,0.5,33,51,93,9.5,33.8
WSH201-Floriston,12/4/24,1.5,33.5,52,89,8,36
Washoe204-Fariad,12/4/24,2.4,34.6,50.5,90,21.6,34.7
MEY3400-Camp Richardson,12/4/24,1.2,33.6,48.2,96,7.8,35.8
MEY3500-STPD Office,12/4/24,0.3,31.6,50,95,8.5,41.3
621Line-I-80 Gravel Pit,12/4/24,0.8,31.2,54.4,93,3.9,37.5
7201-Alpine Meadows,12/4/24,0.2,32.7,53.1,96,19.2,34.3
MUL1296-Markleeville,12/4/24,0.2,32.9,55.2,92,4.1,38.7
TPZ1261-Eastside Lane,12/4/24,4.9,40.8,52.7,72,5.6,45
MEY3300-Tolteca,12/4/24,0.6,38,52.1,74,,
TAH-5201 Lake Forest,12/4/24,0.7,34.7,48.1,88,18.2,33.6
Tahoe-7300 Sugar Pine Point,12/4/24,0.4,34.7,45.7,86,13.8,35.8
SOK-257 Reno Park,12/4/24,3.3,36.6,51.2,81,7.6,35.6
SMP8700-Firecamp,12/4/24,0.2,31.6,56.9,94,,
TAH5201-Fairway,12/4/24,0.4,33.9,45.2,94,,
TPZ1261 Cunningham,12/4/24,2.2,34.4,55.1,89,,
MUL1296-Sorensens,12/4/24,1.9,27.2,46.8,90,,
POR32 4th Avenue,12/4/24,1.6,39.6,54.7,90,20,40.4
GLS7600-Walden,12/3/24,0.1,37.2,48.8,79,20.5,33.2
TAH7300-DL Bliss,12/3/24,0,40.2,48.4,85,4.5,33.6
MUL1296-Woodfords,12/3/24,1.2,36.7,47.9,76,1.4,41.4
BKY4201-Summit,12/3/24,0.7,,,100,12.8,35.3
TPZ1261–Park Ranch,12/3/24,1.6,36.9,52,90,4.5,40.4
TPZ1261-Walker,12/3/24,3.3,36.3,49.2,85,8.7,43.2
Meyers3400-Uplands,12/3/24,1.3,40.4,45.4,75,10,35.3
111Line-Columbine Trail,12/3/24,0.1,34.4,49.6,91,5.7,34.2
POR31-Iron Horse,12/3/24,1.4,32.4,50.4,96,28.9,33.9
619Line-Sierra Valley West,12/3/24,1.8,32.2,48.6,94,,58.9
SQV8200-Squaw Valley,12/3/24,0.3,30.4,49.2,95,11.7,32.8
CEM41-Garbage Pit Rd,12/3/24,2,33.8,48.1,88,4.6,41.6
CAL204-Dog Valley,12/3/24,1.4,33.7,48.9,84,6.8,37
TRK7203-Northstar Golf Course,12/3/24,0.5,29.9,52.6,96,25.1,36.1
Hobart Sub,12/3/24,0.3,30.8,52.7,99,13.6,34.9
SRB51-Smithneck Rd,12/3/24,3.2,33.8,47.1,85,27.7,42.1
TRK7202-Cabin Tree,12/3/24,0.7,33.6,48.8,91,18,33.8
Muller1296-Emigrant Trail,12/3/24,3.2,34.3,48.9,86,4.8,32.6
STL3101 Ledge Ct.,12/3/24,0.3,38.1,45.2,70,4,38.4
TAH7300-Homewood,12/3/24,0.1,35.1,45.7,92,5.7,34.4
7400-Glenshire,12/3/24,0.8,30.5,51.6,94,2.8,34.9
MEY3300-Grass Lake Road,12/3/24,0.3,33.4,50.8,93,9.5,33.1
WSH201-Floriston,12/3/24,1.2,32.5,48.2,91,8,35.6
Washoe204-Fariad,12/3/24,2.6,33.4,47.1,92,21.9,34.8
MEY3400-Camp Richardson,12/3/24,1.2,33.8,47.3,97,7.8,35.6
MEY3500-STPD Office,12/3/24,0.2,32.1,49.4,96,8.5,41.3
621Line-I-80 Gravel Pit,12/3/24,0.7,30.7,50.5,93,4.1,37.4
7201-Alpine Meadows,12/3/24,0.3,32.1,51.9,97,19,34.5
MUL1296-Markleeville,12/3/24,0.3,31.9,51.7,93,4.2,38.6
TPZ1261-Eastside Lane,12/3/24,4,38.7,49.2,73,5.6,43.9
MEY3300-Tolteca,12/3/24,0.4,38,50.4,76,,
TAH-5201 Lake Forest,12/3/24,0.7,35.2,49.3,84,18.7,33.4
Tahoe-7300 Sugar Pine Point,12/3/24,0.4,35.1,45.2,86,13.8,35.5
SOK-257 Reno Park,12/3/24,3.4,34.8,48.3,77,7.6,35
SMP8700-Firecamp,12/3/24,0.2,31.1,53.7,95,,
TAH5201-Fairway,12/3/24,0.4,33.8,45.3,94,,
TPZ1261 Cunningham,12/3/24,1.7,33.2,50.5,90,,
MUL1296-Sorensens,12/3/24,1.6,26.8,42.7,90,,
GLS7600-Walden,12/2/24,0.1,39.6,50.2,75,19.3,33
TAH7300-DL Bliss,12/2/24,0,40.6,49.5,91,4.4,33.6
MUL1296-Woodfords,12/2/24,1.1,36.2,46.7,82,1.4,41.4
BKY4201-Summit,12/2/24,1,,,100,11,35.2
TPZ1261–Park Ranch,12/2/24,1.3,38,51.9,86,4.4,40
TPZ1261-Walker,12/2/24,3.2,37.1,48.9,79,8.8,42.9
Meyers3400-Uplands,12/2/24,1.1,41,47.1,91,9.8,35.1
111Line-Columbine Trail,12/2/24,0.1,35.2,49.8,96,5.8,34.1
POR31-Iron Horse,12/2/24,1.2,32.9,51,94,29.2,33.9
619Line-Sierra Valley West,12/2/24,2.3,32.6,47.9,92,,58.9
SQV8200-Squaw Valley,12/2/24,0.4,32,51.3,95,11.4,32.8
CEM41-Garbage Pit Rd,12/2/24,2,33.4,49.1,90,4.5,40.7
CAL204-Dog Valley,12/2/24,1.4,33.4,48.7,87,6.8,36.6
TRK7203-Northstar Golf Course,12/2/24,0.6,31.7,54.4,96,25,35.6
Hobart Sub,12/2/24,0.2,32.3,54.6,98,13.6,34.7
SRB51-Smithneck Rd,12/2/24,2.9,33.4,46.5,88,27.8,41.7
TRK7202-Cabin Tree,12/2/24,0.7,35,51,92,17.6,33.8
Muller1296-Emigrant Trail,12/2/24,3.5,34,47.6,84,5.3,33
STL3101 Ledge Ct.,12/2/24,0.3,38.7,45.9,90,4.1,37.4
TAH7300-Homewood,12/2/24,0,35.9,46.1,97,5.8,34.4
7400-Glenshire,12/2/24,1,32.1,52.7,95,2.8,34.8
MEY3300-Grass Lake Road,12/2/24,0.6,33.8,51.3,98,8.1,32.4
WSH201-Floriston,12/2/24,1,33.3,47.4,90,8,35.4
Washoe204-Fariad,12/2/24,2.5,34.1,46.5,91,22.1,34.8
MEY3400-Camp Richardson,12/2/24,1.2,34.9,48.5,98,7.8,35.3
MEY3500-STPD Office,12/2/24,0.3,33.2,50.2,96,8.5,40.9
621Line-I-80 Gravel Pit,12/2/24,1.1,32.1,51.1,94,4.2,37
7201-Alpine Meadows,12/2/24,0.3,33.7,52.7,98,18.9,34.6
MUL1296-Markleeville,12/2/24,0.3,33,51.4,93,4.2,38.6
TPZ1261-Eastside Lane,12/2/24,3.3,39,48.5,71,5.5,43.4
MEY3300-Tolteca,12/2/24,0.5,38.8,51.5,81,,
TAH-5201 Lake Forest,12/2/24,0.7,35.8,49.1,93,18.8,33.3
Tahoe-7300 Sugar Pine Point,12/2/24,0.4,35.9,46.6,88,13.5,34.8
SOK-257 Reno Park,12/2/24,2.4,32.2,47.9,95,7.6,34.5
SMP8700-Firecamp,12/2/24,0.2,32.3,54.7,94,,
TAH5201-Fairway,12/2/24,0.4,35,46.7,96,,
TPZ1261 Cunningham,12/2/24,1.8,34,50,86,,
MUL1296-Sorensens,12/2/24,1.5,29.4,45.9,90,,
GLS7600-Walden,12/1/24,0.1,40.6,50.6,60,19.3,32.8
TAH7300-DL Bliss,12/1/24,0,38,46.5,86,4.5,33.5
MUL1296-Woodfords,12/1/24,1,37.4,47.6,68,1.4,40.6
BKY4201-Summit,12/1/24,0.5,,,100,9.8,35.2
TPZ1261–Park Ranch,12/1/24,0.4,37.1,51.9,84,4.3,38.5
TPZ1261-Walker,12/1/24,1.4,38.1,48.3,64,8.8,42
Meyers3400-Uplands,12/1/24,0.8,39,48.7,91,8.7,35.2
111Line-Columbine Trail,12/1/24,0.1,34,48.3,93,5.9,34
POR31-Iron Horse,12/1/24,0.8,30,46,95,29,33.8
619Line-Sierra Valley West,12/1/24,1.6,28.3,40.9,94,,58.9
SQV8200-Squaw Valley,12/1/24,0.2,30.3,47.1,94,11.2,32.8
CEM41-Garbage Pit Rd,12/1/24,1.3,29.6,41.3,87,4.5,40.2
CAL204-Dog Valley,12/1/24,1.2,29.7,41.3,84,6.7,36.4
TRK7203-Northstar Golf Course,12/1/24,0.3,29.7,54,94,25,34.4
Hobart Sub,12/1/24,0,29.3,49.8,96,13.8,34.5
SRB51-Smithneck Rd,12/1/24,1.5,30.4,41,83,27.8,41.7
TRK7202-Cabin Tree,12/1/24,0.2,34.2,52.5,86,17.7,33.8
Muller1296-Emigrant Trail,12/1/24,2,34.2,46.8,71,5.4,30.3
STL3101 Ledge Ct.,12/1/24,0.2,36.8,45,90,4.2,35.7
TAH7300-Homewood,12/1/24,0,34.1,46.3,97,5.8,34.2
7400-Glenshire,12/1/24,0.3,29.2,48.5,93,2.9,34.4
MEY3300-Grass Lake Road,12/1/24,0.2,31.7,49.5,96,6.2,32
WSH201-Floriston,12/1/24,1.7,30.7,42.9,85,7.8,33
Washoe204-Fariad,12/1/24,4.6,31.5,40.1,85,22.4,34.8
MEY3400-Camp Richardson,12/1/24,1.3,33.7,46.8,97,7.8,34.8
MEY3500-STPD Office,12/1/24,0.2,31.6,48.7,96,8.5,39.5
621Line-I-80 Gravel Pit,12/1/24,1.2,29,47,91,4.3,36.2
7201-Alpine Meadows,12/1/24,0.1,31.8,49.8,95,18.2,34.7
MUL1296-Markleeville,12/1/24,0.1,34.5,52.8,86,4.2,37.4
TPZ1261-Eastside Lane,12/1/24,1.7,39.3,48,65,5.5,43
MEY3300-Tolteca,12/1/24,0.3,37,49.2,89,,
TAH-5201 Lake Forest,12/1/24,0.6,34,45.6,94,17.5,33.1
Tahoe-7300 Sugar Pine Point,12/1/24,0.3,34,45.6,86,13.5,33.6
SOK-257 Reno Park,12/1/24,1.7,27,37.9,90,7.5,33.8
SMP8700-Firecamp,12/1/24,0.1,29,50.6,92,,
TAH5201-Fairway,12/1/24,0.4,33.8,43.6,96,,
TPZ1261 Cunningham,12/1/24,1.7,35.1,49.2,83,,
MUL1296-Sorensens,12/1/24,1.5,29,47.3,90,,
GLS7600-Walden,11/30/24,0.2,38.1,52.2,71,20.1,33
TAH7300-DL Bliss,11/30/24,0,32.8,40.2,96,4.5,33.6
MUL1296-Woodfords,11/30/24,3.5,36.7,50.2,52,1.4,40
BKY4201-Summit,11/30/24,0.8,,,100,9.5,35.2
TPZ1261–Park Ranch,11/30/24,0.7,32.7,50,83,4.3,37.2
TPZ1261-Walker,11/30/24,3.1,34.4,48.8,69,8.9,41.4
Meyers3400-Uplands,11/30/24,1.7,34,44.2,96,8.4,35.2
111Line-Columbine Trail,11/30/24,0.1,28.3,45.5,96,5.9,34.4
POR31-Iron Horse,11/30/24,0.6,28.6,53.5,96,29.9,34.1
619Line-Sierra Valley West,11/30/24,1.2,27,45.5,94,,58.9
SQV8200-Squaw Valley,11/30/24,0.4,24.7,44.2,92,11.6,33.1
CEM41-Garbage Pit Rd,11/30/24,2,29.5,47,91,4.5,40.9
CAL204-Dog Valley,11/30/24,2.1,30.4,46.3,80,6.7,36.6
TRK7203-Northstar Golf Course,11/30/24,0.7,25.4,54,94,25.2,34.3
Hobart Sub,11/30/24,0,26.3,55.5,97,14.2,34.7
SRB51-Smithneck Rd,11/30/24,2.4,30.2,45.8,89,27.9,42.1
TRK7202-Cabin Tree,11/30/24,0.7,30.1,51,91,19,33.9
Muller1296-Emigrant Trail,11/30/24,3.4,31.5,47.9,83,4.3,27.6
STL3101 Ledge Ct.,11/30/24,0.3,31.6,39.8,95,4.6,34.7
TAH7300-Homewood,11/30/24,0.2,29.1,39.4,96,5.9,34.8
7400-Glenshire,11/30/24,0.5,25.1,51.6,93,2.9,34.9
MEY3300-Grass Lake Road,11/30/24,0.2,25,45.8,91,5.5,31.7
WSH201-Floriston,11/30/24,2.3,29.3,48.9,88,7.7,32.9
Washoe204-Fariad,11/30/24,7.5,31.2,47.7,86,23.3,34.9
MEY3400-Camp Richardson,11/30/24,1.2,28.6,42.1,96,7.8,34.8
MEY3500-STPD Office,11/30/24,0.3,25.3,44.3,91,8.5,38.7
621Line-I-80 Gravel Pit,11/30/24,1.1,26.6,52.7,92,4.4,36.3
7201-Alpine Meadows,11/30/24,0.1,25.6,46.6,93,18.2,34.8
MUL1296-Markleeville,11/30/24,0.2,28.4,53.5,89,4.2,36.3
TPZ1261-Eastside Lane,11/30/24,4.7,37.8,48.9,56,5.5,41
MEY3300-Tolteca,11/30/24,0.4,31.5,46.9,88,,
TAH-5201 Lake Forest,11/30/24,1,29.7,42,93,17.3,33.2
Tahoe-7300 Sugar Pine Point,11/30/24,0.4,29.2,39.4,95,13.7,33.4
SOK-257 Reno Park,11/30/24,2.2,26.5,45.2,93,7.5,34.1
SMP8700-Firecamp,11/30/24,0.2,27.4,52.1,94,,
TAH5201-Fairway,11/30/24,0.5,30,39.6,96,,
TPZ1261 Cunningham,11/30/24,2.2,29,50.4,85,,
MUL1296-Sorensens,11/30/24,2.3,18.8,40.7,86,,
GLS7600-Walden,11/29/24,0,33.1,45.3,85,21.1,33.4
TAH7300-DL Bliss,11/29/24,0.2,32.1,37.7,93,4.5,33.7
MUL1296-Woodfords,11/29/24,2.7,33,45.9,62,1.4,40
BKY4201-Summit,11/29/24,0.6,,,100,9.2,35.2
TPZ1261–Park Ranch,11/29/24,0.8,30.3,46.8,88,4.2,37.5
TPZ1261-Walker,11/29/24,1.7,30.3,45.5,82,9,41.7
Meyers3400-Uplands,11/29/24,2.1,32.6,41.8,90,8.5,35.2
111Line-Columbine Trail,11/29/24,0.1,27,43.5,96,6,34.8
POR31-Iron Horse,11/29/24,0.7,27,49.6,96,31.3,34.6
619Line-Sierra Valley West,11/29/24,1.4,25.6,43.4,96,,58.9
SQV8200-Squaw Valley,11/29/24,0.6,23.3,42.5,93,12.5,33.4
CEM41-Garbage Pit Rd,11/29/24,2.3,27.8,42.6,92,4.5,41.1
CAL204-Dog Valley,11/29/24,1.7,28.6,45.6,87,6.7,37.1
TRK7203-Northstar Golf Course,11/29/24,0.8,24,48,94,25.6,34.4
Hobart Sub,11/29/24,0.2,25.1,49.8,97,14.7,35.1
SRB51-Smithneck Rd,11/29/24,3,28,43.7,89,28,42.6
TRK7202-Cabin Tree,11/29/24,0.7,27,47.2,94,20.9,34.1
Muller1296-Emigrant Trail,11/29/24,2.9,28.4,45.4,85,4.5,27.6
STL3101 Ledge Ct.,11/29/24,0.2,30.8,38.5,94,5.1,34.3
TAH7300-Homewood,11/29/24,0.1,27.9,38.8,95,6,35.6
7400-Glenshire,11/29/24,0.5,24.2,48.6,94,3,35.8
MEY3300-Grass Lake Road,11/29/24,0.2,24.5,44,92,6.8,31.9
WSH201-Floriston,11/29/24,2.7,27.1,46.2,89,7.8,32.7
Washoe204-Fariad,11/29/24,7.2,29,43.8,89,24.5,35.4
MEY3400-Camp Richardson,11/29/24,1.2,27.6,40.9,95,7.9,35.1
MEY3500-STPD Office,11/29/24,0.3,24.7,41.8,91,8.5,38.8
621Line-I-80 Gravel Pit,11/29/24,1.2,25.8,47.8,94,4.5,36.4
7201-Alpine Meadows,11/29/24,0.2,24.5,43.2,96,18,34.8
MUL1296-Markleeville,11/29/24,0.2,27.2,52.6,91,4.4,36.5
TPZ1261-Eastside Lane,11/29/24,3,33.2,46.6,73,5.4,39.4
MEY3300-Tolteca,11/29/24,0.6,30,46.1,78,,
TAH-5201 Lake Forest,11/29/24,1,28.6,41,94,17.8,33.4
Tahoe-7300 Sugar Pine Point,11/29/24,0.4,28.6,38.6,96,14.1,33.4
SOK-257 Reno Park,11/29/24,2.9,26.3,44.8,93,7.6,35.1
SMP8700-Firecamp,11/29/24,0.4,26.9,49.4,94,,
TAH5201-Fairway,11/29/24,0.6,28.9,39,95,,
TPZ1261 Cunningham,11/29/24,2,26.8,45.9,88,,
MUL1296-Sorensens,11/29/24,2,16.8,39.5,88,,
GLS7600-Walden,11/28/24,0.1,26,38.3,94,22,33.8
TAH7300-DL Bliss,11/28/24,0.3,29.5,36.4,85,4.5,33.7
MUL1296-Woodfords,11/28/24,1.6,27.7,38.1,75,1.4,40.8
BKY4201-Summit,11/28/24,1,,,100,8.8,35.3
TPZ1261–Park Ranch,11/28/24,2,30.3,42.7,83,4.2,38.5
TPZ1261-Walker,11/28/24,2.6,27.3,40,84,9.1,42.5
Meyers3400-Uplands,11/28/24,1.4,29.9,38,80,8.8,35.4
111Line-Columbine Trail,11/28/24,0.1,24.1,40.9,93,6.2,35.2
POR31-Iron Horse,11/28/24,1.4,25.9,40.7,96,33.1,35.3
619Line-Sierra Valley West,11/28/24,1.8,28,41.2,93,,58.9
SQV8200-Squaw Valley,11/28/24,0.6,21.5,39.9,92,14.4,33.5
CEM41-Garbage Pit Rd,11/28/24,2.6,27.6,40.2,88,4.5,41.6
CAL204-Dog Valley,11/28/24,1.3,26.9,40,90,6.7,38.4
TRK7203-Northstar Golf Course,11/28/24,0.8,22.3,41.8,94,26.3,34.9
Hobart Sub,11/28/24,0.3,22.6,41.2,96,15.3,35.7
SRB51-Smithneck Rd,11/28/24,3.8,27.7,39.6,85,28.1,43.3
TRK7202-Cabin Tree,11/28/24,0.6,23.3,38.8,94,24.2,34.4
Muller1296-Emigrant Trail,11/28/24,4.6,27.3,39,84,5,29.4
STL3101 Ledge Ct.,11/28/24,0.3,27.6,35.8,86,5,34.4
TAH7300-Homewood,11/28/24,0.1,26.5,37.5,94,6.1,36
7400-Glenshire,11/28/24,0.8,22,39.7,93,3.1,37
MEY3300-Grass Lake Road,11/28/24,0.4,22.8,41.2,91,7.4,32.4
WSH201-Floriston,11/28/24,1.2,24.3,37.3,89,8,33.6
Washoe204-Fariad,11/28/24,2.2,25.5,37.1,92,25.9,36.5
MEY3400-Camp Richardson,11/28/24,0.8,25.4,39.3,92,8,35.9
MEY3500-STPD Office,11/28/24,0.3,23.4,40.3,92,8.6,39
621Line-I-80 Gravel Pit,11/28/24,1.5,23.7,40.3,92,4.8,36.4
7201-Alpine Meadows,11/28/24,0.1,22.6,41.1,96,17.7,34.9
MUL1296-Markleeville,11/28/24,0.1,24,41.8,91,4.7,37
TPZ1261-Eastside Lane,11/28/24,8,28.4,39.2,60,5.3,39
MEY3300-Tolteca,11/28/24,0.5,27,42.1,86,,
TAH-5201 Lake Forest,11/28/24,0.9,27.2,40.2,93,18.4,33.7
Tahoe-7300 Sugar Pine Point,11/28/24,0.4,26.6,36.7,94,14.8,33.6
SOK-257 Reno Park,11/28/24,5.3,28.8,39.5,84,7.6,36.1
SMP8700-Firecamp,11/28/24,0.2,23,42.9,93,,
TAH5201-Fairway,11/28/24,0.6,25.7,38,94,,
TPZ1261 Cunningham,11/28/24,2.9,26.7,40.4,86,,
MUL1296-Sorensens,11/28/24,1.9,13.7,34.9,89,,
GLS7600-Walden,11/27/24,0.2,22.3,31.6,93,22.8,34.3
TAH7300-DL Bliss,11/27/24,0.8,26,31,88,4.5,33.7
MUL1296-Woodfords,11/27/24,1.9,27.9,37.5,76,1.4,42.2
TPZ1261–Park Ranch,11/27/24,3.9,32.3,41.6,76,4.2,39.8
TPZ1261-Walker,11/27/24,2.7,28.2,36.6,81,9.3,43.5
Meyers3400-Uplands,11/27/24,2.7,25.9,32.1,85,8.9,35.5
111Line-Columbine Trail,11/27/24,0.2,22.7,36.7,93,6.3,35.4
POR31-Iron Horse,11/27/24,1.6,27.3,38.7,96,35.2,36.5
619Line-Sierra Valley West,11/27/24,5.9,29.7,39.4,96,,58.9
SQV8200-Squaw Valley,11/27/24,0.8,21,34.7,92,22.2,33.6
CEM41-Garbage Pit Rd,11/27/24,4.4,28.2,41,94,4.5,42.3
CAL204-Dog Valley,11/27/24,2.2,29.5,40.3,86,6.7,40.2
TRK7203-Northstar Golf Course,11/27/24,1.2,23.1,36.7,93,27.2,36
Hobart Sub,11/27/24,0.4,24.5,37.4,97,15.9,36.8
SRB51-Smithneck Rd,11/27/24,3.6,27.6,39.4,91,28.3,44.2
TRK7202-Cabin Tree,11/27/24,0.8,21.6,33.1,95,30.2,34.7
Muller1296-Emigrant Trail,11/27/24,5.2,28.8,39,85,6.8,32.4
STL3101 Ledge Ct.,11/27/24,0.4,24.5,32.8,83,5,35
TAH7300-Homewood,11/27/24,0.2,25.9,34.4,93,6.4,35.9
7400-Glenshire,11/27/24,1.1,23.9,36.1,95,3.3,38.5
MEY3300-Grass Lake Road,11/27/24,2.8,24.5,36.4,91,7.4,33.1
WSH201-Floriston,11/27/24,2.7,27.6,37.1,88,8.3,35.8
Washoe204-Fariad,11/27/24,4.6,29.3,37.7,91,26.9,38
MEY3400-Camp Richardson,11/27/24,1.1,25.1,36.2,92,8.2,37.1
MEY3500-STPD Office,11/27/24,0.4,23.8,37,93,8.6,39.4
621Line-I-80 Gravel Pit,11/27/24,1.6,25.6,38,94,5.1,37.6
7201-Alpine Meadows,11/27/24,0.3,21.2,35.4,94,17.6,34.9
MUL1296-Markleeville,11/27/24,0.1,25.9,39.6,90,5.1,38.4
TPZ1261-Eastside Lane,11/27/24,8.9,28.1,36.8,61,5.2,40.2
MEY3300-Tolteca,11/27/24,1,25.1,36.7,85,,
TAH-5201 Lake Forest,11/27/24,0.9,25.5,37.4,90,19.4,33.8
Tahoe-7300 Sugar Pine Point,11/27/24,0.3,26.1,34.3,94,15.8,33.9
SOK-257 Reno Park,11/27/24,5,28.8,38.4,91,7.7,37.9
SMP8700-Firecamp,11/27/24,0.4,24.9,37.8,94,,
TAH5201-Fairway,11/27/24,0.6,24.5,35.8,93,,
TPZ1261 Cunningham,11/27/24,4.1,28.6,38.6,75,,
MUL1296-Sorensens,11/27/24,1.6,14.9,31.7,87,,
GLS7600-Walden,11/26/24,1.6,28.8,34.9,96,23,35.1
TAH7300-DL Bliss,11/26/24,2.2,30.3,35.1,96,4.5,33.6
MUL1296-Woodfords,11/26/24,7.5,38.5,44.8,82,1.5,43.2
TPZ1261–Park Ranch,11/26/24,6.7,43.1,50.4,89,4.1,41.6
TPZ1261-Walker,11/26/24,5,39,49.9,92,9.2,44.3
Meyers3400-Uplands,11/26/24,10.5,29,33.8,98,8.9,35.5
111Line-Columbine Trail,11/26/24,2,29.9,34.3,96,6.1,35.6
POR31-Iron Horse,11/26/24,1.7,33.1,39,98,36.8,38.7
619Line-Sierra Valley West,11/26/24,7.6,35.6,41.6,95,,58.9
SQV8200-Squaw Valley,11/26/24,5.8,30,37.4,94,30.3,33.5
CEM41-Garbage Pit Rd,11/26/24,7.2,36,41.8,92,4.5,43.2
CAL204-Dog Valley,11/26/24,4.9,38.4,43.7,87,6.7,41.7
TRK7203-Northstar Golf Course,11/26/24,5.1,32.3,39,95,31.2,37.8
Hobart Sub,11/26/24,2.4,32,39.6,96,16.4,38
SRB51-Smithneck Rd,11/26/24,4.9,35.2,40.8,95,28.4,44.8
TRK7202-Cabin Tree,11/26/24,3.4,29.8,35.7,94,38.7,34.9
Muller1296-Emigrant Trail,11/26/24,10.8,39.9,47.1,78,14.4,38.4
STL3101 Ledge Ct.,11/26/24,5.8,29.3,33.1,96,5.6,35.3
TAH7300-Homewood,11/26/24,1.5,30.8,36.8,95,7.6,35
7400-Glenshire,11/26/24,2.1,31.7,37.1,94,3.6,39
MEY3300-Grass Lake Road,11/26/24,1.3,30.2,35.7,97,7.4,33.1
WSH201-Floriston,11/26/24,2.2,35,40.3,91,8.7,37.9
Washoe204-Fariad,11/26/24,7.8,36.6,40.9,90,27.6,39.2
MEY3400-Camp Richardson,11/26/24,5.7,33.5,38.6,91,8.6,37.4
MEY3500-STPD Office,11/26/24,2.1,31.9,38.3,94,8.8,39.8
621Line-I-80 Gravel Pit,11/26/24,3.7,33.1,38.5,92,5.9,38.8
7201-Alpine Meadows,11/26/24,1.4,29.4,36.6,96,19.1,34.8
MUL1296-Markleeville,11/26/24,4,36.3,43.8,92,6.3,40.3
TPZ1261-Eastside Lane,11/26/24,7.7,40,49.5,81,5,43
MEY3300-Tolteca,11/26/24,2.6,30,34.2,90,,
TAH-5201 Lake Forest,11/26/24,1.7,30.2,36.1,94,21.7,33.6
Tahoe-7300 Sugar Pine Point,11/26/24,0.5,29.7,34.3,97,16.9,33.8
SOK-257 Reno Park,11/26/24,9,36.7,43.6,90,7.7,40.4
SMP8700-Firecamp,11/26/24,1.5,32.5,39.9,94,,
TAH5201-Fairway,11/26/24,4.1,30.3,36.5,94,,
TPZ1261 Cunningham,11/26/24,8.1,40.9,49.4,88,,
MUL1296-Sorensens,11/26/24,2,29.3,36.8,94,,
GLS7600-Walden,11/25/24,2.3,31.8,35.1,95,22.4,34.7
TAH7300-DL Bliss,11/25/24,1.9,32.1,38,96,4.5,33.6
MUL1296-Woodfords,11/25/24,3.9,35.3,44,95,1.4,42.9
TPZ1261–Park Ranch,11/25/24,4.4,34.8,51.6,94,3.9,40.4
TPZ1261-Walker,11/25/24,3.5,34,48.2,98,9,44.3
Meyers3400-Uplands,11/25/24,10.1,32.2,39.6,97,8.4,35.5
111Line-Columbine Trail,11/25/24,1.5,30.9,39.4,97,6,35.8
POR31-Iron Horse,11/25/24,0.4,34.4,40.5,99,35.2,37
619Line-Sierra Valley West,11/25/24,3.1,36.4,43.4,95,,58.9
SQV8200-Squaw Valley,11/25/24,4.6,33.8,37.6,96,24.3,34.1
CEM41-Garbage Pit Rd,11/25/24,6.6,39.2,44.1,82,4.5,42.3
CAL204-Dog Valley,11/25/24,1.9,35,44,95,6.6,40.6
TRK7203-Northstar Golf Course,11/25/24,6.7,34,40.1,94,28.5,36.5
Hobart Sub,11/25/24,1.3,32,39.1,99,15.7,37
SRB51-Smithneck Rd,11/25/24,6.7,39,44,83,28.5,44.2
TRK7202-Cabin Tree,11/25/24,2.8,31.8,37.9,97,33.6,34.9
Muller1296-Emigrant Trail,11/25/24,5.4,33.8,44,94,9.1,32.6
STL3101 Ledge Ct.,11/25/24,3.1,31.9,37.2,96,5.8,35.6
TAH7300-Homewood,11/25/24,1.1,32.3,38.9,96,6.1,36.6
7400-Glenshire,11/25/24,1.6,33.1,39.8,96,3.2,38.4
MEY3300-Grass Lake Road,11/25/24,1.3,29.9,40.2,99,7.2,33.3
WSH201-Floriston,11/25/24,1.7,33.1,41.8,94,7,35.1
Washoe204-Fariad,11/25/24,5.6,34.7,43.4,97,26.1,38.6
MEY3400-Camp Richardson,11/25/24,4.5,34.3,41.3,93,8.2,37.2
MEY3500-STPD Office,11/25/24,1.2,32,39.7,95,8.4,39.8
621Line-I-80 Gravel Pit,11/25/24,2.4,32,40.5,94,5.1,37.6
7201-Alpine Meadows,11/25/24,3.3,33.7,38.2,95,18.8,35.1
MUL1296-Markleeville,11/25/24,1.7,32.9,44.7,94,4.9,39.4
TPZ1261-Eastside Lane,11/25/24,5.2,34.8,47.1,98,4.6,41.7
MEY3300-Tolteca,11/25/24,4.1,33,39,89,,
TAH-5201 Lake Forest,11/25/24,1.1,32.6,37.8,97,20.9,34.1
Tahoe-7300 Sugar Pine Point,11/25/24,0.5,31.2,36.5,97,14.9,34.3
SOK-257 Reno Park,11/25/24,7.8,37.4,44.6,91,7.7,39.4
SMP8700-Firecamp,11/25/24,0.7,30.7,39.2,96,,
TAH5201-Fairway,11/25/24,2.5,32.4,38.2,95,,
TPZ1261 Cunningham,11/25/24,3.6,32.3,48,93,,
MUL1296-Sorensens,11/25/24,1.8,25.5,37.7,92,,
GLS7600-Walden,11/24/24,1.4,27.7,34.2,84,22.3,35.2
TAH7300-DL Bliss,11/24/24,1.7,29.4,34.2,71,4.5,33.7
MUL1296-Woodfords,11/24/24,5.3,36.6,43.5,68,1.4,44.3
BKY4201-Summit,11/24/24,1.9,25.2,40.8,93,7.2,35.6
TPZ1261–Park Ranch,11/24/24,4.4,40.3,48.9,75,4,44.6
TPZ1261-Walker,11/24/24,4.1,36.3,46.3,76,9.1,46.6
Meyers3400-Uplands,11/24/24,8.1,28.9,33.6,80,7.7,35.6
111Line-Columbine Trail,11/24/24,0.9,26.4,35.8,94,6,36.2
POR31-Iron Horse,11/24/24,0.4,28.8,39.3,98,36.6,37.1
619Line-Sierra Valley West,11/24/24,2.1,29.8,41.5,96,,58.9
SQV8200-Squaw Valley,11/24/24,2.7,28.9,35,91,30.8,34.2
CEM41-Garbage Pit Rd,11/24/24,5.3,32.3,42.4,92,4.5,42.8
CAL204-Dog Valley,11/24/24,2.9,34.8,44.5,78,6.6,42.1
TRK7203-Northstar Golf Course,11/24/24,2.6,27.5,38.6,94,27.6,36.6
Hobart Sub,11/24/24,0.9,27.4,39.1,97,16,37.7
SRB51-Smithneck Rd,11/24/24,4.9,32,41.5,91,28.6,44.4
TRK7202-Cabin Tree,11/24/24,1.7,26.6,35,94,39.1,35.4
Muller1296-Emigrant Trail,11/24/24,8.3,37.6,45.1,67,11.2,35.3
STL3101 Ledge Ct.,11/24/24,2.1,28.2,35.2,85,6.6,36.4
TAH7300-Homewood,11/24/24,1.7,29.8,36.8,92,6.7,36.3
7400-Glenshire,11/24/24,1.2,27,38.4,93,3.3,39.4
MEY3300-Grass Lake Road,11/24/24,0.7,27.1,37.4,95,7.1,33.8
WSH201-Floriston,11/24/24,2.7,30.7,41.1,89,7.3,37.7
Washoe204-Fariad,11/24/24,5.9,33.7,42.6,85,27.3,40.1
MEY3400-Camp Richardson,11/24/24,2.6,31.5,37.8,83,8.3,37.7
MEY3500-STPD Office,11/24/24,0.6,29,38.6,93,8.4,41.8
621Line-I-80 Gravel Pit,11/24/24,1.8,27.9,39.2,93,5.8,39
7201-Alpine Meadows,11/24/24,0.8,28.8,34.5,93,19.5,35.1
MUL1296-Markleeville,11/24/24,1.2,32.1,43.6,90,3.8,41.6
TPZ1261-Eastside Lane,11/24/24,6.9,37.7,45.9,62,4.5,45
MEY3300-Tolteca,11/24/24,3.7,29.8,35.3,80,,
TAH-5201 Lake Forest,11/24/24,0.7,28.7,37,90,19.9,34.8
Tahoe-7300 Sugar Pine Point,11/24/24,0.5,28.4,37,91,15,36.1
SOK-257 Reno Park,11/24/24,7,35.1,42,87,7.8,40
SMP8700-Firecamp,11/24/24,0.8,26.9,40.4,94,,
TAH5201-Fairway,11/24/24,2.3,29.3,35.7,92,,
TPZ1261 Cunningham,11/24/24,4.2,36.6,47.7,79,,
MUL1296-Sorensens,11/24/24,1.3,23.2,35.7,89,,
GLS7600-Walden,11/23/24,1.4,29.3,34.3,97,22.3,34.7
TAH7300-DL Bliss,11/23/24,2.8,30.9,37.8,96,4.5,33.9
MUL1296-Woodfords,11/23/24,12.2,40.2,45.9,84,1.4,44.6
BKY4201-Summit,11/23/24,2,28.4,53.2,100,7.6,35.5
TPZ1261–Park Ranch,11/23/24,9.7,46.9,53.6,85,4.1,49.2
TPZ1261-Walker,11/23/24,12.8,43.3,52.1,83,7.9,47.6
Meyers3400-Uplands,11/23/24,15.3,30.7,39.2,97,6.9,36
111Line-Columbine Trail,11/23/24,2.6,31.9,41.6,97,5.8,36.5
POR31-Iron Horse,11/23/24,0.6,32.8,39,98,38.6,38.2
619Line-Sierra Valley West,11/23/24,4.5,34.4,41.2,98,,58.9
SQV8200-Squaw Valley,11/23/24,4.3,31.5,38,96,30.7,35.2
CEM41-Garbage Pit Rd,11/23/24,4.7,35.6,43.7,95,4.5,43.9
CAL204-Dog Valley,11/23/24,5.2,39,44.6,91,6.7,44.6
TRK7203-Northstar Golf Course,11/23/24,7.3,33.2,38.8,94,33.6,36.6
Hobart Sub,11/23/24,2.5,32.6,37.9,99,11.2,39.2
SRB51-Smithneck Rd,11/23/24,3.6,35.3,42.7,96,27.7,44.5
TRK7202-Cabin Tree,11/23/24,3.1,30.6,36.3,96,39.4,36.7
Muller1296-Emigrant Trail,11/23/24,14,41.9,46.6,81,18.1,40.9
STL3101 Ledge Ct.,11/23/24,4.3,30,41,96,9.5,37.4
TAH7300-Homewood,11/23/24,2.7,32.4,40,96,9,35.4
7400-Glenshire,11/23/24,2.6,33.1,38.1,96,3.9,40.7
MEY3300-Grass Lake Road,11/23/24,1.9,32.1,38.5,98,7.1,34.3
WSH201-Floriston,11/23/24,4.2,36.3,42.9,92,8,41.9
Washoe204-Fariad,11/23/24,9.7,37.6,44.4,91,28.1,42.7
MEY3400-Camp Richardson,11/23/24,7.1,34,41.5,97,9,38.4
MEY3500-STPD Office,11/23/24,1.5,33.2,40.4,96,8.4,42.8
621Line-I-80 Gravel Pit,11/23/24,4.4,33.8,39.7,95,6.7,40.8
7201-Alpine Meadows,11/23/24,0.3,31.1,38.6,98,19,35.8
MUL1296-Markleeville,11/23/24,3.9,38.4,43.8,95,4,43.5
TPZ1261-Eastside Lane,11/23/24,12.7,43.3,50.6,80,4.2,47.9
MEY3300-Tolteca,11/23/24,3.6,31.7,39.7,92,,
TAH-5201 Lake Forest,11/23/24,2.8,31.6,37.4,96,22.6,35.7
Tahoe-7300 Sugar Pine Point,11/23/24,0.8,31.2,38,97,16.5,36.2
SOK-257 Reno Park,11/23/24,10.7,36.4,43.1,94,8.2,42
SMP8700-Firecamp,11/23/24,1.2,32.5,38.5,96,,
TAH5201-Fairway,11/23/24,3.2,31.6,37,94,,
TPZ1261 Cunningham,11/23/24,12.7,44.1,51.3,82,,
MUL1296-Sorensens,11/23/24,2.2,31,37.5,94,,
GLS7600-Walden,11/22/24,5.7,40,46.9,96,21.3,35.7
TAH7300-DL Bliss,11/22/24,7.2,41.7,48.8,95,4.4,35.2
MUL1296-Woodfords,11/22/24,21.1,50.7,58.6,81,1.2,47.4
BKY4201-Summit,11/22/24,6.6,,,100,7.2,35.4
TPZ1261–Park Ranch,11/22/24,12.7,59.5,68.6,72,4.1,51.3
TPZ1261-Walker,11/22/24,18.4,55.6,65.6,77,4.1,51
Meyers3400-Uplands,11/22/24,29.6,41.5,49.7,97,5.7,38.1
111Line-Columbine Trail,11/22/24,5.4,44.7,52.3,85,3.1,36.6
POR31-Iron Horse,11/22/24,2.5,41.8,49.4,97,34.8,39.1
619Line-Sierra Valley West,11/22/24,9.2,45,52.4,92,,58.9
SQV8200-Squaw Valley,11/22/24,12,42,48,89,30.4,36.5
CEM41-Garbage Pit Rd,11/22/24,16.6,47.2,52.9,84,4.4,45
CAL204-Dog Valley,11/22/24,11.8,50.2,57,76,6.6,45.3
TRK7203-Northstar Golf Course,11/22/24,12.6,44.5,51.4,88,16.9,40.3
Hobart Sub,11/22/24,4.3,42.4,49.4,96,4.3,40.9
SRB51-Smithneck Rd,11/22/24,14.2,46.2,52.2,88,13.8,45.4
TRK7202-Cabin Tree,11/22/24,9.9,40.9,48.4,94,37.6,36.8
Muller1296-Emigrant Trail,11/22/24,27,53.3,61.5,79,4.3,50.4
STL3101 Ledge Ct.,11/22/24,8,43.1,51.3,82,5.7,41.2
TAH7300-Homewood,11/22/24,5.9,43.5,50.5,92,8,37.5
7400-Glenshire,11/22/24,6,44.8,51.6,87,3,42
MEY3300-Grass Lake Road,11/22/24,7.2,43.8,51.7,96,6.7,37.5
WSH201-Floriston,11/22/24,14.1,49.2,55.6,80,6.3,45.1
Washoe204-Fariad,11/22/24,21.1,50.2,56.4,75,10.9,44.4
MEY3400-Camp Richardson,11/22/24,13.6,44.4,51.8,91,8.1,40.3
MEY3500-STPD Office,11/22/24,4.6,45,53.8,89,7.6,45.5
621Line-I-80 Gravel Pit,11/22/24,9,45.3,52.4,88,4.5,41.3
7201-Alpine Meadows,11/22/24,7.8,41.7,47.9,93,18.5,36.4
MUL1296-Markleeville,11/22/24,10.3,49.9,58.5,90,2.6,45.3
TPZ1261-Eastside Lane,11/22/24,18.7,55.4,65.1,77,3.9,54.5
MEY3300-Tolteca,11/22/24,8.3,42.6,50.1,88,,
TAH-5201 Lake Forest,11/22/24,3.8,42.9,51,94,20.7,37.7
Tahoe-7300 Sugar Pine Point,11/22/24,2.8,42.8,50.4,94,12.1,39.5
SOK-257 Reno Park,11/22/24,15.3,47.6,53.9,83,7.9,44
SMP8700-Firecamp,11/22/24,4,43,51.1,92,,
TAH5201-Fairway,11/22/24,7.1,42.6,50.5,92,,
TPZ1261 Cunningham,11/22/24,12.7,56.9,67.2,71,,
MUL1296-Sorensens,11/22/24,4.2,42.4,51.1,94,,
GLS7600-Walden,11/21/24,5,39.3,45.5,94,21,33.1
TAH7300-DL Bliss,11/21/24,5.2,42.6,48.6,88,4.4,33.4
MUL1296-Woodfords,11/21/24,12.6,52,57.7,64,1.2,46.3
BKY4201-Summit,11/21/24,5.8,,,100,6.7,35.2
TPZ1261–Park Ranch,11/21/24,12,59.4,65.5,48,4.1,49.5
TPZ1261-Walker,11/21/24,11.8,55.6,62.5,48,4.1,50
Meyers3400-Uplands,11/21/24,25.8,42.2,47.3,92,4.9,36
111Line-Columbine Trail,11/21/24,3.6,44.7,51.7,87,3.1,35.7
POR31-Iron Horse,11/21/24,1.3,40.2,47.6,99,36.1,35.6
619Line-Sierra Valley West,11/21/24,9.6,44.5,51.4,90,,58.9
SQV8200-Squaw Valley,11/21/24,10.6,39.9,46.9,99,28.3,34.4
CEM41-Garbage Pit Rd,11/21/24,18.1,46.8,51.6,80,4.3,43.8
CAL204-Dog Valley,11/21/24,10,49.2,54.8,80,6.5,44.1
TRK7203-Northstar Golf Course,11/21/24,12,43.4,49.3,85,13.7,38.8
Hobart Sub,11/21/24,3.3,39.9,46.4,98,4.3,39.4
SRB51-Smithneck Rd,11/21/24,15.4,45.9,51,83,12.5,43.6
TRK7202-Cabin Tree,11/21/24,7.8,39.5,46.2,94,23.6,34.5
Muller1296-Emigrant Trail,11/21/24,17.2,54.1,59.4,64,4.6,49.3
STL3101 Ledge Ct.,11/21/24,4,42.9,50.8,91,5.1,39.6
TAH7300-Homewood,11/21/24,5.3,42.5,48.5,86,8.2,37.1
7400-Glenshire,11/21/24,4.3,43.3,49.4,87,3.2,39.8
MEY3300-Grass Lake Road,11/21/24,6.2,44.8,50.7,91,6.6,36.7
WSH201-Floriston,11/21/24,7.8,48.7,54.2,78,6.1,44
Washoe204-Fariad,11/21/24,15,49.4,54,74,10.7,42.3
MEY3400-Camp Richardson,11/21/24,12.2,44.4,49.8,85,8.4,39
MEY3500-STPD Office,11/21/24,3.3,46,53.2,86,7.6,44.9
621Line-I-80 Gravel Pit,11/21/24,8.3,43.7,50.4,91,5.4,39.8
7201-Alpine Meadows,11/21/24,9.2,39.7,46.7,100,19.1,35.1
MUL1296-Markleeville,11/21/24,7.6,51.1,57.1,67,2.5,44.1
TPZ1261-Eastside Lane,11/21/24,20.9,56,60.7,44,4,53.8
MEY3300-Tolteca,11/21/24,8.8,43.6,48.6,84,,
TAH-5201 Lake Forest,11/21/24,2,41.1,48,97,22.3,34.9
Tahoe-7300 Sugar Pine Point,11/21/24,2,42,50.6,94,11.7,38.6
SOK-257 Reno Park,11/21/24,14.4,45.5,50.5,82,8,41.9
SMP8700-Firecamp,11/21/24,1.6,40,45.9,97,,
TAH5201-Fairway,11/21/24,4.5,40.7,47.7,94,,
TPZ1261 Cunningham,11/21/24,6.4,55.6,63.7,51,,
MUL1296-Sorensens,11/21/24,3.7,43.1,48.8,86,,
GLS7600-Walden,11/20/24,4.7,36.2,41.4,94,17.7,33.6
TAH7300-DL Bliss,11/20/24,5.8,39.9,44.3,92,4.2,33.7
MUL1296-Woodfords,11/20/24,17.4,49.7,53.2,52,1.2,43.9
BKY4201-Summit,11/20/24,6.2,,38.2,100,6.3,34.9
TPZ1261–Park Ranch,11/20/24,7,54.4,65.1,47,3.9,44.1
TPZ1261-Walker,11/20/24,10.4,54.7,61.5,39,4,47.6
Meyers3400-Uplands,11/20/24,27.4,40,44.7,96,4,36.1
111Line-Columbine Trail,11/20/24,6,42.2,47.1,90,3,35.7
POR31-Iron Horse,11/20/24,1.9,36,44.3,98,22.3,35
619Line-Sierra Valley West,11/20/24,17.2,39.7,47,91,,58.9
SQV8200-Squaw Valley,11/20/24,11.8,37.6,42.9,99,7.9,35.5
CEM41-Garbage Pit Rd,11/20/24,22.8,41.7,47,83,4.2,43.1
CAL204-Dog Valley,11/20/24,13.1,44.9,49.6,82,6.4,43
TRK7203-Northstar Golf Course,11/20/24,11.2,40.5,45.8,88,11,37.2
Hobart Sub,11/20/24,4.6,37.3,42.8,99,4.2,37.1
SRB51-Smithneck Rd,11/20/24,17.4,41.3,46,86,11.6,44.4
TRK7202-Cabin Tree,11/20/24,9.2,36.5,42.1,98,7.4,36.6
Muller1296-Emigrant Trail,11/20/24,22.4,52.1,56.3,48,5.5,44.7
STL3101 Ledge Ct.,11/20/24,4.3,39.6,46,91,4.3,37.1
TAH7300-Homewood,11/20/24,6.3,39.8,45.6,90,6.8,37.5
7400-Glenshire,11/20/24,5.3,40.1,44.6,95,2.2,38
MEY3300-Grass Lake Road,11/20/24,7.1,42.2,46.1,91,6.5,34
WSH201-Floriston,11/20/24,11,44.6,49.2,84,5.9,39.2
Washoe204-Fariad,11/20/24,17.8,45.1,48.7,82,10.6,40.2
MEY3400-Camp Richardson,11/20/24,14.8,42.2,47.2,95,7.4,38.6
MEY3500-STPD Office,11/20/24,3.8,43,48.3,88,7.6,42.5
621Line-I-80 Gravel Pit,11/20/24,9.3,40.2,45,94,3.6,38.2
7201-Alpine Meadows,11/20/24,8.6,37.5,42.6,100,14.1,35.2
MUL1296-Markleeville,11/20/24,10.2,48.2,52.3,55,2.4,40.8
TPZ1261-Eastside Lane,11/20/24,20.5,53.7,58,38,3.9,49.7
MEY3300-Tolteca,11/20/24,8.1,40.8,45.6,90,,
TAH-5201 Lake Forest,11/20/24,3,38.3,44.7,97,17,34.7
Tahoe-7300 Sugar Pine Point,11/20/24,2.5,39.5,45.5,96,6.9,34.5
SOK-257 Reno Park,11/20/24,19.7,41.6,47.3,86,7.7,40.3
SMP8700-Firecamp,11/20/24,2.9,36.4,42,96,,
TAH5201-Fairway,11/20/24,7,38.5,44.6,95,,
TPZ1261 Cunningham,11/20/24,9.2,53.5,62.1,48,,
MUL1296-Sorensens,11/20/24,4.7,40.7,44.8,84,,
GLS7600-Walden,11/19/24,1.9,28.4,36.7,76,18.4,33.9
TAH7300-DL Bliss,11/19/24,1.5,31.6,39.8,55,4.2,34
MUL1296-Woodfords,11/19/24,5.8,35.3,47.4,56,1.2,42.7
BKY4201-Summit,11/19/24,2.7,26.9,33.7,85,6.2,35.6
TPZ1261–Park Ranch,11/19/24,2.6,33,46.9,80,3.8,42.2
TPZ1261-Walker,11/19/24,3,31.8,49.7,67,4,46.4
Meyers3400-Uplands,11/19/24,8.5,30.3,39.5,67,3.9,36.3
111Line-Columbine Trail,11/19/24,1.1,28.3,41,80,2.8,35.8
POR31-Iron Horse,11/19/24,1.2,28.4,42.3,93,16.1,35.1
619Line-Sierra Valley West,11/19/24,3.1,28.1,43.8,92,,58.9
SQV8200-Squaw Valley,11/19/24,3.7,26.9,39.5,90,7.8,35.4
CEM41-Garbage Pit Rd,11/19/24,4.8,29.8,44.8,88,4.2,42.6
CAL204-Dog Valley,11/19/24,2.6,32.4,47.1,76,6.3,40.7
TRK7203-Northstar Golf Course,11/19/24,4,27,41.3,91,10.6,35
Hobart Sub,11/19/24,1.3,25.7,39.3,94,4.2,36.9
SRB51-Smithneck Rd,11/19/24,4.7,30.4,44.6,83,11.6,45.6
TRK7202-Cabin Tree,11/19/24,3.3,26.6,40.1,89,7.2,37.1
Muller1296-Emigrant Trail,11/19/24,5.3,33.5,49.4,66,4.5,31.9
STL3101 Ledge Ct.,11/19/24,1.9,30.2,38.6,63,4.5,35.4
TAH7300-Homewood,11/19/24,1.5,29.8,40.4,84,7,38
7400-Glenshire,11/19/24,2.2,26.7,41.3,90,2.2,38.3
MEY3300-Grass Lake Road,11/19/24,1.7,29.6,41.7,76,6.6,33.3
WSH201-Floriston,11/19/24,5,31.5,45.5,82,5.8,34.4
Washoe204-Fariad,11/19/24,9.8,33,46.3,80,10.5,38.1
MEY3400-Camp Richardson,11/19/24,3.6,31.1,42.1,78,7.4,38.6
MEY3500-STPD Office,11/19/24,1.3,29.1,41.8,86,7.5,41.1
621Line-I-80 Gravel Pit,11/19/24,3,27.6,43.1,89,3.1,37.7
7201-Alpine Meadows,11/19/24,2.7,27.2,39.3,93,14.9,35.5
MUL1296-Markleeville,11/19/24,1.8,31.9,47.2,87,2.4,38.9
TPZ1261-Eastside Lane,11/19/24,6,35,49.7,48,3.8,43.8
MEY3300-Tolteca,11/19/24,3.4,30.1,39.9,74,,
TAH-5201 Lake Forest,11/19/24,1.9,28.8,39.8,86,17.2,34.8
Tahoe-7300 Sugar Pine Point,11/19/24,0.8,30.4,39.9,72,6.8,34.5
SOK-257 Reno Park,11/19/24,5.2,31.6,43.6,82,7.5,38.6
SMP8700-Firecamp,11/19/24,0.8,26.3,39.5,91,,
TAH5201-Fairway,11/19/24,2.4,28.6,39.6,87,,
TPZ1261 Cunningham,11/19/24,2.4,29.1,44.8,80,,
MUL1296-Sorensens,11/19/24,2.6,25.3,39.6,82,,
GLS7600-Walden,11/18/24,1.4,25.1,31.8,93,19.1,34.8
TAH7300-DL Bliss,11/18/24,1.8,27.1,36.4,91,4.2,34.3
MUL1296-Woodfords,11/18/24,8.6,35.3,44.9,68,1.2,44.3
BKY4201-Summit,11/18/24,2.1,22.7,30.4,93,6.2,36.3
TPZ1261–Park Ranch,11/18/24,9.3,41.5,52.6,69,3.9,46.6
TPZ1261-Walker,11/18/24,9.1,37.6,50.3,73,4,48.3
Meyers3400-Uplands,11/18/24,7.4,26.5,34.2,92,3.7,36.9
111Line-Columbine Trail,11/18/24,2.6,27.2,35.4,92,2.6,36.1
POR31-Iron Horse,11/18/24,1.8,28.9,37.2,96,16.4,38.2
619Line-Sierra Valley West,11/18/24,7,31.4,39.6,94,,58.9
SQV8200-Squaw Valley,11/18/24,4.8,26.6,34.8,90,12.5,37.1
CEM41-Garbage Pit Rd,11/18/24,6.4,31.2,40.3,93,4.3,45.5
CAL204-Dog Valley,11/18/24,5.7,34.6,42.1,71,6.5,44.1
TRK7203-Northstar Golf Course,11/18/24,4.9,28,37.4,90,10.8,38.4
Hobart Sub,11/18/24,2.1,28,35.7,95,4.2,39.8
SRB51-Smithneck Rd,11/18/24,2.3,30.9,39.3,94,11.7,47.1
TRK7202-Cabin Tree,11/18/24,1.1,25.6,32.8,93,7.4,38.6
Muller1296-Emigrant Trail,11/18/24,9.4,37.2,47.4,66,7,38.7
STL3101 Ledge Ct.,11/18/24,3.2,26.7,33.8,91,5.8,37.5
TAH7300-Homewood,11/18/24,2.2,27.6,35.7,91,7.6,39
7400-Glenshire,11/18/24,3.3,27.8,36.5,93,2.2,40.2
MEY3300-Grass Lake Road,11/18/24,1.6,27.7,36.4,93,6.5,35.1
WSH201-Floriston,11/18/24,2.8,31.8,40.3,79,6,39.6
Washoe204-Fariad,11/18/24,6.8,33.3,40,82,10.5,40.3
MEY3400-Camp Richardson,11/18/24,4.2,30,38.8,83,7.5,39.6
MEY3500-STPD Office,11/18/24,2,29.5,37.2,88,7.6,43.7
621Line-I-80 Gravel Pit,11/18/24,4.1,29.2,37.4,90,3.2,40.9
7201-Alpine Meadows,11/18/24,1,26.1,34.2,94,16.7,36.5
MUL1296-Markleeville,11/18/24,2.5,34.2,42.4,82,2.4,41.7
TPZ1261-Eastside Lane,11/18/24,9.4,37.8,50.3,58,3.9,48
MEY3300-Tolteca,11/18/24,1.7,27.3,36,88,,
TAH-5201 Lake Forest,11/18/24,1.3,26.9,34.9,92,17.4,35.3
Tahoe-7300 Sugar Pine Point,11/18/24,0.9,27.5,34.6,94,6.7,37.3
SOK-257 Reno Park,11/18/24,8.9,31.9,41.2,85,7.6,41.8
SMP8700-Firecamp,11/18/24,1,28.2,36.4,93,,
TAH5201-Fairway,11/18/24,3.1,27.3,35.1,91,,
TPZ1261 Cunningham,11/18/24,8.6,38.8,51.3,65,,
MUL1296-Sorensens,11/18/24,3.6,26.4,36.6,82,,
GLS7600-Walden,11/17/24,1,35.1,44.8,88,17.8,34.9
TAH7300-DL Bliss,11/17/24,2,36.5,46.4,84,4.1,34.5
MUL1296-Woodfords,11/17/24,7.9,41.4,55.2,75,1.1,43.6
BKY4201-Summit,11/17/24,1.2,,,100,6.3,36.3
TPZ1261–Park Ranch,11/17/24,5,43.5,63,80,3.8,43.8
TPZ1261-Walker,11/17/24,5.9,41.8,57.5,75,4,46.6
Meyers3400-Uplands,11/17/24,5.5,36.2,48.4,87,3.4,37.1
111Line-Columbine Trail,11/17/24,2.2,34.7,48.9,91,2.1,36.4
POR31-Iron Horse,11/17/24,1.7,36.4,48.6,92,16.5,37.6
619Line-Sierra Valley West,11/17/24,5.9,36.6,51,91,,58.9
SQV8200-Squaw Valley,11/17/24,3.8,33.2,46.1,92,7.7,37.5
CEM41-Garbage Pit Rd,11/17/24,5.9,38.1,51.3,88,4.3,44.9
CAL204-Dog Valley,11/17/24,5.1,40.5,56.1,78,6.4,42.2
TRK7203-Northstar Golf Course,11/17/24,4.2,33.4,49.4,92,10.7,37.3
Hobart Sub,11/17/24,2.4,33.4,51.6,95,4.2,38.7
SRB51-Smithneck Rd,11/17/24,2,38,51.5,85,11.6,46.6
TRK7202-Cabin Tree,11/17/24,1.8,33.3,45.2,91,7,38.2
Muller1296-Emigrant Trail,11/17/24,7.1,40.4,56.1,81,6.3,36
STL3101 Ledge Ct.,11/17/24,3.4,35.4,46,91,4.7,36.9
TAH7300-Homewood,11/17/24,1.7,35.6,46.3,91,5.6,39.5
7400-Glenshire,11/17/24,2.2,33.1,47.9,92,2.2,39.8
MEY3300-Grass Lake Road,11/17/24,0.8,33.3,48.4,92,6.4,33.8
WSH201-Floriston,11/17/24,5,37.8,51.5,81,5.9,38.3
Washoe204-Fariad,11/17/24,11.9,39.7,52.6,79,10.4,39
MEY3400-Camp Richardson,11/17/24,2.7,36.2,50.7,87,7.5,39
MEY3500-STPD Office,11/17/24,1.3,34,50.2,90,7.6,42.2
621Line-I-80 Gravel Pit,11/17/24,4.3,34.2,49.3,90,3.4,39.8
7201-Alpine Meadows,11/17/24,2.5,33.5,46,94,16.2,36.6
MUL1296-Markleeville,11/17/24,2,37.9,57.1,90,2.4,40.7
TPZ1261-Eastside Lane,11/17/24,5.1,42.7,57.8,61,3.9,46.5
MEY3300-Tolteca,11/17/24,3.2,34.7,46.7,87,,
TAH-5201 Lake Forest,11/17/24,1.6,35.4,49,90,16.9,35.1
Tahoe-7300 Sugar Pine Point,11/17/24,0.8,34.7,46.5,93,6.3,36.8
SOK-257 Reno Park,11/17/24,8.6,39,53.7,82,7.5,40.4
SMP8700-Firecamp,11/17/24,1.6,33.7,50.4,91,,
TAH5201-Fairway,11/17/24,2.3,35,47.8,93,,
TPZ1261 Cunningham,11/17/24,6.3,40.6,59.6,82,,
MUL1296-Sorensens,11/17/24,3.7,30.7,48,86,,
GLS7600-Walden,11/16/24,0.1,24.4,33.1,92,16.7,35.7
TAH7300-DL Bliss,11/16/24,0.6,27.8,32.7,74,4.1,34.7
MUL1296-Woodfords,11/16/24,0.9,29.3,37.1,87,1.1,44.4
BKY4201-Summit,11/16/24,1,22.7,30.5,92,6.2,36.7
TPZ1261–Park Ranch,11/16/24,3,34.7,43.7,90,3.8,44
TPZ1261-Walker,11/16/24,2.7,31,38.8,88,4,47.2
Meyers3400-Uplands,11/16/24,2.5,26.4,33.4,82,3.4,37.5
111Line-Columbine Trail,11/16/24,0.2,24.8,36.4,88,2,36.8
POR31-Iron Horse,11/16/24,1.2,28.6,39.7,91,17,37.4
619Line-Sierra Valley West,11/16/24,1.5,28,39,91,,58.9
SQV8200-Squaw Valley,11/16/24,1.1,25,36.7,93,7.5,37.7
CEM41-Garbage Pit Rd,11/16/24,3.1,28.8,38.9,88,4.3,44.8
CAL204-Dog Valley,11/16/24,1.8,29.9,39.5,82,6.4,42.9
TRK7203-Northstar Golf Course,11/16/24,0.7,24.5,37.4,94,10.7,37.2
Hobart Sub,11/16/24,0.4,24.1,38.3,96,4.2,38.9
SRB51-Smithneck Rd,11/16/24,1.6,27.6,37.6,86,11.7,47.4
TRK7202-Cabin Tree,11/16/24,0.3,25.1,35.2,92,7,38.2
Muller1296-Emigrant Trail,11/16/24,2.9,30.9,39.5,86,9,36.1
STL3101 Ledge Ct.,11/16/24,0.6,25.2,32.8,79,4.3,36.8
TAH7300-Homewood,11/16/24,0.7,28.2,35.6,86,5.4,39.9
7400-Glenshire,11/16/24,1,25.2,37.1,93,2.3,40.4
MEY3300-Grass Lake Road,11/16/24,0.6,23,35.3,92,6.3,34.3
WSH201-Floriston,11/16/24,1,27.6,37.4,86,5.9,37.7
Washoe204-Fariad,11/16/24,2.7,28.8,37.7,90,10.3,39.5
MEY3400-Camp Richardson,11/16/24,1.1,26.7,36,88,7.4,40
MEY3500-STPD Office,11/16/24,0.5,25.2,36.8,91,7.6,41.9
621Line-I-80 Gravel Pit,11/16/24,1.1,26.2,39.4,91,3.5,39.6
7201-Alpine Meadows,11/16/24,0.4,24.8,37.7,94,14.9,36.9
MUL1296-Markleeville,11/16/24,0.1,28.4,39,93,2.4,41.5
TPZ1261-Eastside Lane,11/16/24,5.8,31.3,39,86,3.8,44.6
MEY3300-Tolteca,11/16/24,0.7,25.8,35.3,85,,
TAH-5201 Lake Forest,11/16/24,0.7,26.6,35.6,85,17.3,35.7
Tahoe-7300 Sugar Pine Point,11/16/24,0.7,28.6,34.3,84,6.1,36.6
SOK-257 Reno Park,11/16/24,3.8,28.6,37.9,87,7.5,41.1
SMP8700-Firecamp,11/16/24,0.3,25,38.2,93,,
TAH5201-Fairway,11/16/24,1.1,26.6,34.7,88,,
TPZ1261 Cunningham,11/16/24,2.7,31.5,41.1,89,,
MUL1296-Sorensens,11/16/24,0.8,20.8,31.7,87,,
GLS7600-Walden,11/15/24,0.1,24.8,28.5,94,16.8,35.7
TAH7300-DL Bliss,11/15/24,1.9,26.9,30.6,93,4.1,34.8
MUL1296-Woodfords,11/15/24,1.4,30.6,38.1,93,1.1,46
BKY4201-Summit,11/15/24,2.4,23.1,26.3,94,6.3,37
TPZ1261–Park Ranch,11/15/24,5,36.3,44.6,90,3.8,45.1
TPZ1261-Walker,11/15/24,3.8,32.4,40,92,4,48.2
Meyers3400-Uplands,11/15/24,3.7,25.8,29.6,95,3.3,38.3
111Line-Columbine Trail,11/15/24,0.4,27.4,31.4,93,2,37.1
POR31-Iron Horse,11/15/24,1.1,31.4,35.7,97,17.4,39.2
619Line-Sierra Valley West,11/15/24,5,32.8,37.2,96,,58.9
SQV8200-Squaw Valley,11/15/24,2.3,27.5,31.5,94,7.5,38.4
CEM41-Garbage Pit Rd,11/15/24,2.7,31.2,34.4,95,4.3,45.9
CAL204-Dog Valley,11/15/24,1.9,32.7,36.4,93,6.5,45.6
TRK7203-Northstar Golf Course,11/15/24,2.6,27.8,32.4,96,10.8,38.7
Hobart Sub,11/15/24,0.4,28.9,34,98,4.2,40.3
SRB51-Smithneck Rd,11/15/24,1.3,30.4,35.2,96,11.8,49.1
TRK7202-Cabin Tree,11/15/24,1.3,26.8,30.5,96,7.1,39
Muller1296-Emigrant Trail,11/15/24,3.9,31.6,39.4,94,7.5,35.6
STL3101 Ledge Ct.,11/15/24,2.5,26,29.4,93,4.1,38.4
TAH7300-Homewood,11/15/24,1.4,28.5,32.8,94,5.4,40.1
7400-Glenshire,11/15/24,1.6,28.7,32.6,95,2.4,41
MEY3300-Grass Lake Road,11/15/24,0.4,26.6,31.6,97,6.1,34.9
WSH201-Floriston,11/15/24,0.8,30.7,33.2,93,6,37.9
Washoe204-Fariad,11/15/24,2.6,31.9,34.5,96,10.2,41.6
MEY3400-Camp Richardson,11/15/24,2.1,29.6,33.2,92,7.4,40.9
MEY3500-STPD Office,11/15/24,1.1,29,33.1,94,7.6,43.1
621Line-I-80 Gravel Pit,11/15/24,1.7,29.9,34.1,93,3.8,40.8
7201-Alpine Meadows,11/15/24,1.2,27.5,31.4,96,14.9,37.4
MUL1296-Markleeville,11/15/24,0.5,30.5,40.1,93,2.4,41.7
TPZ1261-Eastside Lane,11/15/24,4,32.5,39.5,94,3.8,45.3
MEY3300-Tolteca,11/15/24,1.6,26.9,30.7,90,,
TAH-5201 Lake Forest,11/15/24,0.7,28.1,33.3,93,16.2,36.4
Tahoe-7300 Sugar Pine Point,11/15/24,0.7,28,31.8,94,5.8,36.3
SOK-257 Reno Park,11/15/24,4.8,30.6,33.9,96,7.5,43.9
SMP8700-Firecamp,11/15/24,0.8,29,34.8,95,,
TAH5201-Fairway,11/15/24,2.5,28.2,32.2,93,,
TPZ1261 Cunningham,11/15/24,3.7,32.8,41.1,91,,
MUL1296-Sorensens,11/15/24,1.1,25.6,31.6,90,,
GLS7600-Walden,11/14/24,1.6,33.6,41.3,93,16.9,36.1
TAH7300-DL Bliss,11/14/24,2.3,34.8,41,94,4,35
MUL1296-Woodfords,11/14/24,9.1,43.8,48.5,60,1.1,47.2
BKY4201-Summit,11/14/24,2.9,,,100,6.3,37.3
TPZ1261–Park Ranch,11/14/24,7.7,49.4,57.7,61,3.8,46.5
TPZ1261-Walker,11/14/24,8.7,45.6,56,62,4,49.1
Meyers3400-Uplands,11/14/24,11.6,34.4,40.4,95,3,39.1
111Line-Columbine Trail,11/14/24,2.2,35.3,43.4,94,2,37.4
POR31-Iron Horse,11/14/24,1.5,36,44.6,97,17.3,39
619Line-Sierra Valley West,11/14/24,5.8,39.8,47.1,92,,58.9
SQV8200-Squaw Valley,11/14/24,7.4,35.3,38.3,94,7.8,39.4
CEM41-Garbage Pit Rd,11/14/24,5.7,38.4,47.3,92,4.3,46.9
CAL204-Dog Valley,11/14/24,6.2,43.2,50.2,86,6.5,46.3
TRK7203-Northstar Golf Course,11/14/24,5.1,35.8,42.9,94,10.8,39.4
Hobart Sub,11/14/24,1.2,34.5,43.4,96,4.2,40.5
SRB51-Smithneck Rd,11/14/24,2.9,38.3,47.3,94,11.8,49
TRK7202-Cabin Tree,11/14/24,2.3,34.1,38.9,95,7,39.4
Muller1296-Emigrant Trail,11/14/24,12.5,45.3,50.8,64,6.3,41.9
STL3101 Ledge Ct.,11/14/24,4.1,34.6,43.5,89,4.3,39.8
TAH7300-Homewood,11/14/24,3.3,35.9,41.8,94,5.4,40.4
7400-Glenshire,11/14/24,2.5,34.4,43.4,94,2.4,41.2
MEY3300-Grass Lake Road,11/14/24,1.2,33.5,43.5,97,6.1,36
WSH201-Floriston,11/14/24,2.8,37.6,47.4,90,5.9,41.4
Washoe204-Fariad,11/14/24,6.5,41.2,48,90,9.9,42.6
MEY3400-Camp Richardson,11/14/24,6.2,37.7,43.1,90,7.5,41.1
MEY3500-STPD Office,11/14/24,1.8,37.1,44.5,92,7.6,44.4
621Line-I-80 Gravel Pit,11/14/24,2.3,33.4,44.3,95,4,41.5
7201-Alpine Meadows,11/14/24,4.6,35,38.7,96,15.6,37.9
MUL1296-Markleeville,11/14/24,4.6,42.1,47.7,72,2.4,42.7
TPZ1261-Eastside Lane,11/14/24,10.8,46.3,54.5,51,3.9,49.9
MEY3300-Tolteca,11/14/24,4.5,35.7,41.4,90,,
TAH-5201 Lake Forest,11/14/24,1.3,35.1,41.3,93,15.1,36.6
Tahoe-7300 Sugar Pine Point,11/14/24,1,35.2,44.3,95,5.5,38.5
SOK-257 Reno Park,11/14/24,8.5,40.4,48.8,93,7.5,45.2
SMP8700-Firecamp,11/14/24,0.8,33.3,43.8,92,,
TAH5201-Fairway,11/14/24,3,35.4,40.9,93,,
TPZ1261 Cunningham,11/14/24,6.4,45.2,55.6,64,,
MUL1296-Sorensens,11/14/24,1.6,33.6,40.7,90,,
GLS7600-Walden,11/13/24,2.9,36.7,44.2,87,16.5,36.3
TAH7300-DL Bliss,11/13/24,2.9,37.4,45.1,91,3.9,35.2
MUL1296-Woodfords,11/13/24,11.1,44.5,55.4,64,1,46.5
BKY4201-Summit,11/13/24,3.9,,,100,6.3,37.3
TPZ1261–Park Ranch,11/13/24,9.2,44,61.7,89,3.7,43
TPZ1261-Walker,11/13/24,12,44,59.5,77,4,47.8
Meyers3400-Uplands,11/13/24,13.5,38.3,45.4,90,2.7,39.7
111Line-Columbine Trail,11/13/24,3.8,35.6,47.5,90,2,37.6
POR31-Iron Horse,11/13/24,1.8,35.1,49.9,98,15,38.7
619Line-Sierra Valley West,11/13/24,7,36.6,51.1,95,,58.9
SQV8200-Squaw Valley,11/13/24,5.8,33.9,44.9,94,7.2,39.8
CEM41-Garbage Pit Rd,11/13/24,11.1,39.1,52.6,92,4.3,47.9
CAL204-Dog Valley,11/13/24,7.4,42.6,53.7,71,6.4,45.3
TRK7203-Northstar Golf Course,11/13/24,8.9,34.3,47.8,94,10.8,39.2
Hobart Sub,11/13/24,3.1,33.2,46.9,99,4.2,40.4
SRB51-Smithneck Rd,11/13/24,8.3,40.7,53,89,11.8,49.4
TRK7202-Cabin Tree,11/13/24,5.5,34,45.2,96,6.8,39.5
Muller1296-Emigrant Trail,11/13/24,15.5,42.2,58,75,6.5,36.8
STL3101 Ledge Ct.,11/13/24,4.6,37.3,46.5,92,4.5,39.5
TAH7300-Homewood,11/13/24,3,35.9,46.3,94,5.4,40.9
7400-Glenshire,11/13/24,3,33.6,48.3,94,2.5,41.3
MEY3300-Grass Lake Road,11/13/24,2.5,34.2,48.3,98,6,35.2
WSH201-Floriston,11/13/24,9.1,38.8,52,85,5.8,39.8
Washoe204-Fariad,11/13/24,13.3,41.2,52.9,76,9.4,41.7
MEY3400-Camp Richardson,11/13/24,7.6,37,47.6,96,7.4,41.1
MEY3500-STPD Office,11/13/24,2.4,34.6,48.2,96,7.6,44.1
621Line-I-80 Gravel Pit,11/13/24,5.2,33.5,49.5,95,4.2,41.7
7201-Alpine Meadows,11/13/24,4.5,34.6,44.6,96,14.8,38
MUL1296-Markleeville,11/13/24,4.7,39,54.6,92,2.4,41.7
TPZ1261-Eastside Lane,11/13/24,14,44.9,59,58,3.8,46.2
MEY3300-Tolteca,11/13/24,4.1,38,46.5,84,,
TAH-5201 Lake Forest,11/13/24,3,35,46.6,94,15.1,36.4
Tahoe-7300 Sugar Pine Point,11/13/24,1.4,34.6,45.7,95,5.4,36.8
SOK-257 Reno Park,11/13/24,19.3,42.3,52.8,82,7.4,45
SMP8700-Firecamp,11/13/24,1.9,33.3,48.2,95,,
TAH5201-Fairway,11/13/24,4.1,34.4,45.6,91,,
TPZ1261 Cunningham,11/13/24,11.7,41.5,59.4,89,,
MUL1296-Sorensens,11/13/24,2.8,31.3,46.6,93,,
GLS7600-Walden,11/12/24,0.1,29.3,37.9,93,14.2,37.5
TAH7300-DL Bliss,11/12/24,0.1,30.7,36.2,83,3.9,35.8
MUL1296-Woodfords,11/12/24,0.3,34.1,45.3,76,1,47.1
BKY4201-Summit,11/12/24,0.7,26.4,33,97,6.2,38.1
TPZ1261–Park Ranch,11/12/24,4,36.1,48.7,83,3.7,44
TPZ1261-Walker,11/12/24,2.2,33.1,44.6,75,4,48.7
Meyers3400-Uplands,11/12/24,1.9,29.5,37.6,94,2.7,40.6
111Line-Columbine Trail,11/12/24,0,26.2,39.2,97,1.9,38.2
POR31-Iron Horse,11/12/24,0.8,33.4,45.3,98,13.1,39.7
619Line-Sierra Valley West,11/12/24,1.7,34.6,46.5,94,,58.9
SQV8200-Squaw Valley,11/12/24,0.4,27.5,37.6,95,7.4,41
CEM41-Garbage Pit Rd,11/12/24,3.2,36.1,46.3,87,4.4,48.7
CAL204-Dog Valley,11/12/24,2,36.7,47.7,82,6.5,46
TRK7203-Northstar Golf Course,11/12/24,1.1,28.1,42.1,95,10.8,40.1
Hobart Sub,11/12/24,0.3,29.2,42,99,4.2,41.2
SRB51-Smithneck Rd,11/12/24,2.3,36.2,45.9,85,11.8,49.9
TRK7202-Cabin Tree,11/12/24,0.5,28.3,39.4,96,6.9,40.4
Muller1296-Emigrant Trail,11/12/24,5.5,34.6,48.1,73,8,35.2
STL3101 Ledge Ct.,11/12/24,0.6,28.7,35.7,86,6.1,40.8
TAH7300-Homewood,11/12/24,0.1,28.7,38.7,94,5.5,41.5
7400-Glenshire,11/12/24,0.6,28.6,41.1,96,2.7,42.3
MEY3300-Grass Lake Road,11/12/24,0.1,25.3,38.4,99,5.9,36.3
WSH201-Floriston,11/12/24,1.1,32.6,44.2,92,5.9,41.4
Washoe204-Fariad,11/12/24,4.8,35.2,44.9,90,8.9,42.3
MEY3400-Camp Richardson,11/12/24,0.5,28.7,39,97,6.9,42.2
MEY3500-STPD Office,11/12/24,0.1,27,41.3,98,7.4,45.5
621Line-I-80 Gravel Pit,11/12/24,0.6,30.4,43.6,96,4.2,42.4
7201-Alpine Meadows,11/12/24,0.2,28.4,38.8,98,13.3,39
MUL1296-Markleeville,11/12/24,0,27.4,45.6,92,2.4,43.1
TPZ1261-Eastside Lane,11/12/24,8.8,33.9,45.2,64,3.8,45.7
MEY3300-Tolteca,11/12/24,0.6,28.1,38.3,90,,
TAH-5201 Lake Forest,11/12/24,0.3,28.2,39.9,92,15.2,37.4
Tahoe-7300 Sugar Pine Point,11/12/24,0.2,28.9,38.3,97,5.1,38.7
SOK-257 Reno Park,11/12/24,3.7,37,47.6,79,7.4,45.2
SMP8700-Firecamp,11/12/24,0.2,29.3,41.9,95,,
TAH5201-Fairway,11/12/24,0.5,28.2,39.5,93,,
TPZ1261 Cunningham,11/12/24,2.9,32.6,46,85,,
MUL1296-Sorensens,11/12/24,1.6,21.7,37.2,91,,
GLS7600-Walden,11/11/24,2.7,33.8,43.6,96,13.1,38.4
TAH7300-DL Bliss,11/11/24,3.3,35.1,47.4,97,3.9,37.4
MUL1296-Woodfords,11/11/24,9.6,42.8,55.5,96,0.9,50
BKY4201-Summit,11/11/24,5,,,100,6.2,39.2
TPZ1261–Park Ranch,11/11/24,11.6,48.5,61.8,94,3.8,49.3
TPZ1261-Walker,11/11/24,8.2,44.4,58.8,95,4.1,51.2
Meyers3400-Uplands,11/11/24,14.4,34.2,46.2,97,2.8,42.8
111Line-Columbine Trail,11/11/24,2.1,34.3,45.2,98,1.9,39
POR31-Iron Horse,11/11/24,1.9,37.3,49.1,97,6.1,39.8
619Line-Sierra Valley West,11/11/24,9,40.8,50.6,97,,58.9
SQV8200-Squaw Valley,11/11/24,4.7,35.4,45.4,96,7,43.7
CEM41-Garbage Pit Rd,11/11/24,8,41.4,51.2,92,4.4,51
CAL204-Dog Valley,11/11/24,7.7,44.2,53.8,83,6.5,49
TRK7203-Northstar Golf Course,11/11/24,7.6,37.8,49.3,96,10.7,43.1
Hobart Sub,11/11/24,2,34.1,46.4,99,4.2,42.6
SRB51-Smithneck Rd,11/11/24,5.3,40.1,49.2,92,11.9,51.6
TRK7202-Cabin Tree,11/11/24,3.7,34.9,44.2,97,6.6,42.2
Muller1296-Emigrant Trail,11/11/24,15.6,43.9,56.6,89,6.4,43.2
STL3101 Ledge Ct.,11/11/24,4.2,34.1,44.2,97,3.2,45.3
TAH7300-Homewood,11/11/24,2.5,35.9,46.5,96,5.7,42
7400-Glenshire,11/11/24,3.2,37.4,47.2,96,2.3,43.1
MEY3300-Grass Lake Road,11/11/24,2.3,35,46.4,100,5.9,38.1
WSH201-Floriston,11/11/24,9.3,41.2,53.1,92,5.9,44.4
Washoe204-Fariad,11/11/24,12.8,42.8,53.5,91,7.5,45.3
MEY3400-Camp Richardson,11/11/24,5.4,36.9,48.4,98,6.5,43.6
MEY3500-STPD Office,11/11/24,2,35.6,46.7,98,7.1,47.8
621Line-I-80 Gravel Pit,11/11/24,5.7,38,48.3,96,2.8,45.3
7201-Alpine Meadows,11/11/24,3.6,35.4,45.2,97,11.1,41.3
MUL1296-Markleeville,11/11/24,4.2,40.1,52.1,96,2.4,46.3
TPZ1261-Eastside Lane,11/11/24,17.2,45.5,56.8,94,3.9,53.1
MEY3300-Tolteca,11/11/24,5,35.2,46.5,93,,
TAH-5201 Lake Forest,11/11/24,2.2,35.6,45.4,94,15.3,39.2
Tahoe-7300 Sugar Pine Point,11/11/24,1,35.4,45,96,4.8,39.6
SOK-257 Reno Park,11/11/24,12.5,42.1,51.2,84,7.4,47.3
SMP8700-Firecamp,11/11/24,1.5,33.6,46.2,95,,
TAH5201-Fairway,11/11/24,3.3,35.5,45.5,94,,
TPZ1261 Cunningham,11/11/24,7.5,44.5,60,93,,
MUL1296-Sorensens,11/11/24,2.3,33.4,46.1,93,,
GLS7600-Walden,11/10/24,2.1,46.3,55.1,47,13.4,39.1
TAH7300-DL Bliss,11/10/24,2.1,47.6,54.9,49,3.8,39.2
MUL1296-Woodfords,11/10/24,3.2,52.4,64.3,41,0.9,50.1
BKY4201-Summit,11/10/24,4.1,,,100,6.3,39.8
TPZ1261–Park Ranch,11/10/24,2.2,47.9,66.2,80,3.8,48.6
TPZ1261-Walker,11/10/24,4.1,48.7,61.7,56,4.1,51.2
Meyers3400-Uplands,11/10/24,8.1,47.5,54.9,37,2.9,43.6
111Line-Columbine Trail,11/10/24,1.8,42.5,57.2,63,1.9,39.2
POR31-Iron Horse,11/10/24,1.3,42.5,59.1,86,4.7,41.1
619Line-Sierra Valley West,11/10/24,4.3,44.4,60.5,85,,58.9
SQV8200-Squaw Valley,11/10/24,4.3,45.2,54.7,72,6.9,45.5
CEM41-Garbage Pit Rd,11/10/24,5.2,47.2,62.6,70,4.4,52.3
CAL204-Dog Valley,11/10/24,2.8,49.5,64.3,56,6.5,48.8
TRK7203-Northstar Golf Course,11/10/24,3.7,41.1,58.4,88,10.6,43
Hobart Sub,11/10/24,1.4,39.8,58.6,92,4.3,44.3
SRB51-Smithneck Rd,11/10/24,4.9,47.9,61.8,54,11.9,51.7
TRK7202-Cabin Tree,11/10/24,2.8,44.5,55.4,58,6.3,42.9
Muller1296-Emigrant Trail,11/10/24,7.7,49.6,67.1,58,3.4,44
STL3101 Ledge Ct.,11/10/24,2,46.2,57.6,42,3.3,47
TAH7300-Homewood,11/10/24,1.7,45.5,55.2,58,5.8,41.9
7400-Glenshire,11/10/24,1.9,39.6,58.2,83,2,43.4
MEY3300-Grass Lake Road,11/10/24,1.2,39.3,59.4,79,5.9,39.9
WSH201-Floriston,11/10/24,5.2,47.3,61.8,70,6,48.9
Washoe204-Fariad,11/10/24,7.9,47.6,62.5,66,7.1,44.5
MEY3400-Camp Richardson,11/10/24,2.9,46.8,57.7,71,6.6,43.6
MEY3500-STPD Office,11/10/24,1.1,39.5,59.2,84,7.2,50.3
621Line-I-80 Gravel Pit,11/10/24,3.1,39.6,59.6,88,2.8,46.8
7201-Alpine Meadows,11/10/24,3,44.7,54.6,72,11.3,42.2
MUL1296-Markleeville,11/10/24,2.1,47.4,64.4,70,2.4,46.6
TPZ1261-Eastside Lane,11/10/24,5.1,52.4,62.2,43,4,54.5
MEY3300-Tolteca,11/10/24,4.1,48,56,38,,
TAH-5201 Lake Forest,11/10/24,1.7,45.8,56.5,51,15.5,39.4
Tahoe-7300 Sugar Pine Point,11/10/24,1.1,45.3,57.4,53,4.9,44
SOK-257 Reno Park,11/10/24,6.9,50.3,63.5,53,7.4,47.4
SMP8700-Firecamp,11/10/24,1,39.1,59.4,84,,
TAH5201-Fairway,11/10/24,4.3,47.6,55.7,62,,
TPZ1261 Cunningham,11/10/24,2.3,45.2,64.4,75,,
MUL1296-Sorensens,11/10/24,1.6,37.3,57.2,75,,
GLS7600-Walden,11/9/24,0.7,45.2,56.4,66,13.6,37.7
TAH7300-DL Bliss,11/9/24,0.3,44.9,51.2,77,3.8,38.5
MUL1296-Woodfords,11/9/24,1.6,48.2,64,58,0.9,48.8
BKY4201-Summit,11/9/24,1.2,,,100,6.2,38.8
TPZ1261–Park Ranch,11/9/24,2.9,44,63,84,3.7,47
TPZ1261-Walker,11/9/24,3,44.7,59.4,68,4.1,50.4
Meyers3400-Uplands,11/9/24,2.5,47,57.7,67,3,42.3
111Line-Columbine Trail,11/9/24,0.6,40.9,56.9,81,1.9,38.4
POR31-Iron Horse,11/9/24,1.2,39.7,60,83,4.6,40
619Line-Sierra Valley West,11/9/24,2.9,39.8,62.4,85,,58.9
SQV8200-Squaw Valley,11/9/24,2.4,38.9,55.8,93,6.8,44.2
CEM41-Garbage Pit Rd,11/9/24,3.2,42.4,62.2,77,4.4,51
CAL204-Dog Valley,11/9/24,1.9,44.7,62.9,73,6.4,46.5
TRK7203-Northstar Golf Course,11/9/24,2.2,36.1,59.4,94,10.5,41.8
Hobart Sub,11/9/24,0.8,37,60.3,96,4.2,43.3
SRB51-Smithneck Rd,11/9/24,2,43,61.9,73,11.8,50.9
TRK7202-Cabin Tree,11/9/24,1,40.6,57.5,91,6.2,41.6
Muller1296-Emigrant Trail,11/9/24,2.7,43.6,59.9,66,3.5,41
STL3101 Ledge Ct.,11/9/24,0.6,43.9,52.9,81,3.4,45.3
TAH7300-Homewood,11/9/24,0.7,42.3,55.9,92,6,41.5
7400-Glenshire,11/9/24,1.3,36.6,59.8,92,2,42.4
MEY3300-Grass Lake Road,11/9/24,0.5,39.3,59.6,83,5.8,39.2
WSH201-Floriston,11/9/24,2.9,41.6,63.5,78,5.8,45.1
Washoe204-Fariad,11/9/24,5.6,44.3,64,77,7,42.3
MEY3400-Camp Richardson,11/9/24,1.8,41.2,57.8,92,6.6,42.8
MEY3500-STPD Office,11/9/24,0.5,37.9,56.9,92,7.2,49.8
621Line-I-80 Gravel Pit,11/9/24,1,37.1,61.2,91,2.8,45.5
7201-Alpine Meadows,11/9/24,1.2,40.7,56.1,93,11.4,40.9
MUL1296-Markleeville,11/9/24,0.8,41,66.1,87,2.4,44.9
TPZ1261-Eastside Lane,11/9/24,5.1,47.6,60.2,52,4,52.7
MEY3300-Tolteca,11/9/24,2.8,45,56.7,73,,
TAH-5201 Lake Forest,11/9/24,0.9,41.7,58.2,90,15.8,38.4
Tahoe-7300 Sugar Pine Point,11/9/24,0.8,42.2,55.1,81,4.9,42.5
SOK-257 Reno Park,11/9/24,4.4,45.8,62.4,65,7.3,45.2
SMP8700-Firecamp,11/9/24,0.7,37.3,61.2,92,,
TAH5201-Fairway,11/9/24,1.2,41,56.5,94,,
TPZ1261 Cunningham,11/9/24,2,40.4,60.6,80,,
MUL1296-Sorensens,11/9/24,2.1,35.9,58.8,84,,
GLS7600-Walden,11/8/24,0.3,41.7,57.2,51,13.8,36.2
TAH7300-DL Bliss,11/8/24,0.4,44.7,51.7,58,3.7,37.1
MUL1296-Woodfords,11/8/24,1.1,41.3,55.6,64,0.9,48
BKY4201-Summit,11/8/24,0.9,,,100,6.2,37.3
TPZ1261–Park Ranch,11/8/24,4.4,41.4,59.8,73,3.7,46.1
TPZ1261-Walker,11/8/24,3.8,40.6,56.7,60,4.1,49.7
Meyers3400-Uplands,11/8/24,1.7,45.1,52.1,52,3.1,40.4
111Line-Columbine Trail,11/8/24,0.2,39,58.5,73,1.8,38
POR31-Iron Horse,11/8/24,0.9,37.6,61.1,74,4.5,39.2
619Line-Sierra Valley West,11/8/24,2.5,36.4,61.1,80,,58.9
SQV8200-Squaw Valley,11/8/24,0.7,35.4,59.4,88,6.8,43.4
CEM41-Garbage Pit Rd,11/8/24,2.6,39.9,60.4,62,4.4,50.4
CAL204-Dog Valley,11/8/24,1.6,38.5,57.7,55,6.4,45.6
TRK7203-Northstar Golf Course,11/8/24,0.8,32.7,61.5,90,10.4,41.1
Hobart Sub,11/8/24,0.5,34,61.5,89,4.2,42.9
SRB51-Smithneck Rd,11/8/24,2.6,40.6,59,59,11.8,50.5
TRK7202-Cabin Tree,11/8/24,0.5,37.7,58.6,72,6.2,40.7
Muller1296-Emigrant Trail,11/8/24,4.1,39.3,56.7,63,3.6,38.9
STL3101 Ledge Ct.,11/8/24,0.4,43,51.7,53,3.5,43.8
TAH7300-Homewood,11/8/24,0.1,39.6,53.8,83,6.1,41.6
7400-Glenshire,11/8/24,1,33.4,59.9,83,2,41.9
MEY3300-Grass Lake Road,11/8/24,0.9,37.6,58.8,86,5.8,38
WSH201-Floriston,11/8/24,2.2,36.8,56.6,73,5.8,43.1
Washoe204-Fariad,11/8/24,3.5,38,55.2,71,7,41.1
MEY3400-Camp Richardson,11/8/24,1.1,37.9,54.9,84,6.6,42.5
MEY3500-STPD Office,11/8/24,0.4,35.1,55.9,88,7.2,49.3
621Line-I-80 Gravel Pit,11/8/24,1,34,59.8,89,2.8,44.8
7201-Alpine Meadows,11/8/24,0.6,36.6,59.6,91,11.6,40.1
MUL1296-Markleeville,11/8/24,0.2,34.6,58.5,81,2.4,43.6
TPZ1261-Eastside Lane,11/8/24,5.3,43.2,56.9,52,3.9,50.7
MEY3300-Tolteca,11/8/24,0.6,42.4,57.4,68,,
TAH-5201 Lake Forest,11/8/24,0.8,39.5,57.2,78,16,37.4
Tahoe-7300 Sugar Pine Point,11/8/24,0.6,39.8,53.1,72,4.9,40.9
SOK-257 Reno Park,11/8/24,4.9,41.5,56.9,44,7.3,44.3
SMP8700-Firecamp,11/8/24,0.3,34.2,61.5,83,,
TAH5201-Fairway,11/8/24,0.5,37.6,52.8,86,,
TPZ1261 Cunningham,11/8/24,2.1,36.8,58.2,80,,
MUL1296-Sorensens,11/8/24,2,31.8,53.1,82,,
GLS7600-Walden,11/7/24,0.5,33.8,48.8,54,14,35.4
TAH7300-DL Bliss,11/7/24,1.4,39.7,50.6,65,3.7,35.5
MUL1296-Woodfords,11/7/24,1.5,35,48.9,61,0.9,47.8
BKY4201-Summit,11/7/24,1.8,,,100,6.1,36.7
TPZ1261–Park Ranch,11/7/24,4.6,36.6,54.1,80,3.7,45.1
TPZ1261-Walker,11/7/24,3.6,34.5,50.9,76,4,49.5
Meyers3400-Uplands,11/7/24,2.8,38.4,48.2,61,3.1,39.2
111Line-Columbine Trail,11/7/24,0.3,34.1,52.4,70,1.8,38.2
POR31-Iron Horse,11/7/24,1.9,35.7,55.4,66,4.5,39.3
619Line-Sierra Valley West,11/7/24,5.7,38.4,55.7,65,,58.9
SQV8200-Squaw Valley,11/7/24,1,32.1,53.9,80,6.8,42.3
CEM41-Garbage Pit Rd,11/7/24,3.9,37.3,56.6,56,4.4,49.5
CAL204-Dog Valley,11/7/24,2.5,35.4,53.8,61,6.4,45.6
TRK7203-Northstar Golf Course,11/7/24,1.5,30,54,84,10.3,40.6
Hobart Sub,11/7/24,0.6,30.6,53.6,80,4.2,42.7
SRB51-Smithneck Rd,11/7/24,2,36.9,55.5,55,11.8,50.4
TRK7202-Cabin Tree,11/7/24,1.1,33.4,53.2,66,6.2,40.4
Muller1296-Emigrant Trail,11/7/24,4.9,34.2,50.5,68,3.7,36
STL3101 Ledge Ct.,11/7/24,0.3,37,49.4,57,3.6,41.6
TAH7300-Homewood,11/7/24,0.4,36.8,51.7,79,6.3,42.1
7400-Glenshire,11/7/24,1.4,30.5,51.4,78,2,42.1
MEY3300-Grass Lake Road,11/7/24,1,34.7,54.2,71,5.8,36.8
WSH201-Floriston,11/7/24,2,33.8,49.8,72,5.7,41.7
Washoe204-Fariad,11/7/24,3.4,35.1,50.3,70,6.9,41.1
MEY3400-Camp Richardson,11/7/24,1.5,35.2,52.8,78,6.7,42.6
MEY3500-STPD Office,11/7/24,0.6,32.2,52.8,82,7.2,48.4
621Line-I-80 Gravel Pit,11/7/24,1.4,31.5,52.1,82,2.8,44.7
7201-Alpine Meadows,11/7/24,0.6,33.4,55.7,80,11.8,39.4
MUL1296-Markleeville,11/7/24,0.1,30.3,53.6,83,2.3,42.7
TPZ1261-Eastside Lane,11/7/24,6.6,36.5,51.5,55,3.8,48.1
MEY3300-Tolteca,11/7/24,0.8,37.7,52.7,56,,
TAH-5201 Lake Forest,11/7/24,0.9,36.2,53.3,65,16.2,36.8
Tahoe-7300 Sugar Pine Point,11/7/24,0.7,36.7,50.5,75,4.8,39.4
SOK-257 Reno Park,11/7/24,6.4,37.4,52.3,53,7.3,43.8
SMP8700-Firecamp,11/7/24,0.3,30.8,53.2,81,,
TAH5201-Fairway,11/7/24,0.9,35.5,51.7,77,,
TPZ1261 Cunningham,11/7/24,2.4,32.4,51.8,81,,
MUL1296-Sorensens,11/7/24,1.4,27.5,47,78,,
GLS7600-Walden,11/6/24,0.4,28.1,38.5,67,14.4,36.5
TAH7300-DL Bliss,11/6/24,2.1,29.4,35.4,71,3.6,36
MUL1296-Woodfords,11/6/24,3.2,32.9,42.5,70,0.9,49.3
BKY4201-Summit,11/6/24,2.9,26.9,36.3,71,6.2,38.3
TPZ1261–Park Ranch,11/6/24,6.6,35.3,44.8,78,3.7,47.2
TPZ1261-Walker,11/6/24,4.8,31.3,41.6,81,4.1,50.6
Meyers3400-Uplands,11/6/24,7.4,28.8,35.5,71,3.2,40.4
111Line-Columbine Trail,11/6/24,5,29.7,38.8,68,1.8,39.5
POR31-Iron Horse,11/6/24,4.5,35.4,43.1,61,4.5,40.4
619Line-Sierra Valley West,11/6/24,10.7,34,43.5,70,,58.9
SQV8200-Squaw Valley,11/6/24,7.4,30.8,38.8,68,6.8,42.8
CEM41-Garbage Pit Rd,11/6/24,11.5,36,42.4,57,4.4,50.3
CAL204-Dog Valley,11/6/24,6.9,34.8,42.1,58,6.5,47.6
TRK7203-Northstar Golf Course,11/6/24,2.7,29.7,43.8,78,10.4,41.8
Hobart Sub,11/6/24,1.5,30.4,42.7,74,4.2,44.3
SRB51-Smithneck Rd,11/6/24,5.4,35.2,43,58,11.9,51.4
TRK7202-Cabin Tree,11/6/24,4.5,30.3,40,65,6.2,41.8
Muller1296-Emigrant Trail,11/6/24,6.5,32.4,43.5,74,4.2,37.2
STL3101 Ledge Ct.,11/6/24,2.7,27.6,35.5,71,3.7,42.5
TAH7300-Homewood,11/6/24,1.8,33.8,39.7,80,6.4,43.3
7400-Glenshire,11/6/24,2.2,29.4,42.3,76,2,43.8
MEY3300-Grass Lake Road,11/6/24,4,30.5,41,66,5.7,37.4
WSH201-Floriston,11/6/24,7.6,33.3,40.5,59,5.7,42.7
Washoe204-Fariad,11/6/24,19.6,35.2,40,56,6.9,42.1
MEY3400-Camp Richardson,11/6/24,4.6,31.8,38.9,74,6.7,43.9
MEY3500-STPD Office,11/6/24,3.4,31.2,41,70,7.2,49.2
621Line-I-80 Gravel Pit,11/6/24,3.3,31.3,42.1,74,2.8,46.1
7201-Alpine Meadows,11/6/24,4,32.2,39.1,70,12.2,40.2
MUL1296-Markleeville,11/6/24,0.8,30.3,42.6,78,2.4,43.9
TPZ1261-Eastside Lane,11/6/24,5.1,31.9,41.8,66,3.8,48.5
MEY3300-Tolteca,11/6/24,3.1,30.8,39.8,58,,
TAH-5201 Lake Forest,11/6/24,2.1,31.8,38.2,68,16.6,37.7
Tahoe-7300 Sugar Pine Point,11/6/24,1.6,32.1,38,79,4.7,39.4
SOK-257 Reno Park,11/6/24,7.9,33.2,41.4,67,7.3,45.4
SMP8700-Firecamp,11/6/24,2.2,31,39.4,64,,
TAH5201-Fairway,11/6/24,5.9,32.2,37.7,73,,
TPZ1261 Cunningham,11/6/24,5.7,32.1,42.8,78,,
MUL1296-Sorensens,11/6/24,1.9,27.1,35.3,70,,
GLS7600-Walden,11/5/24,0.6,37,46.6,88,14.7,39.1
TAH7300-DL Bliss,11/5/24,1.8,40.5,45.1,78,3.6,37.8
MUL1296-Woodfords,11/5/24,2.4,41.8,49.3,71,0.9,50.1
BKY4201-Summit,11/5/24,2.3,,,100,6.2,39.4
TPZ1261–Park Ranch,11/5/24,4.5,43.7,54.8,82,3.8,49.6
TPZ1261-Walker,11/5/24,4.8,42.8,51.5,72,4.1,51.2
Meyers3400-Uplands,11/5/24,4.8,39.8,45,76,3.1,42
111Line-Columbine Trail,11/5/24,1.4,38.2,49.6,85,1.7,40.1
POR31-Iron Horse,11/5/24,1.7,38.3,51.8,97,4.5,42.1
619Line-Sierra Valley West,11/5/24,4.3,38.2,50.8,96,,58.9
SQV8200-Squaw Valley,11/5/24,3.1,36.2,48.4,95,6.8,43.9
CEM41-Garbage Pit Rd,11/5/24,5.4,41.1,51.4,90,4.4,51.6
CAL204-Dog Valley,11/5/24,4,42.9,51.7,78,6.5,48.9
TRK7203-Northstar Golf Course,11/5/24,3.4,35.6,50.3,96,10.5,43.5
Hobart Sub,11/5/24,1.2,35.8,49.4,99,4.3,45.4
SRB51-Smithneck Rd,11/5/24,1.6,40.8,49.9,87,11.9,51.9
TRK7202-Cabin Tree,11/5/24,2.4,36.3,46.6,96,6.2,43.1
Muller1296-Emigrant Trail,11/5/24,5.5,41.6,51.5,80,6.1,42.2
STL3101 Ledge Ct.,11/5/24,1.7,39.9,45.8,64,3.8,44.2
TAH7300-Homewood,11/5/24,0.8,40.5,48.6,86,6.5,43.6
7400-Glenshire,11/5/24,3,36.2,49.1,95,2.1,44.9
MEY3300-Grass Lake Road,11/5/24,1.2,36.9,49.4,92,5.7,39.1
WSH201-Floriston,11/5/24,4.4,39.8,50.8,90,5.8,45.8
Washoe204-Fariad,11/5/24,7.7,40.7,50.7,88,6.8,44.4
MEY3400-Camp Richardson,11/5/24,2.7,39.8,48.7,92,6.8,44.6
MEY3500-STPD Office,11/5/24,1.4,37.3,50.5,94,7.2,50.2
621Line-I-80 Gravel Pit,11/5/24,3.2,37.4,49.9,95,2.8,47.4
7201-Alpine Meadows,11/5/24,1.5,36.6,49.1,98,12.9,41.8
MUL1296-Markleeville,11/5/24,0.3,37.5,50.9,90,2.4,45.9
TPZ1261-Eastside Lane,11/5/24,6.7,43.2,51.5,63,3.9,53.1
MEY3300-Tolteca,11/5/24,2.3,40.1,48.8,74,,
TAH-5201 Lake Forest,11/5/24,1,39,49.5,84,17,38.8
Tahoe-7300 Sugar Pine Point,11/5/24,1.1,40.5,48.5,86,4.7,42.6
SOK-257 Reno Park,11/5/24,5.8,40.4,48.9,86,7.3,47.3
SMP8700-Firecamp,11/5/24,0.9,36.1,49.8,95,,
TAH5201-Fairway,11/5/24,3.1,38.6,50.1,91,,
TPZ1261 Cunningham,11/5/24,4.7,41.5,52.8,80,,
MUL1296-Sorensens,11/5/24,1.3,33.5,44.5,88,,
GLS7600-Walden,11/4/24,0.3,39,52.9,70,14.8,38
TAH7300-DL Bliss,11/4/24,0.5,41.3,49.7,67,3.5,36.3
MUL1296-Woodfords,11/4/24,1.3,41.3,54.5,72,0.9,49.4
BKY4201-Summit,11/4/24,1.1,,,100,6.2,39
TPZ1261–Park Ranch,11/4/24,3.2,42.3,58.6,87,3.8,48.5
TPZ1261-Walker,11/4/24,3.5,41.1,56,80,4,50.4
Meyers3400-Uplands,11/4/24,3.2,41.1,50,61,2.9,40.7
111Line-Columbine Trail,11/4/24,0.5,37.5,53.3,86,1.6,40
POR31-Iron Horse,11/4/24,1,38.2,58.1,94,4.3,40.8
619Line-Sierra Valley West,11/4/24,2.2,38.4,58.4,94,,58.9
SQV8200-Squaw Valley,11/4/24,1.3,35.5,55.2,92,6.8,42.9
CEM41-Garbage Pit Rd,11/4/24,3,40.1,58,86,4.4,49.9
CAL204-Dog Valley,11/4/24,2.1,40.7,59.2,83,6.4,47.3
TRK7203-Northstar Golf Course,11/4/24,1.6,34.8,57,94,10.3,42.2
Hobart Sub,11/4/24,0.6,36,58,97,4.2,44.8
SRB51-Smithneck Rd,11/4/24,1.6,40,57,76,11.8,51
TRK7202-Cabin Tree,11/4/24,0.9,37,54,90,6.2,42
Muller1296-Emigrant Trail,11/4/24,4,40.7,55.8,75,5.8,39
STL3101 Ledge Ct.,11/4/24,1.1,39.8,50.1,63,3.9,41.6
TAH7300-Homewood,11/4/24,0.3,38.9,50.1,86,6.5,43.6
7400-Glenshire,11/4/24,1.5,35.3,56.4,92,2.1,44.4
MEY3300-Grass Lake Road,11/4/24,0.7,36,54.7,90,5.7,38.4
WSH201-Floriston,11/4/24,1.3,38.7,57,84,5.7,43.8
Washoe204-Fariad,11/4/24,3.5,40.3,56.6,86,6.7,43.5
MEY3400-Camp Richardson,11/4/24,1.7,39.4,53.5,84,6.9,44.3
MEY3500-STPD Office,11/4/24,0.7,36.7,54.4,88,7.2,49.2
621Line-I-80 Gravel Pit,11/4/24,1.8,36.8,57.6,90,2.9,46.2
7201-Alpine Meadows,11/4/24,0.9,35.7,55.7,97,13.6,40.9
MUL1296-Markleeville,11/4/24,0.1,35.3,57.6,91,2.4,45.1
TPZ1261-Eastside Lane,11/4/24,7.4,42.9,55.4,62,3.8,50.6
MEY3300-Tolteca,11/4/24,1.2,40,54.1,70,,
TAH-5201 Lake Forest,11/4/24,0.6,37.4,51.3,84,17.5,38.1
Tahoe-7300 Sugar Pine Point,11/4/24,0.6,39.7,50.4,79,4.6,41.4
SOK-257 Reno Park,11/4/24,4.4,41.3,57.5,79,7.3,46
SMP8700-Firecamp,11/4/24,0.5,36,56.5,92,,
TAH5201-Fairway,11/4/24,0.9,37.1,50,88,,
TPZ1261 Cunningham,11/4/24,2.4,38.3,57,84,,
MUL1296-Sorensens,11/4/24,1.4,32.1,50.2,85,,
GLS7600-Walden,11/3/24,0.6,31.3,39.1,94,14.8,38.8
TAH7300-DL Bliss,11/3/24,2.3,33.6,38.6,78,3.5,35.7
MUL1296-Woodfords,11/3/24,2.1,37.1,45.4,81,0.8,51
BKY4201-Summit,11/3/24,2.2,28.7,35.6,95,6.2,39.7
TPZ1261–Park Ranch,11/3/24,4.5,41.5,49.2,78,3.8,50.7
TPZ1261-Walker,11/3/24,4.5,38,45.9,78,4.1,51.7
Meyers3400-Uplands,11/3/24,6.5,33.1,37.5,77,2.6,41
111Line-Columbine Trail,11/3/24,1.7,33.6,39.8,92,1.6,40.4
POR31-Iron Horse,11/3/24,1.5,33.8,46.7,96,4.3,41.6
619Line-Sierra Valley West,11/3/24,4.3,35,47.3,97,,58.9
SQV8200-Squaw Valley,11/3/24,3.4,31.7,40.9,95,7,42.6
CEM41-Garbage Pit Rd,11/3/24,5.1,37.1,47,91,4.3,49.9
CAL204-Dog Valley,11/3/24,3.7,37.4,47.2,83,6.5,48.9
TRK7203-Northstar Golf Course,11/3/24,3.8,31.6,43.4,96,10.4,43.3
Hobart Sub,11/3/24,1.2,32.9,44,99,4.2,45.4
SRB51-Smithneck Rd,11/3/24,1.7,36.7,46.2,89,11.8,51.5
TRK7202-Cabin Tree,11/3/24,2.1,31.4,39.8,96,6.2,43.2
Muller1296-Emigrant Trail,11/3/24,5.4,37.4,47.2,82,9.3,40.7
STL3101 Ledge Ct.,11/3/24,3.7,32.6,36.4,81,4.2,41.2
TAH7300-Homewood,11/3/24,1.2,36.2,42.4,88,6.5,44.1
7400-Glenshire,11/3/24,2.9,33,42.7,97,2.2,46.1
MEY3300-Grass Lake Road,11/3/24,1.4,32.7,41.4,96,5.6,39.1
WSH201-Floriston,11/3/24,4.9,36.8,44.5,91,5.6,42.8
Washoe204-Fariad,11/3/24,7.3,37.5,45.1,91,6.5,44.6
MEY3400-Camp Richardson,11/3/24,3.6,35.7,42.2,89,6.9,45.1
MEY3500-STPD Office,11/3/24,3.2,34.9,42.5,95,7.2,49.1
621Line-I-80 Gravel Pit,11/3/24,3.3,34.4,43.4,96,2.8,46.9
7201-Alpine Meadows,11/3/24,1.6,32.1,42.2,96,14.6,40.9
MUL1296-Markleeville,11/3/24,0.3,33.8,46,91,2.4,46.3
TPZ1261-Eastside Lane,11/3/24,5.3,38.9,45.2,66,3.7,50.1
MEY3300-Tolteca,11/3/24,3.2,33.8,40,83,,
TAH-5201 Lake Forest,11/3/24,0.9,33.8,42.1,91,18.3,38.5
Tahoe-7300 Sugar Pine Point,11/3/24,1.1,35.2,41.7,93,4.4,40.7
SOK-257 Reno Park,11/3/24,6,37.1,45.7,83,7.3,47.2
SMP8700-Firecamp,11/3/24,0.8,33,44.4,95,,
TAH5201-Fairway,11/3/24,3.4,33.4,41.8,93,,
TPZ1261 Cunningham,11/3/24,4.5,37.8,47.4,82,,
MUL1296-Sorensens,11/3/24,1,30.9,38.9,92,,
GLS7600-Walden,11/2/24,0.5,32.6,38.7,96,12.3,39.8
TAH7300-DL Bliss,11/2/24,1.2,34.4,39.6,98,3.4,36.2
MUL1296-Woodfords,11/2/24,3.7,41.7,49.8,93,0.8,51.8
BKY4201-Summit,11/2/24,1,,,100,6.3,40.6
TPZ1261–Park Ranch,11/2/24,5.5,47.2,56.7,93,3.9,51.5
TPZ1261-Walker,11/2/24,5.7,43.6,53.6,92,4.1,52.3
Meyers3400-Uplands,11/2/24,4.8,33.8,40,98,2,42
111Line-Columbine Trail,11/2/24,1.3,35.4,42.1,98,1.4,40.2
POR31-Iron Horse,11/2/24,1.6,37.2,46,98,4.3,44
619Line-Sierra Valley West,11/2/24,4.2,38.9,47.9,97,,58.9
SQV8200-Squaw Valley,11/2/24,3,34.9,39.5,97,7.2,42.9
CEM41-Garbage Pit Rd,11/2/24,5,39.8,47.2,94,4.4,50.9
CAL204-Dog Valley,11/2/24,4.5,42.2,49.5,93,6.5,50.2
TRK7203-Northstar Golf Course,11/2/24,3,35.8,43.2,97,10.4,44.4
Hobart Sub,11/2/24,1.1,35,43.1,100,4.3,46.9
SRB51-Smithneck Rd,11/2/24,1.1,39.2,47,94,11.8,51.8
TRK7202-Cabin Tree,11/2/24,0.7,33.7,38.9,98,6.2,44.5
Muller1296-Emigrant Trail,11/2/24,4.1,42.2,52,95,12.4,46.4
STL3101 Ledge Ct.,11/2/24,3.4,34.5,42.4,96,9,42.3
TAH7300-Homewood,11/2/24,1.2,35.7,41,96,5.8,44.3
7400-Glenshire,11/2/24,1.9,35.8,43.6,98,2.4,46.8
MEY3300-Grass Lake Road,11/2/24,0.6,35.8,43.1,100,5.5,40
WSH201-Floriston,11/2/24,2.1,38.9,45.6,95,5.6,45.1
Washoe204-Fariad,11/2/24,6.6,40.6,47,95,6.3,45.6
MEY3400-Camp Richardson,11/2/24,1.7,37.2,44.7,98,6.5,45.2
MEY3500-STPD Office,11/2/24,0.9,36.8,44.4,97,6.9,49.3
621Line-I-80 Gravel Pit,11/2/24,2.2,36.6,43.8,97,2.9,48.1
7201-Alpine Meadows,11/2/24,1,34.6,38.7,99,16.6,40.6
MUL1296-Markleeville,11/2/24,2.3,41.2,49.2,95,2.5,47.7
TPZ1261-Eastside Lane,11/2/24,6.6,43.6,52.5,91,3.8,53.6
MEY3300-Tolteca,11/2/24,2.8,35.5,41.2,92,,
TAH-5201 Lake Forest,11/2/24,0.5,34.5,41,97,20.2,39
Tahoe-7300 Sugar Pine Point,11/2/24,0.7,34.8,41.4,97,4.4,41.3
SOK-257 Reno Park,11/2/24,7.8,40.6,48.6,89,7.3,48.5
SMP8700-Firecamp,11/2/24,1,35.7,45.2,97,,
TAH5201-Fairway,11/2/24,1.6,34.5,39.5,96,,
TPZ1261 Cunningham,11/2/24,4.7,43.9,53.8,93,,
MUL1296-Sorensens,11/2/24,1.2,33.9,41.4,93,,
GLS7600-Walden,11/1/24,1.5,36.2,45.6,95,9.7,40
TAH7300-DL Bliss,11/1/24,2,37.6,44.8,98,3.3,36.7
MUL1296-Woodfords,11/1/24,5.2,41.1,55.6,89,0.8,52
BKY4201-Summit,11/1/24,2,,,100,6.2,40.3
TPZ1261–Park Ranch,11/1/24,5,44.3,61.3,85,3.8,50.5
TPZ1261-Walker,11/1/24,5.4,42,57.8,79,4.1,51.7
Meyers3400-Uplands,11/1/24,7,37.7,46.2,96,1.9,42.8
111Line-Columbine Trail,11/1/24,2.1,35.7,46.4,97,1.4,40.5
POR31-Iron Horse,11/1/24,1.4,35.6,49.3,96,4.2,42.5
619Line-Sierra Valley West,11/1/24,5.6,34.7,50,97,,58.9
SQV8200-Squaw Valley,11/1/24,3.8,33.6,44,96,6.5,43.6
CEM41-Garbage Pit Rd,11/1/24,6.4,37,50.9,94,4.3,50.7
CAL204-Dog Valley,11/1/24,4.4,40.2,53.6,84,6.5,49.6
TRK7203-Northstar Golf Course,11/1/24,4.1,33,49.1,95,10.2,43.2
Hobart Sub,11/1/24,1.7,33.5,49.4,99,4.2,45.9
SRB51-Smithneck Rd,11/1/24,3.8,37.2,49.8,93,11.8,52.2
TRK7202-Cabin Tree,11/1/24,2.3,34,44.6,97,5.8,44.2
Muller1296-Emigrant Trail,11/1/24,8.7,40.6,57.1,82,1,43.5
STL3101 Ledge Ct.,11/1/24,3.9,38,47.3,93,3.1,43.4
TAH7300-Homewood,11/1/24,1.6,36.4,46.4,96,4.5,44.9
7400-Glenshire,11/1/24,2.6,33.6,49.1,95,1.9,46.1
MEY3300-Grass Lake Road,11/1/24,1.5,35.4,48.6,99,5.5,38.6
WSH201-Floriston,11/1/24,4.8,38,50.7,90,5.5,43.7
Washoe204-Fariad,11/1/24,9.3,39.7,51.2,84,6.2,45.1
MEY3400-Camp Richardson,11/1/24,3.5,36.8,49.2,98,5.2,45.7
MEY3500-STPD Office,11/1/24,1.4,34.3,48.5,96,6.5,48.2
621Line-I-80 Gravel Pit,11/1/24,3.3,34.6,49.9,94,2.8,47.4
7201-Alpine Meadows,11/1/24,1.8,34.2,45.1,98,13.5,41
MUL1296-Markleeville,11/1/24,2.3,38.3,56.6,89,2.4,46.2
TPZ1261-Eastside Lane,11/1/24,6.6,43.4,57.7,63,3.8,51.6
MEY3300-Tolteca,11/1/24,3.1,38,45.8,91,,
TAH-5201 Lake Forest,11/1/24,1.5,35.4,46,96,16.4,39.4
Tahoe-7300 Sugar Pine Point,11/1/24,0.7,36.6,45.9,96,4.3,39.9
SOK-257 Reno Park,11/1/24,9.3,39.5,52.4,85,7.3,47.6
SMP8700-Firecamp,11/1/24,1.6,34,49,96,,
TAH5201-Fairway,11/1/24,1.9,35.1,44.9,95,,
TPZ1261 Cunningham,11/1/24,5,41,58.9,88,,
MUL1296-Sorensens,11/1/24,2.9,32.5,47.8,92,,
GLS7600-Walden,10/31/24,1.7,33.2,39,91,9.7,40.7
TAH7300-DL Bliss,10/31/24,3.4,35.7,38.7,85,3.1,37.1
MUL1296-Woodfords,10/31/24,10.2,44.4,49,63,0.8,52.9
BKY4201-Summit,10/31/24,1.8,30.2,35.1,96,6.2,41.4
TPZ1261–Park Ranch,10/31/24,6.7,50.4,58,72,3.9,51.2
TPZ1261-Walker,10/31/24,7.7,46.6,56.2,72,4.1,52.4
Meyers3400-Uplands,10/31/24,9,34.5,39.8,93,1.9,43.2
111Line-Columbine Trail,10/31/24,2.5,34.4,41.7,96,1.4,41.2
POR31-Iron Horse,10/31/24,1.7,35.4,44.2,97,4.2,43.9
619Line-Sierra Valley West,10/31/24,5.6,36.9,44.6,95,,58.9
SQV8200-Squaw Valley,10/31/24,7.1,33.4,39.2,95,6.5,44.8
CEM41-Garbage Pit Rd,10/31/24,6.1,37.8,45.6,95,4.4,51.9
CAL204-Dog Valley,10/31/24,5,41.5,47.2,76,6.6,51.1
TRK7203-Northstar Golf Course,10/31/24,5.8,34.5,42.3,95,10.4,45
Hobart Sub,10/31/24,2.6,33.9,43.4,96,4.3,47.1
SRB51-Smithneck Rd,10/31/24,1.4,37,44.2,97,11.9,53.2
TRK7202-Cabin Tree,10/31/24,2.4,32.8,39,95,5.9,45.3
Muller1296-Emigrant Trail,10/31/24,12.1,44.7,52.2,70,1,47.3
STL3101 Ledge Ct.,10/31/24,4.7,35.1,41.2,91,3.2,44
TAH7300-Homewood,10/31/24,2.9,34.4,39.1,90,4.5,45.8
7400-Glenshire,10/31/24,3.4,34.3,41.8,94,1.9,47.6
MEY3300-Grass Lake Road,10/31/24,3.1,35.6,41.6,88,5.5,39.8
WSH201-Floriston,10/31/24,3.5,38.3,45.1,88,5.6,46.6
Washoe204-Fariad,10/31/24,9.3,39.9,45.1,84,6.2,46.2
MEY3400-Camp Richardson,10/31/24,5.1,37.2,43.3,89,5.2,46.6
MEY3500-STPD Office,10/31/24,2.4,35.9,43.9,89,6.6,50.5
621Line-I-80 Gravel Pit,10/31/24,3.3,35.5,43.2,91,2.8,48.5
7201-Alpine Meadows,10/31/24,2.7,32.9,38,97,10.8,41.7
MUL1296-Markleeville,10/31/24,5,40.3,50.5,85,2.5,47.4
TPZ1261-Eastside Lane,10/31/24,8.5,47.4,55.8,52,3.8,54.4
MEY3300-Tolteca,10/31/24,3.6,34.8,40.2,90,,
TAH-5201 Lake Forest,10/31/24,1.3,33.8,40.5,93,16,40.6
Tahoe-7300 Sugar Pine Point,10/31/24,1.3,35.4,40.3,90,4.4,41.4
SOK-257 Reno Park,10/31/24,9.2,38.6,45.4,92,7.3,49
SMP8700-Firecamp,10/31/24,1.9,33.9,43,92,,
TAH5201-Fairway,10/31/24,2.6,33.4,40.1,94,,
TPZ1261 Cunningham,10/31/24,9.4,47.1,55.7,81,,
MUL1296-Sorensens,10/31/24,3.1,35.2,41.6,81,,
GLS7600-Walden,10/30/24,1.7,34.7,44.6,75,9.8,39.3
TAH7300-DL Bliss,10/30/24,2.4,36.4,43,67,3,38.3
MUL1296-Woodfords,10/30/24,5.2,40.2,52.8,69,0.8,52.8
BKY4201-Summit,10/30/24,2.6,,,100,6.2,42.1
TPZ1261–Park Ranch,10/30/24,4.4,42.4,55.4,88,3.8,48.7
TPZ1261-Walker,10/30/24,3.9,38.5,50,86,4.1,52
Meyers3400-Uplands,10/30/24,7.6,35.4,44.8,74,1.9,43.8
111Line-Columbine Trail,10/30/24,2.1,33.8,45.7,80,1.4,41.7
POR31-Iron Horse,10/30/24,2,34.1,48.8,91,4.1,42
619Line-Sierra Valley West,10/30/24,5.6,32.9,50.4,92,,58.9
SQV8200-Squaw Valley,10/30/24,6.3,32.6,44.1,91,6.3,46
CEM41-Garbage Pit Rd,10/30/24,6.7,35.8,51.8,88,4.4,52
CAL204-Dog Valley,10/30/24,4.3,39.1,52.1,73,6.5,50.4
TRK7203-Northstar Golf Course,10/30/24,4.2,31.3,48.1,93,10.2,43.6
Hobart Sub,10/30/24,2.3,31.1,47.6,92,4.2,46.4
SRB51-Smithneck Rd,10/30/24,2.6,36.7,50.3,85,12,54.4
TRK7202-Cabin Tree,10/30/24,2.2,32.4,45.5,87,5.8,45.3
Muller1296-Emigrant Trail,10/30/24,8.5,39.9,55.1,77,1.1,42.3
STL3101 Ledge Ct.,10/30/24,4,36,45.3,64,2.2,44.6
TAH7300-Homewood,10/30/24,2.3,35.4,44.4,84,4.6,46.3
7400-Glenshire,10/30/24,2.4,32.1,48.3,89,1.9,46.6
MEY3300-Grass Lake Road,10/30/24,1.5,33.6,46.8,82,5.4,39.1
WSH201-Floriston,10/30/24,5.8,36.7,49.8,78,5.5,41.9
Washoe204-Fariad,10/30/24,11,38.6,49.9,78,6.2,45.9
MEY3400-Camp Richardson,10/30/24,3.6,35.5,47.4,89,5.2,46.9
MEY3500-STPD Office,10/30/24,1.5,33.5,47.9,90,6.6,50.1
621Line-I-80 Gravel Pit,10/30/24,3.4,32.6,48.6,89,2.8,48
7201-Alpine Meadows,10/30/24,2.7,33.1,44.6,95,8.7,43
MUL1296-Markleeville,10/30/24,3.3,37.2,52.4,91,2.4,46
TPZ1261-Eastside Lane,10/30/24,7.8,40.1,50.3,63,3.7,48.8
MEY3300-Tolteca,10/30/24,3.8,35.8,45.3,77,,
TAH-5201 Lake Forest,10/30/24,1.9,34.5,47,84,13,40.3
Tahoe-7300 Sugar Pine Point,10/30/24,1,35.4,46.8,80,4.4,40.1
SOK-257 Reno Park,10/30/24,8.3,38.3,51,73,7.3,48.6
SMP8700-Firecamp,10/30/24,1.8,31.7,47.1,89,,
TAH5201-Fairway,10/30/24,3,34.3,45.3,88,,
TPZ1261 Cunningham,10/30/24,3.7,38.2,51.6,89,,
MUL1296-Sorensens,10/30/24,2.6,31.8,45.4,87,,
GLS7600-Walden,10/29/24,0.2,30.9,40.6,96,10,43.9
TAH7300-DL Bliss,10/29/24,1.3,32.1,37.6,90,3,41.1
MUL1296-Woodfords,10/29/24,1.4,36.2,45.2,94,0.8,56.3
BKY4201-Summit,10/29/24,2,,,100,6.3,45.8
TPZ1261–Park Ranch,10/29/24,2.4,38.5,46.9,97,3.9,52.8
TPZ1261-Walker,10/29/24,2.8,35.2,43,98,4.2,55.9
Meyers3400-Uplands,10/29/24,3.2,31.6,37.5,94,1.9,45.4
111Line-Columbine Trail,10/29/24,0.8,31.9,41.4,96,1.4,43.6
POR31-Iron Horse,10/29/24,0.8,33.5,47,97,4.2,46.3
619Line-Sierra Valley West,10/29/24,2.3,34.3,47.6,96,,58.9
SQV8200-Squaw Valley,10/29/24,1,31.6,41.6,92,6.3,48.6
CEM41-Garbage Pit Rd,10/29/24,2.6,36.1,46.3,94,4.4,55.2
CAL204-Dog Valley,10/29/24,3,37.6,48,85,6.7,53.7
TRK7203-Northstar Golf Course,10/29/24,1.5,32.1,44.5,95,10.5,48
Hobart Sub,10/29/24,0.9,32.7,45.4,97,4.3,50.5
SRB51-Smithneck Rd,10/29/24,0.9,35.9,45.3,96,12.1,56.5
TRK7202-Cabin Tree,10/29/24,0.9,31.2,41.7,94,6,48.2
Muller1296-Emigrant Trail,10/29/24,3.7,37.4,46.8,92,1.2,46.6
STL3101 Ledge Ct.,10/29/24,1.1,31.7,37.7,93,2.3,48.2
TAH7300-Homewood,10/29/24,0.4,32.6,41.7,84,4.6,48.4
7400-Glenshire,10/29/24,1.7,32.6,43.9,95,1.9,50
MEY3300-Grass Lake Road,10/29/24,0.4,31.1,40.5,97,5.4,42.5
WSH201-Floriston,10/29/24,2,35.9,46.3,94,5.7,48.1
Washoe204-Fariad,10/29/24,3.5,36.8,45.7,94,6.3,49.1
MEY3400-Camp Richardson,10/29/24,1.4,32.7,41.6,94,5.2,49.7
MEY3500-STPD Office,10/29/24,1,32.2,42,96,6.7,54.4
621Line-I-80 Gravel Pit,10/29/24,1.6,34.5,45.7,91,2.8,51.9
7201-Alpine Meadows,10/29/24,0.5,31.6,41.9,95,8.9,46.3
MUL1296-Markleeville,10/29/24,0.1,34.4,46.2,95,2.5,49.9
TPZ1261-Eastside Lane,10/29/24,4.1,35.6,43.2,98,3.7,53.2
MEY3300-Tolteca,10/29/24,1.1,32.2,40.3,91,,
TAH-5201 Lake Forest,10/29/24,0.6,32.2,42.4,92,13.2,42.5
Tahoe-7300 Sugar Pine Point,10/29/24,0.4,32.9,40.2,91,4.4,42.6
SOK-257 Reno Park,10/29/24,5.6,36.3,45.7,90,7.3,51.7
SMP8700-Firecamp,10/29/24,0.5,32.9,45.1,93,,
TAH5201-Fairway,10/29/24,0.8,31.6,41.5,89,,
TPZ1261 Cunningham,10/29/24,2.2,35,45.2,95,,
MUL1296-Sorensens,10/29/24,0.7,29.3,39.2,92,,
GLS7600-Walden,10/28/24,1.4,34.3,42.2,96,10.3,46.7
TAH7300-DL Bliss,10/28/24,2.7,35.3,43.1,95,3.1,46.6
MUL1296-Woodfords,10/28/24,9.5,44.6,52.4,91,0.8,58.8
BKY4201-Summit,10/28/24,3.6,,,100,6.3,47.8
TPZ1261–Park Ranch,10/28/24,6.1,50.8,58.3,85,4.1,57.1
TPZ1261-Walker,10/28/24,9.9,46.2,55.8,94,4.2,59
Meyers3400-Uplands,10/28/24,9.6,34.6,42.6,97,2,48.3
111Line-Columbine Trail,10/28/24,2.6,35.5,43.8,95,1.4,46.1
POR31-Iron Horse,10/28/24,1.6,38,46.3,97,4.4,49.8
619Line-Sierra Valley West,10/28/24,6.8,40.2,48.2,96,,58.9
SQV8200-Squaw Valley,10/28/24,3.8,35.1,43.5,95,6.2,51.9
CEM41-Garbage Pit Rd,10/28/24,6.2,40.3,49.6,94,4.5,57.7
CAL204-Dog Valley,10/28/24,6.4,43.2,52,85,6.8,56.7
TRK7203-Northstar Golf Course,10/28/24,5.2,37.6,46.9,95,10.8,51.3
Hobart Sub,10/28/24,2.1,37.2,46.2,98,4.4,52.7
SRB51-Smithneck Rd,10/28/24,2.9,39.7,48.6,96,12.3,58
TRK7202-Cabin Tree,10/28/24,2.6,34.8,42.2,94,6,50.3
Muller1296-Emigrant Trail,10/28/24,11.5,47.2,54.5,82,1.2,53.9
STL3101 Ledge Ct.,10/28/24,3.7,35,44.7,95,2.4,53
TAH7300-Homewood,10/28/24,2.3,35.9,43.7,94,4.7,50.5
7400-Glenshire,10/28/24,3.2,37.9,46.9,95,1.9,51.9
MEY3300-Grass Lake Road,10/28/24,1.1,36.8,43.7,98,5.4,46
WSH201-Floriston,10/28/24,3.3,40.4,50.7,94,5.9,53.1
Washoe204-Fariad,10/28/24,5.4,41.8,51.2,94,6.3,52.9
MEY3400-Camp Richardson,10/28/24,4.7,37.8,46.2,97,5.3,52
MEY3500-STPD Office,10/28/24,1.9,37.7,46,95,6.7,57.6
621Line-I-80 Gravel Pit,10/28/24,4.2,38.8,47.3,92,2.9,54.4
7201-Alpine Meadows,10/28/24,1.9,34.7,42.6,97,9.2,50.1
MUL1296-Markleeville,10/28/24,3.9,43,50.6,94,2.6,54
TPZ1261-Eastside Lane,10/28/24,10.7,46.5,55.2,90,3.8,60.5
MEY3300-Tolteca,10/28/24,3.4,35.5,42.4,92,,
TAH-5201 Lake Forest,10/28/24,1,35.8,43.9,94,13.4,45.5
Tahoe-7300 Sugar Pine Point,10/28/24,1,35.1,43.1,95,4.5,46.5
SOK-257 Reno Park,10/28/24,9.7,41.3,50.6,93,7.4,54.5
SMP8700-Firecamp,10/28/24,1.3,37.1,45.7,93,,
TAH5201-Fairway,10/28/24,3.1,35.4,43,94,,
TPZ1261 Cunningham,10/28/24,7.8,48.1,56.7,87,,
MUL1296-Sorensens,10/28/24,2.5,36.7,44,92,,
GLS7600-Walden,10/27/24,3.7,48,56.4,71,10.7,48
TAH7300-DL Bliss,10/27/24,4.9,50.4,55.9,77,3.1,50.2
MUL1296-Woodfords,10/27/24,18.6,59.9,65.2,56,0.8,59
BKY4201-Summit,10/27/24,4.4,,,100,6.3,48.5
TPZ1261–Park Ranch,10/27/24,8.3,64.4,73.1,41,4.1,56.8
TPZ1261-Walker,10/27/24,6.4,59.4,72,40,4.2,59.1
Meyers3400-Uplands,10/27/24,23.6,49.2,54.9,81,2,51.2
111Line-Columbine Trail,10/27/24,4.1,50.5,58.7,79,1.4,46.7
POR31-Iron Horse,10/27/24,3.8,51.9,60.1,91,4.4,51.4
619Line-Sierra Valley West,10/27/24,17.8,54.3,59.6,74,,58.9
SQV8200-Squaw Valley,10/27/24,13.9,49.5,55.2,79,6.1,55
CEM41-Garbage Pit Rd,10/27/24,16.6,55.6,63.6,62,4.5,58.7
CAL204-Dog Valley,10/27/24,10.6,57,64.7,56,6.8,57.3
TRK7203-Northstar Golf Course,10/27/24,11.9,52.3,59.4,67,10.8,52
Hobart Sub,10/27/24,5.6,50.7,59.3,75,4.4,53.4
SRB51-Smithneck Rd,10/27/24,10.5,54.3,62,67,12.3,58.6
TRK7202-Cabin Tree,10/27/24,7,49.5,56,79,6,51.5
Muller1296-Emigrant Trail,10/27/24,17.2,61.9,68.9,51,1.4,58.7
STL3101 Ledge Ct.,10/27/24,5,49.5,58.9,80,2.5,56.1
TAH7300-Homewood,10/27/24,6.9,49.8,55.6,82,4.7,50.8
7400-Glenshire,10/27/24,4.8,51.7,60.3,66,1.9,51.6
MEY3300-Grass Lake Road,10/27/24,4.4,51.8,60.3,82,5.4,48
WSH201-Floriston,10/27/24,8.4,54.7,63,60,6,57.3
Washoe204-Fariad,10/27/24,12.9,56.6,64.1,56,6.4,53.8
MEY3400-Camp Richardson,10/27/24,11.6,53,58.9,77,5.4,52.5
MEY3500-STPD Office,10/27/24,3.6,52.5,60,77,6.8,58.2
621Line-I-80 Gravel Pit,10/27/24,6.8,47.9,61.1,86,2.9,54.1
7201-Alpine Meadows,10/27/24,6.3,48.8,56.1,86,9.4,52.8
MUL1296-Markleeville,10/27/24,8.2,57.6,65.4,57,2.6,56.3
TPZ1261-Eastside Lane,10/27/24,9.7,62.8,72.9,29,3.8,64.4
MEY3300-Tolteca,10/27/24,7.3,50.3,57,82,,
TAH-5201 Lake Forest,10/27/24,1.9,49.4,57.7,74,13.7,46.3
Tahoe-7300 Sugar Pine Point,10/27/24,2.1,49.7,58.3,88,4.6,50.9
SOK-257 Reno Park,10/27/24,13.6,55.4,64.2,60,7.4,55.5
SMP8700-Firecamp,10/27/24,3.6,50.1,60.3,72,,
TAH5201-Fairway,10/27/24,4,49.1,56.8,82,,
TPZ1261 Cunningham,10/27/24,6.9,59.1,72.3,43,,
MUL1296-Sorensens,10/27/24,3.7,51.5,59,71,,
GLS7600-Walden,10/26/24,1.7,54.6,66.3,35,11,47.4
TAH7300-DL Bliss,10/26/24,1.4,53.1,63.2,67,3.1,49.3
MUL1296-Woodfords,10/26/24,3.4,57.9,72.3,38,0.8,57.1
BKY4201-Summit,10/26/24,2.9,,,100,6.3,47.6
TPZ1261–Park Ranch,10/26/24,0.9,53.5,71.5,70,4,54.3
TPZ1261-Walker,10/26/24,4.2,56.3,69.1,40,4.2,58.2
Meyers3400-Uplands,10/26/24,4.9,54,64.7,49,2.1,51.2
111Line-Columbine Trail,10/26/24,1,47.9,66.5,52,1.4,46.4
POR31-Iron Horse,10/26/24,1.6,49.8,72,70,4.3,48.4
619Line-Sierra Valley West,10/26/24,3.6,49.1,72.2,79,,58.9
SQV8200-Squaw Valley,10/26/24,3.3,47.7,66.3,81,6.1,53.5
CEM41-Garbage Pit Rd,10/26/24,4.2,52.5,73.1,59,4.5,57.3
CAL204-Dog Valley,10/26/24,2.9,54.6,74.2,59,6.7,54.4
TRK7203-Northstar Golf Course,10/26/24,2.7,45,69.4,92,10.6,49.1
Hobart Sub,10/26/24,1,44.9,70.6,89,4.3,51.6
SRB51-Smithneck Rd,10/26/24,4.6,53.4,72.4,56,12.2,58.1
TRK7202-Cabin Tree,10/26/24,1.7,48.9,66.4,65,6,50.4
Muller1296-Emigrant Trail,10/26/24,8,58,72.9,49,1.6,54.6
STL3101 Ledge Ct.,10/26/24,2.4,52.5,62,54,2.6,55.4
TAH7300-Homewood,10/26/24,1.2,49.6,63.6,83,4.7,50
7400-Glenshire,10/26/24,2,46.3,69.6,84,1.9,50.2
MEY3300-Grass Lake Road,10/26/24,1.2,47.9,68.2,61,5.4,45.6
WSH201-Floriston,10/26/24,5.4,51.4,72.5,72,5.8,54
Washoe204-Fariad,10/26/24,6.5,53.8,73.1,70,6.3,51.2
MEY3400-Camp Richardson,10/26/24,2.6,50.5,66.3,69,5.5,51.5
MEY3500-STPD Office,10/26/24,1.1,46.1,67.5,76,6.8,56.8
621Line-I-80 Gravel Pit,10/26/24,2.1,43.8,70.7,91,2.9,53.1
7201-Alpine Meadows,10/26/24,1.9,49,66.2,78,9.5,50.9
MUL1296-Markleeville,10/26/24,0.8,51.6,74.2,75,2.5,53.4
TPZ1261-Eastside Lane,10/26/24,7.9,60.1,69.2,22,3.8,62.1
MEY3300-Tolteca,10/26/24,2.7,52.4,66.2,50,,
TAH-5201 Lake Forest,10/26/24,1.5,50.1,64.6,64,13.9,45.6
Tahoe-7300 Sugar Pine Point,10/26/24,0.9,49,62.3,65,4.6,49.1
SOK-257 Reno Park,10/26/24,6.5,57.8,73.9,40,7.3,53.8
SMP8700-Firecamp,10/26/24,1,44.4,70.7,87,,
TAH5201-Fairway,10/26/24,1.2,47,64.6,80,,
TPZ1261 Cunningham,10/26/24,2.7,50.6,70.4,62,,
MUL1296-Sorensens,10/26/24,1.8,42.6,66.9,70,,
GLS7600-Walden,10/25/24,1.2,54.7,66.8,64,11.4,45.8
TAH7300-DL Bliss,10/25/24,1.1,51.8,65,86,3.1,48.6
MUL1296-Woodfords,10/25/24,1.4,49.6,71.4,66,0.8,57.1
BKY4201-Summit,10/25/24,1.6,,,100,6.3,47.4
TPZ1261–Park Ranch,10/25/24,0.6,48.2,67,87,4,54.9
TPZ1261-Walker,10/25/24,3.7,50.5,65.6,80,4.2,58
Meyers3400-Uplands,10/25/24,5,53.2,65.7,74,2.1,50.7
111Line-Columbine Trail,10/25/24,1.1,48.4,69,90,1.4,46.4
POR31-Iron Horse,10/25/24,1.5,42.9,70.3,87,4.2,48.3
619Line-Sierra Valley West,10/25/24,3,42.6,70.8,89,,58.9
SQV8200-Squaw Valley,10/25/24,2.6,44.6,66,92,6,53.6
CEM41-Garbage Pit Rd,10/25/24,4.3,46.4,70.5,83,4.5,56.7
CAL204-Dog Valley,10/25/24,1.8,46.4,65.2,80,6.6,53.9
TRK7203-Northstar Golf Course,10/25/24,2.6,40.9,70.6,95,10.5,48.7
Hobart Sub,10/25/24,1.2,40.8,69.4,99,4.3,50.9
SRB51-Smithneck Rd,10/25/24,3.4,46.3,70.7,80,12.3,58.2
TRK7202-Cabin Tree,10/25/24,1.4,46.1,66.6,87,6,50.3
Muller1296-Emigrant Trail,10/25/24,4.5,47.8,66.8,77,1.8,48.1
STL3101 Ledge Ct.,10/25/24,1.5,51.9,69.3,82,2.6,54.9
TAH7300-Homewood,10/25/24,0.8,48.2,66.9,96,4.7,50.2
7400-Glenshire,10/25/24,1.4,41.1,69,91,1.9,50.1
MEY3300-Grass Lake Road,10/25/24,0.8,44.1,69.3,87,5.4,45.3
WSH201-Floriston,10/25/24,2.9,45.2,71.7,85,5.7,51.4
Washoe204-Fariad,10/25/24,4,47,70.8,85,6.2,50.4
MEY3400-Camp Richardson,10/25/24,2.4,49.5,68.6,97,5.7,51.4
MEY3500-STPD Office,10/25/24,0.9,44.4,70.6,88,6.8,57.3
621Line-I-80 Gravel Pit,10/25/24,2,41,70.6,93,2.8,53
7201-Alpine Meadows,10/25/24,1.8,47.3,66.2,93,9.6,50.7
MUL1296-Markleeville,10/25/24,0.5,45.5,74.1,90,2.5,52.4
TPZ1261-Eastside Lane,10/25/24,3.7,53.3,69.3,56,3.7,59.4
MEY3300-Tolteca,10/25/24,1.8,50.5,66.9,73,,
TAH-5201 Lake Forest,10/25/24,1.2,47.4,66.2,89,14.2,45.2
Tahoe-7300 Sugar Pine Point,10/25/24,0.9,48,67.3,85,4.7,48.2
SOK-257 Reno Park,10/25/24,6.3,49,68,69,7.3,52.5
SMP8700-Firecamp,10/25/24,0.9,41.2,70.1,96,,
TAH5201-Fairway,10/25/24,1.3,47.5,67.3,93,,
TPZ1261 Cunningham,10/25/24,2.4,44.6,66.3,88,,
MUL1296-Sorensens,10/25/24,2,42.9,67.3,80,,
GLS7600-Walden,10/24/24,0.7,39.8,53.9,80,11.8,45.6
TAH7300-DL Bliss,10/24/24,0.7,46.1,52.2,79,3.1,49.6
MUL1296-Woodfords,10/24/24,1.5,42.8,54.6,77,0.8,59.4
BKY4201-Summit,10/24/24,2.5,,,100,6.3,48
TPZ1261–Park Ranch,10/24/24,5.8,47.4,58.4,78,4.1,57.7
TPZ1261-Walker,10/24/24,4.3,42.9,55.6,83,4.2,59.7
Meyers3400-Uplands,10/24/24,4.1,47.1,53.7,80,2.2,50.6
111Line-Columbine Trail,10/24/24,0.3,44.6,59.1,86,1.4,46.8
POR31-Iron Horse,10/24/24,2.3,40.7,59.7,80,4.3,50.3
619Line-Sierra Valley West,10/24/24,4.6,43.3,59.4,85,,58.9
SQV8200-Squaw Valley,10/24/24,1.2,40.5,60.2,90,6,54.6
CEM41-Garbage Pit Rd,10/24/24,5.5,42.7,59.5,82,4.5,58
CAL204-Dog Valley,10/24/24,3.2,41.8,57.8,73,6.8,56.3
TRK7203-Northstar Golf Course,10/24/24,1.3,37.3,59,95,10.6,50.1
Hobart Sub,10/24/24,0.7,37.9,58.3,93,4.3,52.4
SRB51-Smithneck Rd,10/24/24,2.9,42.7,60.7,79,12.3,59.1
TRK7202-Cabin Tree,10/24/24,1,39.7,56.8,82,6,50.8
Muller1296-Emigrant Trail,10/24/24,4.5,42.4,55.6,79,2,51.6
STL3101 Ledge Ct.,10/24/24,1,47.1,57.1,77,2.7,56.8
TAH7300-Homewood,10/24/24,0.5,44.6,54.9,86,4.7,50.8
7400-Glenshire,10/24/24,1.9,38.5,57,90,1.9,51.2
MEY3300-Grass Lake Road,10/24/24,0.7,42.7,59.9,82,5.4,46.6
WSH201-Floriston,10/24/24,4.7,42.8,55,71,5.8,54.6
Washoe204-Fariad,10/24/24,7.1,43.2,55.1,71,6.2,52.2
MEY3400-Camp Richardson,10/24/24,1.8,44,55.5,95,5.8,52.2
MEY3500-STPD Office,10/24/24,0.7,42.2,58.5,87,6.8,58.7
621Line-I-80 Gravel Pit,10/24/24,1.4,39.3,58.8,92,2.9,54.7
7201-Alpine Meadows,10/24/24,0.8,40.5,61.1,89,9.9,52.1
MUL1296-Markleeville,10/24/24,0,40.2,56.8,85,2.6,54.2
TPZ1261-Eastside Lane,10/24/24,5.2,44.7,55.4,66,3.7,60.9
MEY3300-Tolteca,10/24/24,1,47.2,58.1,71,,
TAH-5201 Lake Forest,10/24/24,0.7,43.3,55.9,82,14.5,45.2
Tahoe-7300 Sugar Pine Point,10/24/24,0.7,44.3,54.7,84,4.7,49.8
SOK-257 Reno Park,10/24/24,6.3,43,56.4,75,7.3,54.7
SMP8700-Firecamp,10/24/24,0.4,38.5,58.9,88,,
TAH5201-Fairway,10/24/24,2.4,42.4,54.9,89,,
TPZ1261 Cunningham,10/24/24,3.9,42.6,56.9,85,,
MUL1296-Sorensens,10/24/24,1,36.2,50.3,83,,
GLS7600-Walden,10/23/24,1.7,52.5,63.6,66,12.3,48
TAH7300-DL Bliss,10/23/24,3.2,53.7,62.6,59,3.1,49.8
MUL1296-Woodfords,10/23/24,8,60.6,73,53,0.9,60.2
BKY4201-Summit,10/23/24,2.1,,,100,6.3,48.6
TPZ1261–Park Ranch,10/23/24,4,58.2,79.3,69,4.1,57.9
TPZ1261-Walker,10/23/24,7.9,59.4,76.3,44,4.2,59.7
Meyers3400-Uplands,10/23/24,7,53.8,63.8,43,2.2,51.2
111Line-Columbine Trail,10/23/24,2.3,51.9,65.6,50,1.4,46.5
POR31-Iron Horse,10/23/24,2.6,49.1,67.9,77,4.3,51.3
619Line-Sierra Valley West,10/23/24,6,48.5,68.9,88,,58.9
SQV8200-Squaw Valley,10/23/24,4.7,48.7,62.8,77,6,54.4
CEM41-Garbage Pit Rd,10/23/24,6.2,51,69.9,77,4.5,58.6
CAL204-Dog Valley,10/23/24,5.5,56.6,71.3,56,6.8,57.3
TRK7203-Northstar Golf Course,10/23/24,4.4,45,66.8,89,10.6,50.8
Hobart Sub,10/23/24,2.3,45.7,66.5,94,4.3,52.9
SRB51-Smithneck Rd,10/23/24,5.5,54.4,69.2,69,12.3,59.4
TRK7202-Cabin Tree,10/23/24,2.6,50.2,63,62,6.1,51.5
Muller1296-Emigrant Trail,10/23/24,9.8,58.5,75.9,58,2.3,56
STL3101 Ledge Ct.,10/23/24,6.5,56.4,66,42,2.8,56.8
TAH7300-Homewood,10/23/24,2,51.6,63.9,60,4.7,50.7
7400-Glenshire,10/23/24,3.2,45.7,66.1,86,1.9,51.7
MEY3300-Grass Lake Road,10/23/24,1.4,47,67,75,5.4,46.4
WSH201-Floriston,10/23/24,5.8,51,69.5,70,5.9,56.4
Washoe204-Fariad,10/23/24,10.7,53.6,69.8,65,6.2,53.3
MEY3400-Camp Richardson,10/23/24,3.3,53.7,66.3,62,5.9,52.3
MEY3500-STPD Office,10/23/24,1.7,49.9,67.8,68,6.9,58
621Line-I-80 Gravel Pit,10/23/24,3.9,45.6,67.2,91,2.8,54.9
7201-Alpine Meadows,10/23/24,3.2,51.2,63.7,73,10.2,52.4
MUL1296-Markleeville,10/23/24,1.6,53.8,73.3,77,2.6,55
TPZ1261-Eastside Lane,10/23/24,8.3,60.9,76.5,50,3.7,64.3
MEY3300-Tolteca,10/23/24,4.2,54.8,64.7,44,,
TAH-5201 Lake Forest,10/23/24,1.4,49.9,64.3,64,14.8,45.6
Tahoe-7300 Sugar Pine Point,10/23/24,1.1,52.2,65.1,54,4.7,49.9
SOK-257 Reno Park,10/23/24,12.6,58,71.1,68,7.4,56.8
SMP8700-Firecamp,10/23/24,1.8,45.4,67.2,90,,
TAH5201-Fairway,10/23/24,2.4,49.3,63.6,67,,
TPZ1261 Cunningham,10/23/24,7.7,55.9,76.8,68,,
MUL1296-Sorensens,10/23/24,3.6,46.5,66,72,,
GLS7600-Walden,10/22/24,1.8,52.5,61.2,39,12.8,47.5
TAH7300-DL Bliss,10/22/24,1.7,52.4,60.8,58,3,48.6
MUL1296-Woodfords,10/22/24,7.7,59,70.2,39,0.9,59.1
BKY4201-Summit,10/22/24,2.2,,,100,6.3,47.5
TPZ1261–Park Ranch,10/22/24,2.9,55.8,76.8,74,4.1,57.7
TPZ1261-Walker,10/22/24,4.2,56.8,73.7,55,4.2,59
Meyers3400-Uplands,10/22/24,7.6,53.2,60.7,36,2.3,50.1
111Line-Columbine Trail,10/22/24,1.7,48.6,64.4,58,1.4,45.8
POR31-Iron Horse,10/22/24,1.9,45.3,65.7,82,4.2,50.7
619Line-Sierra Valley West,10/22/24,3.9,46.8,67.5,86,,58.9
SQV8200-Squaw Valley,10/22/24,3.4,46,61.6,82,6,53.3
CEM41-Garbage Pit Rd,10/22/24,4.8,49.4,68.3,74,4.5,58.4
CAL204-Dog Valley,10/22/24,3.2,53.8,70.5,63,6.7,56.3
TRK7203-Northstar Golf Course,10/22/24,3.4,44,65.3,86,10.6,50.3
Hobart Sub,10/22/24,1.5,44,64.9,94,4.3,52.5
SRB51-Smithneck Rd,10/22/24,4,50.9,67.9,67,12.3,59.1
TRK7202-Cabin Tree,10/22/24,2.5,49.4,62.5,59,6.1,50.8
Muller1296-Emigrant Trail,10/22/24,7.3,57.1,72.9,57,2.8,54.7
STL3101 Ledge Ct.,10/22/24,2.4,52.8,63.8,37,2.9,54.6
TAH7300-Homewood,10/22/24,1,49.4,63,60,4.7,50.5
7400-Glenshire,10/22/24,2.2,43.7,64.8,85,1.9,51.4
MEY3300-Grass Lake Road,10/22/24,1.1,44.9,63.4,84,5.3,45.6
WSH201-Floriston,10/22/24,3.7,48.7,67.4,72,5.8,54.9
Washoe204-Fariad,10/22/24,6,51.7,68.6,68,6.1,52.6
MEY3400-Camp Richardson,10/22/24,3.4,53.7,64.3,69,6.1,51.7
MEY3500-STPD Office,10/22/24,1.3,45.5,65.3,82,6.9,57.3
621Line-I-80 Gravel Pit,10/22/24,3,43.8,66.2,89,2.8,54.5
7201-Alpine Meadows,10/22/24,1.7,47,61.9,81,10.4,51
MUL1296-Markleeville,10/22/24,1.1,50,70.4,79,2.5,54
TPZ1261-Eastside Lane,10/22/24,7.9,59.1,74.5,39,3.7,63.9
MEY3300-Tolteca,10/22/24,2.9,53.1,62.7,51,,
TAH-5201 Lake Forest,10/22/24,1.3,49.3,62.8,57,15.1,44.9
Tahoe-7300 Sugar Pine Point,10/22/24,1,50.2,64.6,62,4.6,48.2
SOK-257 Reno Park,10/22/24,7.3,55.3,69.2,50,7.4,55.2
SMP8700-Firecamp,10/22/24,1.5,43.5,65.4,86,,
TAH5201-Fairway,10/22/24,2.2,48.4,62.3,71,,
TPZ1261 Cunningham,10/22/24,3.5,52.3,75,78,,
MUL1296-Sorensens,10/22/24,2.8,42.9,63.4,75,,
GLS7600-Walden,10/21/24,2.4,50.3,58.2,38,13.2,46.6
TAH7300-DL Bliss,10/21/24,2.9,51.1,57.1,48,3,48.2
MUL1296-Woodfords,10/21/24,7.4,58.6,67.4,40,0.9,58.1
BKY4201-Summit,10/21/24,2.8,,,100,6.2,47.3
TPZ1261–Park Ranch,10/21/24,5.1,59.8,72.9,62,4.1,57
TPZ1261-Walker,10/21/24,5.9,57.8,69.9,49,4.2,58.2
Meyers3400-Uplands,10/21/24,9.2,50.4,57.8,40,2.4,49.2
111Line-Columbine Trail,10/21/24,2.4,48.5,60,62,1.4,45.2
POR31-Iron Horse,10/21/24,2.8,47.8,64.1,68,4.2,51.4
619Line-Sierra Valley West,10/21/24,6.8,51,64.8,71,,58.9
SQV8200-Squaw Valley,10/21/24,4.7,47.3,57.4,73,6,53.4
CEM41-Garbage Pit Rd,10/21/24,8.4,54.6,65.3,50,4.5,58.9
CAL204-Dog Valley,10/21/24,5.6,57.4,66.4,43,6.7,56.5
TRK7203-Northstar Golf Course,10/21/24,6.2,46.7,61.1,72,10.5,50.4
Hobart Sub,10/21/24,2.2,46.4,62,70,4.3,52.9
SRB51-Smithneck Rd,10/21/24,6.3,53.4,64.7,45,12.3,59
TRK7202-Cabin Tree,10/21/24,2.6,48.9,57.7,53,6.1,50.6
Muller1296-Emigrant Trail,10/21/24,10.2,59.5,70,45,3.7,55.1
STL3101 Ledge Ct.,10/21/24,3.4,50.8,60.4,43,3,54.5
TAH7300-Homewood,10/21/24,2,48.7,58.8,54,4.7,50.7
7400-Glenshire,10/21/24,3,46.9,61.3,76,1.9,51.4
MEY3300-Grass Lake Road,10/21/24,1.8,44.3,60,80,5.3,45.3
WSH201-Floriston,10/21/24,4.6,50.8,64.5,62,5.8,55.5
Washoe204-Fariad,10/21/24,10.2,56.6,64.2,51,6,52.3
MEY3400-Camp Richardson,10/21/24,3.8,53.2,60.6,42,6.2,51.6
MEY3500-STPD Office,10/21/24,1.8,48.7,62,72,6.9,57.4
621Line-I-80 Gravel Pit,10/21/24,4.5,45.9,62.6,81,2.8,54.7
7201-Alpine Meadows,10/21/24,2.4,47.6,57.9,74,10.8,51.2
MUL1296-Markleeville,10/21/24,1.4,54.8,67.4,72,2.5,54.4
TPZ1261-Eastside Lane,10/21/24,9.4,60.8,70,36,3.6,62.6
MEY3300-Tolteca,10/21/24,4.1,51.6,59.5,40,,
TAH-5201 Lake Forest,10/21/24,1.6,48.7,60.4,50,15.5,44.6
Tahoe-7300 Sugar Pine Point,10/21/24,1,49.8,60.2,49,4.6,47.8
SOK-257 Reno Park,10/21/24,10.3,56.3,65.9,44,7.5,54.9
SMP8700-Firecamp,10/21/24,1.9,44,62.6,79,,
TAH5201-Fairway,10/21/24,2.7,48.2,58.6,60,,
TPZ1261 Cunningham,10/21/24,4.8,55,71.3,64,,
MUL1296-Sorensens,10/21/24,2.6,45.3,60.4,78,,
GLS7600-Walden,10/20/24,0.9,47.9,61.7,43,13.4,45
TAH7300-DL Bliss,10/20/24,1.1,49,58.3,65,2.9,46.6
MUL1296-Woodfords,10/20/24,3.6,51.5,66.6,47,0.8,56.1
BKY4201-Summit,10/20/24,2,,,,6.2,46.1
TPZ1261–Park Ranch,10/20/24,3,50.3,67.5,79,4,53.5
TPZ1261-Walker,10/20/24,3.8,49.2,64.9,67,4.2,56.7
Meyers3400-Uplands,10/20/24,4.6,49.5,60.4,44,2.5,47.4
111Line-Columbine Trail,10/20/24,1,44.7,62.8,59,1.4,44
POR31-Iron Horse,10/20/24,1.4,45.5,67.7,78,4.1,50.5
619Line-Sierra Valley West,10/20/24,3,47.4,68.3,86,,58.9
SQV8200-Squaw Valley,10/20/24,2.5,42.2,62,86,6,51.9
CEM41-Garbage Pit Rd,10/20/24,4.3,49,69.1,72,4.4,57.1
CAL204-Dog Valley,10/20/24,3.4,50.4,68.2,65,6.5,52.9
TRK7203-Northstar Golf Course,10/20/24,2.1,40.9,65.9,88,10.3,48.7
Hobart Sub,10/20/24,1.2,42,66.6,84,4.2,51.7
SRB51-Smithneck Rd,10/20/24,4.3,49.1,68.1,63,12.2,58.3
TRK7202-Cabin Tree,10/20/24,1.4,44,62.2,72,6.1,49.4
Muller1296-Emigrant Trail,10/20/24,5.8,51.1,66.2,57,4.8,48
STL3101 Ledge Ct.,10/20/24,1.8,48.5,61.2,42,3.1,51.8
TAH7300-Homewood,10/20/24,0.9,46,61.6,71,4.7,50.8
7400-Glenshire,10/20/24,1.7,41.3,65,83,1.9,50.1
MEY3300-Grass Lake Road,10/20/24,0.9,43.1,63.4,79,5.3,44.1
WSH201-Floriston,10/20/24,2.5,45.6,68.6,72,5.6,52.1
Washoe204-Fariad,10/20/24,6.4,49,67.9,69,5.8,49.4
MEY3400-Camp Richardson,10/20/24,2.3,47,62.2,67,6.2,50.5
MEY3500-STPD Office,10/20/24,0.8,42.2,64.2,78,6.9,55.3
621Line-I-80 Gravel Pit,10/20/24,1.8,41.8,66.3,88,2.8,53.5
7201-Alpine Meadows,10/20/24,1.2,43.3,62.4,86,11.2,49.4
MUL1296-Markleeville,10/20/24,0.4,44.8,68.9,85,2.4,50.9
TPZ1261-Eastside Lane,10/20/24,5.5,51.5,64.8,43,3.5,58.3
MEY3300-Tolteca,10/20/24,2,48.3,62.5,54,,
TAH-5201 Lake Forest,10/20/24,0.9,45.3,63,71,16,43.5
Tahoe-7300 Sugar Pine Point,10/20/24,1,46.1,61.9,60,4.5,46
SOK-257 Reno Park,10/20/24,5.4,52.1,68.4,58,7.4,52
SMP8700-Firecamp,10/20/24,0.7,41.7,67.4,80,,
TAH5201-Fairway,10/20/24,1.4,44.2,61.1,78,,
TPZ1261 Cunningham,10/20/24,2.5,45.5,65.6,82,,
MUL1296-Sorensens,10/20/24,2.4,39.7,63.7,72,,
GLS7600-Walden,10/19/24,0.8,41.5,57.6,55,13.6,44
TAH7300-DL Bliss,10/19/24,2.3,45.6,51.9,37,2.8,44.9
MUL1296-Woodfords,10/19/24,1.3,41,56.9,64,0.8,56.1
BKY4201-Summit,10/19/24,1.9,,,100,6.1,45.3
TPZ1261–Park Ranch,10/19/24,4.2,43.2,60,82,4,52.4
TPZ1261-Walker,10/19/24,4,41.4,56.2,75,4.1,56.5
Meyers3400-Uplands,10/19/24,9.4,43.8,55.4,41,2.6,46.2
111Line-Columbine Trail,10/19/24,2.4,40.7,57,63,1.4,44.2
POR31-Iron Horse,10/19/24,2.3,43.8,61,75,4,49.5
619Line-Sierra Valley West,10/19/24,6.6,45.4,60.9,84,,58.9
SQV8200-Squaw Valley,10/19/24,2.2,38.7,57.4,82,6,50.7
CEM41-Garbage Pit Rd,10/19/24,6.8,44.3,60.4,70,4.4,55.7
CAL204-Dog Valley,10/19/24,3.5,43.1,60.1,69,6.5,51.7
TRK7203-Northstar Golf Course,10/19/24,1.9,37.8,61.5,88,10.2,47.5
Hobart Sub,10/19/24,1.1,38.6,60.8,88,4.2,51
SRB51-Smithneck Rd,10/19/24,4.1,43.7,61.6,64,12.1,58.3
TRK7202-Cabin Tree,10/19/24,2,40.6,57.9,71,6,48.7
Muller1296-Emigrant Trail,10/19/24,4.9,40.7,57.8,72,5.7,42.8
STL3101 Ledge Ct.,10/19/24,1.8,42.6,55.8,42,3.2,49.5
TAH7300-Homewood,10/19/24,1,46.5,57.2,60,4.8,51.1
7400-Glenshire,10/19/24,1.7,38.1,59.5,84,2,49.8
MEY3300-Grass Lake Road,10/19/24,2.5,40.3,57.5,76,5.2,43.2
WSH201-Floriston,10/19/24,4,40.8,57.8,83,5.5,48.5
Washoe204-Fariad,10/19/24,7.6,43.5,57,84,5.5,48.2
MEY3400-Camp Richardson,10/19/24,2.5,43.2,56.5,60,6.3,50.9
MEY3500-STPD Office,10/19/24,1.7,39.8,59.2,75,6.9,53.6
621Line-I-80 Gravel Pit,10/19/24,2.6,39.1,59.8,88,2.7,52.5
7201-Alpine Meadows,10/19/24,1.6,39.7,57.3,82,11.9,48.6
MUL1296-Markleeville,10/19/24,0,36.8,57.8,89,2.4,49.8
TPZ1261-Eastside Lane,10/19/24,7.4,42.5,56.3,54,3.4,54.7
MEY3300-Tolteca,10/19/24,1.8,44.8,58.9,47,,
TAH-5201 Lake Forest,10/19/24,1,44.7,55.9,52,16.5,42.8
Tahoe-7300 Sugar Pine Point,10/19/24,1,47.1,55.5,48,4.5,45.5
SOK-257 Reno Park,10/19/24,5.7,44,58.1,69,7.3,50.6
SMP8700-Firecamp,10/19/24,1.2,39.8,58.3,84,,
TAH5201-Fairway,10/19/24,3,42.7,54.6,68,,
TPZ1261 Cunningham,10/19/24,2.7,39.3,57.6,88,,
MUL1296-Sorensens,10/19/24,1.1,33.6,50,82,,
GLS7600-Walden,10/18/24,0.4,32.6,44.5,85,13.6,43.9
TAH7300-DL Bliss,10/18/24,2.8,35.4,42.6,71,2.7,44.4
MUL1296-Woodfords,10/18/24,1.6,36.6,47.9,79,0.8,58.1
BKY4201-Summit,10/18/24,2,,,100,6.1,46.4
TPZ1261–Park Ranch,10/18/24,3.7,39.8,50.8,85,4,53.8
TPZ1261-Walker,10/18/24,3.5,36.3,47.2,83,4.2,58.2
Meyers3400-Uplands,10/18/24,8.6,34,40.3,74,2.6,47.5
111Line-Columbine Trail,10/18/24,2.9,36.4,46.6,68,1.4,46
POR31-Iron Horse,10/18/24,2.6,37.4,50.4,86,4,49.3
619Line-Sierra Valley West,10/18/24,6.1,38.2,50.1,74,,58.9
SQV8200-Squaw Valley,10/18/24,4.5,34.8,46.4,88,6,50.5
CEM41-Garbage Pit Rd,10/18/24,7.7,38.6,49.2,79,4.3,56.1
CAL204-Dog Valley,10/18/24,4.1,37.7,49.7,80,6.5,52.7
TRK7203-Northstar Golf Course,10/18/24,2.6,33.3,49.7,89,10.1,47.3
Hobart Sub,10/18/24,2.1,35.8,48,85,4.2,51.3
SRB51-Smithneck Rd,10/18/24,4.1,37,50.3,82,12.2,59.8
TRK7202-Cabin Tree,10/18/24,1.9,34,45.6,86,6.1,49.4
Muller1296-Emigrant Trail,10/18/24,4.3,36.6,49.2,83,9.1,43.2
STL3101 Ledge Ct.,10/18/24,3.2,34.8,45.6,72,3.4,49.1
TAH7300-Homewood,10/18/24,2,39.4,46.5,76,4.7,52.1
7400-Glenshire,10/18/24,2.7,34.1,47.5,90,2.1,51.2
MEY3300-Grass Lake Road,10/18/24,2.3,34.6,47.1,84,5.1,43.9
WSH201-Floriston,10/18/24,6.8,38.3,47.5,71,5.4,46.7
Washoe204-Fariad,10/18/24,15.4,39.8,47,68,5.3,49.2
MEY3400-Camp Richardson,10/18/24,3.6,37.8,44.3,68,6.2,52.5
MEY3500-STPD Office,10/18/24,3.3,37.4,49.4,72,6.9,53.1
621Line-I-80 Gravel Pit,10/18/24,3.3,36,49.2,82,2.7,52.9
7201-Alpine Meadows,10/18/24,2.8,36.3,46,85,13.2,49
MUL1296-Markleeville,10/18/24,0.1,34.9,49,92,2.5,51.5
TPZ1261-Eastside Lane,10/18/24,6.2,36.7,47.2,75,3.3,53.7
MEY3300-Tolteca,10/18/24,3.7,36.1,45.2,69,,
TAH-5201 Lake Forest,10/18/24,1.3,37.8,45.8,75,17.5,43.4
Tahoe-7300 Sugar Pine Point,10/18/24,1.7,38,44.3,76,4.4,44.2
SOK-257 Reno Park,10/18/24,5.6,37.1,47.4,80,7.3,51.6
SMP8700-Firecamp,10/18/24,1.4,36,46.9,77,,
TAH5201-Fairway,10/18/24,4.2,38.2,45.4,70,,
TPZ1261 Cunningham,10/18/24,3.5,36.5,48.8,84,,
MUL1296-Sorensens,10/18/24,1.4,31.2,41.2,80,,
GLS7600-Walden,10/17/24,1.1,35.9,46.4,97,13.6,48.6
TAH7300-DL Bliss,10/17/24,3,39.2,47.4,93,2.5,48.8
MUL1296-Woodfords,10/17/24,6.2,44.9,56,91,0.8,61.4
BKY4201-Summit,10/17/24,2.6,,,100,6.2,50.2
TPZ1261–Park Ranch,10/17/24,6.3,46.1,62.4,92,4.1,57.1
TPZ1261-Walker,10/17/24,7.3,43.9,58.6,91,4.3,60.5
Meyers3400-Uplands,10/17/24,6.7,37.9,47.6,97,2.4,52.2
111Line-Columbine Trail,10/17/24,1.9,38.9,48.5,99,1.5,49.1
POR31-Iron Horse,10/17/24,1.7,39.8,55,99,4.1,53.8
619Line-Sierra Valley West,10/17/24,5.2,39.8,55.2,99,,58.9
SQV8200-Squaw Valley,10/17/24,4.4,36.6,47.4,98,5.9,54.4
CEM41-Garbage Pit Rd,10/17/24,6.9,40.1,54.2,96,4.4,59.9
CAL204-Dog Valley,10/17/24,4.4,42.3,55.5,95,6.7,57.7
TRK7203-Northstar Golf Course,10/17/24,4.7,36.8,50.4,98,10.4,51.2
Hobart Sub,10/17/24,1.6,38.1,51.6,100,4.2,54.7
SRB51-Smithneck Rd,10/17/24,5.4,40.8,52.9,97,12.4,63.3
TRK7202-Cabin Tree,10/17/24,1.7,36,47.8,100,6.2,54.1
Muller1296-Emigrant Trail,10/17/24,7.8,44,59.1,93,10.6,48.3
STL3101 Ledge Ct.,10/17/24,4.8,38.7,46.2,94,3.7,53.6
TAH7300-Homewood,10/17/24,2.1,39.1,47.6,96,4.9,54.4
7400-Glenshire,10/17/24,3.5,37.6,48.4,98,2.3,55
MEY3300-Grass Lake Road,10/17/24,1.9,37.5,50.1,100,5,46.5
WSH201-Floriston,10/17/24,6,41,52.2,93,5.7,51.2
Washoe204-Fariad,10/17/24,8.7,42.4,53.4,96,5.2,54.5
MEY3400-Camp Richardson,10/17/24,3.3,40.2,51,99,5.7,55.6
MEY3500-STPD Office,10/17/24,1.9,38.8,50.2,98,6.9,55.4
621Line-I-80 Gravel Pit,10/17/24,4.6,38.6,51.2,97,2.5,56.8
7201-Alpine Meadows,10/17/24,2.9,37.3,47.2,100,12,52.1
MUL1296-Markleeville,10/17/24,0.9,42.9,55.9,97,2.6,55
TPZ1261-Eastside Lane,10/17/24,7.1,45.1,59.4,89,3.3,58.8
MEY3300-Tolteca,10/17/24,3.4,39,47.4,92,,
TAH-5201 Lake Forest,10/17/24,0.7,37.4,47.8,97,17.8,48.2
Tahoe-7300 Sugar Pine Point,10/17/24,1.3,39.4,50.2,96,4.2,48.4
SOK-257 Reno Park,10/17/24,7.6,41.2,52.6,94,7.2,56.1
SMP8700-Firecamp,10/17/24,1,37.8,50.4,99,,
TAH5201-Fairway,10/17/24,2.4,37.8,49,97,,
TPZ1261 Cunningham,10/17/24,6.5,43.4,59.9,93,,
MUL1296-Sorensens,10/17/24,2.8,35.8,48.8,97,,
GLS7600-Walden,10/16/24,1.1,46.4,55.2,96,9.9,53.3
TAH7300-DL Bliss,10/16/24,1.3,48.2,55.6,91,2.2,55.6
MUL1296-Woodfords,10/16/24,5.9,53.4,65.8,86,0.6,64.8
BKY4201-Summit,10/16/24,2.3,,,100,6.3,53.9
TPZ1261–Park Ranch,10/16/24,4.9,55.9,69.8,86,4.3,61.9
TPZ1261-Walker,10/16/24,6.1,54.6,70,90,4.3,63.8
Meyers3400-Uplands,10/16/24,5.6,47.2,54.7,95,1.9,56.4
111Line-Columbine Trail,10/16/24,1,45,57.6,98,1.5,51.7
POR31-Iron Horse,10/16/24,0.8,45.8,55.8,98,4.3,58
619Line-Sierra Valley West,10/16/24,3.1,45.4,56.7,98,,58.9
SQV8200-Squaw Valley,10/16/24,3.4,45.8,54.4,97,5.8,59.8
CEM41-Garbage Pit Rd,10/16/24,5.1,49.2,58.6,92,4.4,65
CAL204-Dog Valley,10/16/24,3.9,52.5,60.9,94,6.9,63
TRK7203-Northstar Golf Course,10/16/24,2.3,42.2,58,97,10.6,54.9
Hobart Sub,10/16/24,0.7,42.4,53.8,100,4.3,57.1
SRB51-Smithneck Rd,10/16/24,4.8,50.3,56.8,96,12.7,66.6
TRK7202-Cabin Tree,10/16/24,0.8,44.8,52.9,100,6,58.5
Muller1296-Emigrant Trail,10/16/24,9.1,54.6,67.1,90,4.9,56.6
STL3101 Ledge Ct.,10/16/24,3.2,47.9,55.7,93,4.3,60.2
TAH7300-Homewood,10/16/24,1.6,47,54.5,96,4.7,56.7
7400-Glenshire,10/16/24,1.6,42.6,57.5,98,2.2,57.1
MEY3300-Grass Lake Road,10/16/24,1.2,42.1,59,99,4.8,50.4
WSH201-Floriston,10/16/24,3.6,47.2,57.2,92,5.5,58
Washoe204-Fariad,10/16/24,5.6,49.8,59,96,5.2,58.8
MEY3400-Camp Richardson,10/16/24,3,48.9,57.1,98,3.8,58.3
MEY3500-STPD Office,10/16/24,0.8,43,59.2,98,6.8,61
621Line-I-80 Gravel Pit,10/16/24,2.1,43.2,53.7,96,2.3,61.2
7201-Alpine Meadows,10/16/24,2.2,45.8,52.8,99,8.4,57.1
MUL1296-Markleeville,10/16/24,0.8,47.8,64.8,96,2.7,60.2
TPZ1261-Eastside Lane,10/16/24,9.2,57.3,69.1,76,3.3,66
MEY3300-Tolteca,10/16/24,2.8,47.8,56.8,92,,
TAH-5201 Lake Forest,10/16/24,0.5,44.6,53.7,96,14,51.9
Tahoe-7300 Sugar Pine Point,10/16/24,0.5,46.1,54.4,96,3.7,53.6
SOK-257 Reno Park,10/16/24,7.4,51,59.2,92,6.4,61.8
SMP8700-Firecamp,10/16/24,0.6,42.1,53.4,99,,
TAH5201-Fairway,10/16/24,1.3,44.6,53.1,96,,
TPZ1261 Cunningham,10/16/24,5,52.2,67.9,89,,
MUL1296-Sorensens,10/16/24,1.8,39.4,58.5,97,,
GLS7600-Walden,10/15/24,0.9,57.2,70,61,7.3,55.7
TAH7300-DL Bliss,10/15/24,0.8,56.8,68.5,66,2.2,59.7
MUL1296-Woodfords,10/15/24,5.1,62,76.9,43,0.2,66.1
BKY4201-Summit,10/15/24,1.1,,,100,6.4,55.3
TPZ1261–Park Ranch,10/15/24,3.3,62.6,80.6,68,4.4,64.4
TPZ1261-Walker,10/15/24,4.7,61.3,77.4,55,4.4,65.1
Meyers3400-Uplands,10/15/24,3.9,57.2,69.7,65,1.9,57.8
111Line-Columbine Trail,10/15/24,1.1,52.4,71.5,69,1.5,52
POR31-Iron Horse,10/15/24,1.7,54.1,76,96,4.4,61.5
619Line-Sierra Valley West,10/15/24,3.2,53.9,76.8,89,,58.9
SQV8200-Squaw Valley,10/15/24,1.8,50.1,70.3,91,5.8,63.2
CEM41-Garbage Pit Rd,10/15/24,4.5,56.4,76.5,86,4.5,67.4
CAL204-Dog Valley,10/15/24,3.5,59.7,79.3,62,6.8,63.2
TRK7203-Northstar Golf Course,10/15/24,2.3,48,74.2,97,10.8,57.9
Hobart Sub,10/15/24,1.4,49.5,75.7,98,4.4,59.6
SRB51-Smithneck Rd,10/15/24,4.4,57.4,76.6,73,12.7,67.5
TRK7202-Cabin Tree,10/15/24,1.2,52.5,70.3,75,5.6,60.2
Muller1296-Emigrant Trail,10/15/24,6.5,62.2,79.3,48,0.5,64.6
STL3101 Ledge Ct.,10/15/24,1.6,56.2,68.7,62,2.1,62.9
TAH7300-Homewood,10/15/24,1.2,53.9,70.3,87,4.5,57.1
7400-Glenshire,10/15/24,2.1,49.2,73.3,94,1.7,58
MEY3300-Grass Lake Road,10/15/24,0.8,50.4,71.2,72,4.8,53.9
WSH201-Floriston,10/15/24,3.7,55.1,76.6,78,5,64.3
Washoe204-Fariad,10/15/24,7.6,58.3,77.6,76,5.2,59.4
MEY3400-Camp Richardson,10/15/24,1.8,53,70.6,70,3.4,58.6
MEY3500-STPD Office,10/15/24,0.9,48.6,71.5,81,6.8,64.2
621Line-I-80 Gravel Pit,10/15/24,1.8,49.9,75.3,93,2.3,63.8
7201-Alpine Meadows,10/15/24,1,51.2,70.8,81,5.8,60.2
MUL1296-Markleeville,10/15/24,0.5,54.4,79,77,2.7,62.7
TPZ1261-Eastside Lane,10/15/24,8,64.2,77.7,36,3.4,70.3
MEY3300-Tolteca,10/15/24,1.8,55.4,70,65,,
TAH-5201 Lake Forest,10/15/24,0.8,52.8,71.2,80,9,52.9
Tahoe-7300 Sugar Pine Point,10/15/24,1.1,53.3,70.7,73,3.5,58.4
SOK-257 Reno Park,10/15/24,6,61,76.9,62,6.2,63.4
SMP8700-Firecamp,10/15/24,0.8,49.8,76.2,91,,
TAH5201-Fairway,10/15/24,1.3,51.4,69.9,90,,
TPZ1261 Cunningham,10/15/24,2.8,57.7,78.4,75,,
MUL1296-Sorensens,10/15/24,2.3,47.4,71.6,74,,
GLS7600-Walden,10/14/24,0.4,55.4,71.3,72,7.4,55.3
TAH7300-DL Bliss,10/14/24,0.5,56.7,64.3,67,2.2,59.6
MUL1296-Woodfords,10/14/24,1.8,58,73.4,57,0.2,66.2
BKY4201-Summit,10/14/24,1,,,100,6.4,55.2
TPZ1261–Park Ranch,10/14/24,4.7,60.8,76,74,4.4,64.4
TPZ1261-Walker,10/14/24,4.6,58.3,72.8,68,4.4,65.2
Meyers3400-Uplands,10/14/24,1.9,56.5,65.7,54,1.9,57.7
111Line-Columbine Trail,10/14/24,0.4,50.9,68.8,71,1.5,52
POR31-Iron Horse,10/14/24,1.1,54,77.6,96,4.4,61.9
619Line-Sierra Valley West,10/14/24,1.5,52.4,76.4,93,,58.9
SQV8200-Squaw Valley,10/14/24,1.6,50.2,72.1,93,5.8,63.2
CEM41-Garbage Pit Rd,10/14/24,3.1,56.1,77.2,78,4.5,67.1
CAL204-Dog Valley,10/14/24,2,55.7,76,73,6.9,63.3
TRK7203-Northstar Golf Course,10/14/24,1.8,48.1,75.2,97,10.8,57.7
Hobart Sub,10/14/24,0.6,49,75.3,98,4.4,59.7
SRB51-Smithneck Rd,10/14/24,5,56.8,75.7,70,12.7,67.5
TRK7202-Cabin Tree,10/14/24,1,52.1,72.6,88,5.6,60.1
Muller1296-Emigrant Trail,10/14/24,6.7,58,73.4,61,0.5,63.2
STL3101 Ledge Ct.,10/14/24,0.5,54.6,63.9,54,2.1,62.8
TAH7300-Homewood,10/14/24,0.1,52.7,68.3,86,4.6,57.4
7400-Glenshire,10/14/24,1.2,48.8,74.2,95,1.7,58
MEY3300-Grass Lake Road,10/14/24,1.5,49.7,69.4,82,4.8,53.7
WSH201-Floriston,10/14/24,2.6,53.2,74.8,84,5.1,64.2
Washoe204-Fariad,10/14/24,4.7,54.6,74.1,83,5.3,59.4
MEY3400-Camp Richardson,10/14/24,1.4,50.2,68,79,3.4,59.1
MEY3500-STPD Office,10/14/24,0.6,46.7,69,88,6.9,64.3
621Line-I-80 Gravel Pit,10/14/24,0.8,49.7,75.7,95,2.3,63.6
7201-Alpine Meadows,10/14/24,1.1,50.9,72.1,87,5.8,59.9
MUL1296-Markleeville,10/14/24,0,50.2,74.6,84,2.7,62.2
TPZ1261-Eastside Lane,10/14/24,8.8,60,72.7,47,3.5,69.2
MEY3300-Tolteca,10/14/24,1,54.4,69.3,65,,
TAH-5201 Lake Forest,10/14/24,1,52.2,69.4,75,9.1,52.7
Tahoe-7300 Sugar Pine Point,10/14/24,0.8,53.2,67.1,77,3.5,58.5
SOK-257 Reno Park,10/14/24,5.6,58.7,74.9,58,6.2,63.2
SMP8700-Firecamp,10/14/24,0.5,49.6,75.6,92,,
TAH5201-Fairway,10/14/24,0.6,51.3,68.4,89,,
TPZ1261 Cunningham,10/14/24,3.4,56,73.8,79,,
MUL1296-Sorensens,10/14/24,1.7,44.4,67.5,85,,
GLS7600-Walden,10/13/24,0.3,51.3,66.6,71,7.4,55.5
TAH7300-DL Bliss,10/13/24,0.5,53.6,60.4,54,2.2,59.6
MUL1296-Woodfords,10/13/24,2.2,55,68.7,50,0.2,67.2
BKY4201-Summit,10/13/24,1,,,100,6.4,55.6
TPZ1261–Park Ranch,10/13/24,5,58.2,71.8,62,4.4,64.8
TPZ1261-Walker,10/13/24,4.3,55.4,68.2,67,4.4,65.8
Meyers3400-Uplands,10/13/24,2.5,53.5,61.3,60,1.9,58
111Line-Columbine Trail,10/13/24,0.5,49.4,65.7,61,1.5,52.4
POR31-Iron Horse,10/13/24,1,53.4,71.8,92,4.5,63
619Line-Sierra Valley West,10/13/24,2.2,51.4,71.6,86,,58.9
SQV8200-Squaw Valley,10/13/24,1.3,47.4,68.5,89,5.8,63
CEM41-Garbage Pit Rd,10/13/24,3.4,53.9,71.2,76,4.5,66.9
CAL204-Dog Valley,10/13/24,2,52.8,70.5,74,6.9,64.3
TRK7203-Northstar Golf Course,10/13/24,1.6,45.7,70,92,10.8,57.3
Hobart Sub,10/13/24,0.7,46.4,70,99,4.4,59.7
SRB51-Smithneck Rd,10/13/24,5,54,70.4,71,12.7,67.7
TRK7202-Cabin Tree,10/13/24,1.2,49.1,68.6,83,5.6,60.4
Muller1296-Emigrant Trail,10/13/24,6.2,55,69,55,0.5,62.1
STL3101 Ledge Ct.,10/13/24,0.6,52.5,62.2,52,2.2,63
TAH7300-Homewood,10/13/24,0.2,50,62.9,75,4.6,58.1
7400-Glenshire,10/13/24,1.3,46.1,68.7,87,1.7,58.4
MEY3300-Grass Lake Road,10/13/24,1.1,47.4,65.1,73,4.8,53.8
WSH201-Floriston,10/13/24,2.5,50.1,69.4,78,5.1,64
Washoe204-Fariad,10/13/24,4.2,51.3,68.4,78,5.3,60.4
MEY3400-Camp Richardson,10/13/24,1.6,49.3,65,75,3.4,59.9
MEY3500-STPD Office,10/13/24,0.7,45.5,65.9,75,6.9,64.4
621Line-I-80 Gravel Pit,10/13/24,1.5,47.1,69.8,88,2.3,63.5
7201-Alpine Meadows,10/13/24,1.1,47.8,67.2,83,5.9,59.9
MUL1296-Markleeville,10/13/24,0,48.5,69.4,79,2.7,62.8
TPZ1261-Eastside Lane,10/13/24,9.5,55.8,68.2,43,3.5,68.6
MEY3300-Tolteca,10/13/24,1.1,51.9,64.8,66,,
TAH-5201 Lake Forest,10/13/24,1.1,49.4,64.9,74,9.2,53.1
Tahoe-7300 Sugar Pine Point,10/13/24,0.8,50.6,63.3,73,3.5,58.4
SOK-257 Reno Park,10/13/24,6.4,54.3,69.5,76,6.3,64
SMP8700-Firecamp,10/13/24,0.5,46.9,69.5,86,,
TAH5201-Fairway,10/13/24,0.7,48.3,62.9,80,,
TPZ1261 Cunningham,10/13/24,4.1,54.4,69.7,67,,
MUL1296-Sorensens,10/13/24,1.3,42.3,62.9,74,,
GLS7600-Walden,10/12/24,2.3,54,63.1,58,7.5,58.2
TAH7300-DL Bliss,10/12/24,1.8,55,61.3,56,2.3,61.3
MUL1296-Woodfords,10/12/24,5.2,61.8,70.5,44,0.3,68.7
BKY4201-Summit,10/12/24,2.9,,,100,6.4,57.3
TPZ1261–Park Ranch,10/12/24,3.9,62.3,78,61,4.5,66.2
TPZ1261-Walker,10/12/24,5.9,61.1,75.7,39,4.4,66.9
Meyers3400-Uplands,10/12/24,7.4,54,63.4,57,1.9,59.2
111Line-Columbine Trail,10/12/24,2.1,51.3,64.1,63,1.5,53.5
POR31-Iron Horse,10/12/24,1.7,52.5,69,74,4.4,61.8
619Line-Sierra Valley West,10/12/24,5.6,54.6,70.9,73,,58.9
SQV8200-Squaw Valley,10/12/24,3.6,52.8,62.7,78,5.8,64.1
CEM41-Garbage Pit Rd,10/12/24,8.1,58,70.6,61,4.5,67.7
CAL204-Dog Valley,10/12/24,4.1,60.4,72,64,7,65.8
TRK7203-Northstar Golf Course,10/12/24,5.3,50.3,66.3,87,10.9,58.8
Hobart Sub,10/12/24,2.2,50.6,66.9,87,4.4,61.1
SRB51-Smithneck Rd,10/12/24,6,57.2,70.3,65,12.8,68.4
TRK7202-Cabin Tree,10/12/24,2.4,52,63.3,70,5.7,62
Muller1296-Emigrant Trail,10/12/24,9.4,62.7,74.4,51,0.5,66
STL3101 Ledge Ct.,10/12/24,2.4,54.4,64.6,52,2.2,64.6
TAH7300-Homewood,10/12/24,2.3,54.4,62.9,69,4.6,59.1
7400-Glenshire,10/12/24,2.9,51.6,66,80,1.7,59.9
MEY3300-Grass Lake Road,10/12/24,1.5,48.8,64.2,77,4.8,55
WSH201-Floriston,10/12/24,5,54.4,69.5,71,5.2,66.3
Washoe204-Fariad,10/12/24,6.6,58.3,69.8,70,5.4,62.4
MEY3400-Camp Richardson,10/12/24,3.9,56.3,65,58,3.5,61
MEY3500-STPD Office,10/12/24,1.5,49.7,66.3,77,6.9,65.4
621Line-I-80 Gravel Pit,10/12/24,3.8,50,67.5,84,2.3,64.9
7201-Alpine Meadows,10/12/24,2.6,53.3,62.8,71,5.9,61.8
MUL1296-Markleeville,10/12/24,0.8,57.4,71.2,68,2.8,65
TPZ1261-Eastside Lane,10/12/24,6.9,64.1,75.8,29,3.6,71
MEY3300-Tolteca,10/12/24,3.9,55.6,63,59,,
TAH-5201 Lake Forest,10/12/24,1.7,53.4,63.8,66,9.3,54.7
Tahoe-7300 Sugar Pine Point,10/12/24,1.1,53.6,65.5,69,3.6,60.2
SOK-257 Reno Park,10/12/24,9.8,59,70.9,60,6.4,66
SMP8700-Firecamp,10/12/24,1.5,50,67.2,82,,
TAH5201-Fairway,10/12/24,3.2,53.1,63.1,66,,
TPZ1261 Cunningham,10/12/24,3.8,58.2,76.6,59,,
MUL1296-Sorensens,10/12/24,1.7,47.1,64.2,72,,
GLS7600-Walden,10/11/24,1.3,58.6,69.1,42,7.6,58.4
TAH7300-DL Bliss,10/11/24,1.2,57.4,66.9,59,2.3,62.6
MUL1296-Woodfords,10/11/24,5.3,63.6,76.1,30,0.3,68.9
BKY4201-Summit,10/11/24,1.8,,,100,6.4,57.7
TPZ1261–Park Ranch,10/11/24,3.4,64.7,81.9,70,4.5,66.4
TPZ1261-Walker,10/11/24,5.2,63.4,77.6,37,4.4,67
Meyers3400-Uplands,10/11/24,5.2,57.9,68.1,60,1.9,59.9
111Line-Columbine Trail,10/11/24,1.4,53.6,70.8,54,1.5,53.9
POR31-Iron Horse,10/11/24,1.5,54.1,75.7,64,4.5,62.7
619Line-Sierra Valley West,10/11/24,3.6,54.3,76.6,72,,58.9
SQV8200-Squaw Valley,10/11/24,3,52.4,68.5,73,5.8,63.8
CEM41-Garbage Pit Rd,10/11/24,4.3,57.6,77.2,54,4.5,68.1
CAL204-Dog Valley,10/11/24,3.5,60.9,78.3,51,6.9,65.3
TRK7203-Northstar Golf Course,10/11/24,3.4,49.9,72.3,87,10.9,59.1
Hobart Sub,10/11/24,1.5,51,73.4,88,4.4,61.3
SRB51-Smithneck Rd,10/11/24,3.8,58.7,76.6,49,12.8,68.9
TRK7202-Cabin Tree,10/11/24,1.9,54.8,69.4,51,5.7,62.2
Muller1296-Emigrant Trail,10/11/24,7,63.3,78.8,46,0.5,66
STL3101 Ledge Ct.,10/11/24,1.5,56.5,69.8,45,2.3,65.6
TAH7300-Homewood,10/11/24,1.1,54.2,69.1,67,4.6,59.2
7400-Glenshire,10/11/24,2.2,50.6,72.2,74,1.7,60
MEY3300-Grass Lake Road,10/11/24,0.8,51.6,71.8,66,4.8,55.6
WSH201-Floriston,10/11/24,3.6,56.3,76,65,5.3,67
Washoe204-Fariad,10/11/24,6.5,59.2,77.2,63,5.4,62.5
MEY3400-Camp Richardson,10/11/24,2.4,54.7,70.6,77,3.6,61.2
MEY3500-STPD Office,10/11/24,1.1,49.9,71.6,69,7,65.6
621Line-I-80 Gravel Pit,10/11/24,2.3,50.9,74.2,83,2.3,65.5
7201-Alpine Meadows,10/11/24,1.2,53,69,62,6,61.6
MUL1296-Markleeville,10/11/24,0.7,55.9,76.7,66,2.8,64.3
TPZ1261-Eastside Lane,10/11/24,10.5,65.6,77.9,28,3.7,72
MEY3300-Tolteca,10/11/24,2.5,56.4,68.9,48,,
TAH-5201 Lake Forest,10/11/24,1.1,54.8,69.7,66,9.4,55
Tahoe-7300 Sugar Pine Point,10/11/24,1,55,70.6,67,3.6,60.4
SOK-257 Reno Park,10/11/24,5.4,62.4,77.4,41,6.4,66
SMP8700-Firecamp,10/11/24,0.9,50.7,74.8,78,,
TAH5201-Fairway,10/11/24,2.1,54.4,69.2,75,,
TPZ1261 Cunningham,10/11/24,3.4,61.1,79.4,65,,
MUL1296-Sorensens,10/11/24,2,48,69.6,60,,
GLS7600-Walden,10/10/24,1,61,71.3,34,7.7,59.6
TAH7300-DL Bliss,10/10/24,1.3,60.4,68.6,58,2.3,63.7
MUL1296-Woodfords,10/10/24,4.8,66.4,76.3,28,0.3,69.8
BKY4201-Summit,10/10/24,1.5,,,100,6.5,58.4
TPZ1261–Park Ranch,10/10/24,2.8,65.6,83.1,71,4.5,67.5
TPZ1261-Walker,10/10/24,6.1,65.8,78.7,42,4.4,67.6
Meyers3400-Uplands,10/10/24,5,61.3,70.1,41,1.9,60.7
111Line-Columbine Trail,10/10/24,1.4,57.6,71.2,38,1.5,54.9
POR31-Iron Horse,10/10/24,1.8,57.1,76.6,57,4.5,64.2
619Line-Sierra Valley West,10/10/24,4.5,57.7,77.8,61,,58.9
SQV8200-Squaw Valley,10/10/24,3.4,53.9,70.5,65,5.8,64.8
CEM41-Garbage Pit Rd,10/10/24,4.5,60.6,77.7,47,4.5,69.1
CAL204-Dog Valley,10/10/24,3.3,64.1,79.3,43,7,65.8
TRK7203-Northstar Golf Course,10/10/24,3.3,52.1,74.4,67,11,59.9
Hobart Sub,10/10/24,1.4,52.8,75.1,76,4.4,62.2
SRB51-Smithneck Rd,10/10/24,5.1,61.5,77.1,39,12.9,69.5
TRK7202-Cabin Tree,10/10/24,2.1,57.9,70.4,48,5.7,63.1
Muller1296-Emigrant Trail,10/10/24,6.9,65.8,78.7,38,0.5,68.7
STL3101 Ledge Ct.,10/10/24,2.3,61.6,71.6,29,2.3,67
TAH7300-Homewood,10/10/24,1.5,57.8,71,56,4.6,59.9
7400-Glenshire,10/10/24,2.2,52.6,73.9,57,1.7,60.7
MEY3300-Grass Lake Road,10/10/24,1.1,53.6,71.3,63,4.8,56.2
WSH201-Floriston,10/10/24,3,58.2,77.1,54,5.3,68.1
Washoe204-Fariad,10/10/24,6.1,61.7,77.7,50,5.4,63.2
MEY3400-Camp Richardson,10/10/24,2.4,59.6,72.1,65,3.6,61.8
MEY3500-STPD Office,10/10/24,1.1,52.8,72.2,61,7,66.6
621Line-I-80 Gravel Pit,10/10/24,2.2,52.8,75.1,72,2.4,66.2
7201-Alpine Meadows,10/10/24,1.8,55.4,70.8,62,6,62.5
MUL1296-Markleeville,10/10/24,0.2,56.5,76.8,62,2.8,65.5
TPZ1261-Eastside Lane,10/10/24,7.5,68.3,78.9,31,3.7,73.4
MEY3300-Tolteca,10/10/24,2.7,61.3,69.7,41,,
TAH-5201 Lake Forest,10/10/24,0.9,57.2,71.5,42,9.5,55.4
Tahoe-7300 Sugar Pine Point,10/10/24,1,57.8,71.4,64,3.6,61.4
SOK-257 Reno Park,10/10/24,6.3,65.1,79.1,37,6.4,66.9
SMP8700-Firecamp,10/10/24,1,52.8,75.5,66,,
TAH5201-Fairway,10/10/24,2,56.5,70.6,49,,
TPZ1261 Cunningham,10/10/24,4,61.8,80.5,67,,
MUL1296-Sorensens,10/10/24,1.9,49.6,70.7,58,,
GLS7600-Walden,10/9/24,1.6,62.7,72.6,31,7.8,60.1
TAH7300-DL Bliss,10/9/24,1.4,60.7,70.8,64,2.4,64.4
MUL1296-Woodfords,10/9/24,6.6,66.9,79.4,33,0.3,69.4
BKY4201-Summit,10/9/24,2.1,,,100,6.5,58.6
TPZ1261–Park Ranch,10/9/24,4.1,67.6,86,64,4.5,67.8
TPZ1261-Walker,10/9/24,6.3,66.5,81.4,40,4.4,67.5
Meyers3400-Uplands,10/9/24,5.7,62,72.1,42,1.9,60.9
111Line-Columbine Trail,10/9/24,1.3,56.8,73.9,46,1.5,55.3
POR31-Iron Horse,10/9/24,1.7,57.2,78.1,66,4.5,64
619Line-Sierra Valley West,10/9/24,3.9,56.8,79.5,73,,58.9
SQV8200-Squaw Valley,10/9/24,2.8,54.2,72.5,70,5.8,65.4
CEM41-Garbage Pit Rd,10/9/24,5,60.9,80.6,55,4.5,69.4
CAL204-Dog Valley,10/9/24,3.3,63.3,82,58,6.9,65.2
TRK7203-Northstar Golf Course,10/9/24,3.7,51.4,75.7,87,11,60.3
Hobart Sub,10/9/24,1.6,52.3,77.2,84,4.5,62.8
SRB51-Smithneck Rd,10/9/24,5.6,62.5,79.6,50,12.9,69.7
TRK7202-Cabin Tree,10/9/24,2.2,57.3,72.7,57,5.7,63.5
Muller1296-Emigrant Trail,10/9/24,7.2,66.6,82.4,45,0.5,69.1
STL3101 Ledge Ct.,10/9/24,2.3,61.5,73.6,45,2.3,67.2
TAH7300-Homewood,10/9/24,1.3,57.4,73.3,70,4.6,60.3
7400-Glenshire,10/9/24,2.1,52.5,76.2,78,1.7,61.2
MEY3300-Grass Lake Road,10/9/24,1.3,54.6,73.9,60,4.8,56.6
WSH201-Floriston,10/9/24,3.8,58.7,79.2,64,5.4,68.1
Washoe204-Fariad,10/9/24,6.2,62,79.8,60,5.5,63.2
MEY3400-Camp Richardson,10/9/24,2.5,57.3,74.4,69,3.7,61.8
MEY3500-STPD Office,10/9/24,1,52.4,75.1,72,7.1,67.3
621Line-I-80 Gravel Pit,10/9/24,2.2,52.5,77.1,83,2.4,67.1
7201-Alpine Meadows,10/9/24,1.5,55.4,73.1,61,6.1,62.6
MUL1296-Markleeville,10/9/24,0.5,58,79.7,68,2.8,65.8
TPZ1261-Eastside Lane,10/9/24,10.2,69,81.7,30,3.8,72.8
MEY3300-Tolteca,10/9/24,2.3,60.5,72.9,44,,
TAH-5201 Lake Forest,10/9/24,0.8,56.1,73.6,67,9.6,55.7
Tahoe-7300 Sugar Pine Point,10/9/24,1,57.2,75,59,3.7,61.6
SOK-257 Reno Park,10/9/24,8.2,65.8,81,41,6.5,66.8
SMP8700-Firecamp,10/9/24,1.1,52.6,77.2,82,,
TAH5201-Fairway,10/9/24,1.5,55.6,72.6,74,,
TPZ1261 Cunningham,10/9/24,4,62.6,82.8,65,,
MUL1296-Sorensens,10/9/24,2.3,50.4,73.3,65,,
GLS7600-Walden,10/8/24,0.9,62.4,74.2,46,7.9,60.8
TAH7300-DL Bliss,10/8/24,1.3,61.6,70.5,64,2.4,65.5
MUL1296-Woodfords,10/8/24,4.9,66.6,79.4,39,0.3,69.2
BKY4201-Summit,10/8/24,1.7,,,100,6.5,59.4
TPZ1261–Park Ranch,10/8/24,3.3,67.5,84.1,77,4.5,68.2
TPZ1261-Walker,10/8/24,3.9,65.5,80.7,53,4.4,67.5
Meyers3400-Uplands,10/8/24,3.4,61.8,73.8,66,2,61.3
111Line-Columbine Trail,10/8/24,0.6,57.5,75.9,59,1.5,55.9
POR31-Iron Horse,10/8/24,1.6,58.4,80.7,73,4.6,65.6
619Line-Sierra Valley West,10/8/24,4,58.4,81.4,78,,58.9
SQV8200-Squaw Valley,10/8/24,2.2,55.8,75.4,75,5.8,66.2
CEM41-Garbage Pit Rd,10/8/24,5.1,61.2,81.3,71,4.5,69.3
CAL204-Dog Valley,10/8/24,3.1,63.8,82.7,64,7,65.3
TRK7203-Northstar Golf Course,10/8/24,2.8,54.1,78.1,84,11.1,61.4
Hobart Sub,10/8/24,1.4,55,78.8,86,4.5,64.1
SRB51-Smithneck Rd,10/8/24,5.1,62.1,80.6,62,13,69.8
TRK7202-Cabin Tree,10/8/24,1.8,58.8,75.2,56,5.7,64.2
Muller1296-Emigrant Trail,10/8/24,6.1,66.1,79.4,49,0.6,70.4
STL3101 Ledge Ct.,10/8/24,0.7,60.7,71.2,63,2.4,67.9
TAH7300-Homewood,10/8/24,0.8,57.9,74.9,68,4.6,61
7400-Glenshire,10/8/24,2,55,77.5,76,1.8,62.1
MEY3300-Grass Lake Road,10/8/24,0.8,55.2,75.5,74,4.9,57
WSH201-Floriston,10/8/24,3,60.3,80.7,64,5.5,69.4
Washoe204-Fariad,10/8/24,6.2,63,81,62,5.5,63.5
MEY3400-Camp Richardson,10/8/24,2,56.7,74.8,73,3.8,62.4
MEY3500-STPD Office,10/8/24,0.8,52.9,74.3,75,7.1,67.9
621Line-I-80 Gravel Pit,10/8/24,1.7,55.8,78.7,80,2.4,68
7201-Alpine Meadows,10/8/24,1.3,56.9,76,69,6.1,63.2
MUL1296-Markleeville,10/8/24,0,57.6,81.6,77,2.8,65.9
TPZ1261-Eastside Lane,10/8/24,7.7,67.3,80,38,3.9,72.2
MEY3300-Tolteca,10/8/24,1.4,59.8,74,55,,
TAH-5201 Lake Forest,10/8/24,0.7,57.5,74.5,72,9.7,56.6
Tahoe-7300 Sugar Pine Point,10/8/24,0.9,58.1,74.9,68,3.7,62.3
SOK-257 Reno Park,10/8/24,5.2,65.1,80.6,54,6.5,66.9
SMP8700-Firecamp,10/8/24,0.8,55.6,80.2,76,,
TAH5201-Fairway,10/8/24,1.3,56.7,73.9,82,,
TPZ1261 Cunningham,10/8/24,2.8,61.8,82.1,69,,
MUL1296-Sorensens,10/8/24,2.3,51.7,74,72,,
GLS7600-Walden,10/7/24,0.8,62.1,73.8,42,8,61.2
TAH7300-DL Bliss,10/7/24,1.1,62.7,71.8,69,2.4,66.1
MUL1296-Woodfords,10/7/24,2.2,66.3,79.8,43,0.3,69.1
BKY4201-Summit,10/7/24,0.9,,,100,6.5,60
TPZ1261–Park Ranch,10/7/24,4.2,68.1,85,74,4.5,67.6
TPZ1261-Walker,10/7/24,5.3,66.1,81.6,55,4.4,68
Meyers3400-Uplands,10/7/24,3.1,63.5,73.4,57,2,61.8
111Line-Columbine Trail,10/7/24,0.7,59.4,75.5,59,1.5,56.4
POR31-Iron Horse,10/7/24,0.8,60.2,79.6,61,4.6,66.4
619Line-Sierra Valley West,10/7/24,2.9,59.4,81.8,62,,58.9
SQV8200-Squaw Valley,10/7/24,1.8,56.3,75.2,75,5.8,66.3
CEM41-Garbage Pit Rd,10/7/24,3.6,61.1,79.9,56,4.6,70
CAL204-Dog Valley,10/7/24,2.5,59.8,80.3,88,7,67.9
TRK7203-Northstar Golf Course,10/7/24,2.5,54,78.6,84,11.2,61.8
Hobart Sub,10/7/24,1,55.2,80,78,4.5,64.3
SRB51-Smithneck Rd,10/7/24,4.5,62.1,78.4,49,13,70.7
TRK7202-Cabin Tree,10/7/24,1.3,58.6,75.6,58,5.8,64.7
Muller1296-Emigrant Trail,10/7/24,5.8,66.3,82.5,52,0.6,70.4
STL3101 Ledge Ct.,10/7/24,0.6,62.4,73.7,53,2.4,68.3
TAH7300-Homewood,10/7/24,0.9,59.3,75.5,65,4.7,61.6
7400-Glenshire,10/7/24,1.8,55.1,77.7,77,1.8,62.6
MEY3300-Grass Lake Road,10/7/24,0.9,57,75.6,74,4.9,57.8
WSH201-Floriston,10/7/24,3,59.9,79.8,65,5.5,69.8
Washoe204-Fariad,10/7/24,5.1,61,80.8,61,5.6,63.7
MEY3400-Camp Richardson,10/7/24,2,58,75.9,73,3.9,62.9
MEY3500-STPD Office,10/7/24,0.9,55.5,76,76,7.1,68.5
621Line-I-80 Gravel Pit,10/7/24,1.7,56,79.6,78,2.4,68.2
7201-Alpine Meadows,10/7/24,0.9,57.2,76.4,71,6.1,62.9
MUL1296-Markleeville,10/7/24,0.2,58.2,81.3,92,2.8,66.1
TPZ1261-Eastside Lane,10/7/24,8.8,68.1,81.4,42,4,73.1
MEY3300-Tolteca,10/7/24,1.1,61.5,74.5,55,,
TAH-5201 Lake Forest,10/7/24,0.6,58.7,75.6,67,9.8,57.2
Tahoe-7300 Sugar Pine Point,10/7/24,0.8,59.3,75.6,68,3.7,62.3
SOK-257 Reno Park,10/7/24,5.9,63.1,78.7,53,,68.1
SMP8700-Firecamp,10/7/24,0.7,54.4,79.5,79,,
TAH5201-Fairway,10/7/24,1,57.2,74.5,71,,
TPZ1261 Cunningham,10/7/24,3.4,63.3,83.1,72,,
MUL1296-Sorensens,10/7/24,2.6,52.8,75,75,,
GLS7600-Walden,10/6/24,0.6,63.4,75.8,42,8.1,61.8
TAH7300-DL Bliss,10/6/24,0.8,63.3,72.1,60,2.4,66.4
MUL1296-Woodfords,10/6/24,2,65.8,77.2,44,0.4,69.6
BKY4201-Summit,10/6/24,1.1,,,100,6.5,60.4
TPZ1261–Park Ranch,10/6/24,4.6,68.7,83.4,70,4.5,67.8
TPZ1261-Walker,10/6/24,3.9,66.8,79.1,51,4.4,69
Meyers3400-Uplands,10/6/24,2.6,64,73.6,46,2,61.5
111Line-Columbine Trail,10/6/24,0.5,59.6,77.8,63,1.5,56.3
POR31-Iron Horse,10/6/24,1.2,60.6,82.9,63,4.7,67.4
619Line-Sierra Valley West,10/6/24,2.7,59.9,84.1,69,,58.9
SQV8200-Squaw Valley,10/6/24,1.4,57.1,77.8,75,5.9,66.5
CEM41-Garbage Pit Rd,10/6/24,3.1,63.4,82.1,56,4.6,70.8
CAL204-Dog Valley,10/6/24,1.9,63.9,80.4,52,7.1,69.5
TRK7203-Northstar Golf Course,10/6/24,2,55.1,80,88,11.2,62.3
Hobart Sub,10/6/24,0.8,56.7,81.6,79,4.5,64.6
SRB51-Smithneck Rd,10/6/24,4.5,64.4,80.6,50,13.1,71.3
TRK7202-Cabin Tree,10/6/24,1.1,59.9,78,58,5.8,65.2
Muller1296-Emigrant Trail,10/6/24,6,66.6,79.6,52,0.6,70.1
STL3101 Ledge Ct.,10/6/24,0.7,62.5,73,56,2.4,67.9
TAH7300-Homewood,10/6/24,0.8,59.1,73,67,4.7,61.6
7400-Glenshire,10/6/24,1.5,56.7,79.6,75,1.8,62.8
MEY3300-Grass Lake Road,10/6/24,0.8,58,76.4,79,4.9,58.2
WSH201-Floriston,10/6/24,2.3,62,80.6,64,5.6,71.2
Washoe204-Fariad,10/6/24,4.8,62.8,79,63,5.6,64
MEY3400-Camp Richardson,10/6/24,1.7,57.3,73.8,70,4,63.1
MEY3500-STPD Office,10/6/24,0.7,55,75,80,7.2,68.3
621Line-I-80 Gravel Pit,10/6/24,1.4,57.2,81,80,2.4,68.4
7201-Alpine Meadows,10/6/24,1,57.4,76.6,71,6.2,63.3
MUL1296-Markleeville,10/6/24,0,57.6,80.7,90,2.9,67.1
TPZ1261-Eastside Lane,10/6/24,8.6,68.8,79.1,38,4,74
MEY3300-Tolteca,10/6/24,1,62,76.4,55,,
TAH-5201 Lake Forest,10/6/24,0.4,58.8,76.9,68,9.9,57.2
Tahoe-7300 Sugar Pine Point,10/6/24,0.8,58.9,73.3,68,3.7,63.2
SOK-257 Reno Park,10/6/24,6.1,67,81.4,42,6.6,68.9
SMP8700-Firecamp,10/6/24,0.5,56.3,78.6,76,,
TAH5201-Fairway,10/6/24,1,57.5,75.8,78,,
TPZ1261 Cunningham,10/6/24,3.9,64,81.3,71,,
MUL1296-Sorensens,10/6/24,1.4,52.5,72.5,78,,
GLS7600-Walden,10/5/24,1.2,65.3,74.9,36,8.2,62.2
TAH7300-DL Bliss,10/5/24,1.1,64.6,72.8,69,2.5,66.6
MUL1296-Woodfords,10/5/24,3.6,68.7,81.8,41,0.4,70.3
BKY4201-Summit,10/5/24,1.3,,,100,6.5,60.1
TPZ1261–Park Ranch,10/5/24,3.6,70.3,86.3,65,4.5,68.7
TPZ1261-Walker,10/5/24,4.4,69,83,48,4.4,68.7
Meyers3400-Uplands,10/5/24,3.7,64.8,72.7,39,2,61.5
111Line-Columbine Trail,10/5/24,1,60.6,78.1,56,1.5,56.1
POR31-Iron Horse,10/5/24,1.6,61,83.3,59,4.7,67.4
619Line-Sierra Valley West,10/5/24,4.6,60.7,82.2,60,,58.9
SQV8200-Squaw Valley,10/5/24,1.6,57.3,76.2,74,5.9,66.8
CEM41-Garbage Pit Rd,10/5/24,4.6,64.2,82.1,50,4.6,71.2
CAL204-Dog Valley,10/5/24,3.4,66.9,83.9,52,7.1,70.1
TRK7203-Northstar Golf Course,10/5/24,2.7,55.8,78.3,85,11.2,62.1
Hobart Sub,10/5/24,1.3,56.9,80.3,74,4.5,64
SRB51-Smithneck Rd,10/5/24,5.9,65.7,81.2,49,13.2,71.6
TRK7202-Cabin Tree,10/5/24,1.5,60.9,75.9,57,5.8,65.4
Muller1296-Emigrant Trail,10/5/24,6.4,68.7,83.1,48,0.6,72.3
STL3101 Ledge Ct.,10/5/24,1.5,64.1,70.6,42,2.4,68.4
TAH7300-Homewood,10/5/24,1.1,60.8,76.2,67,4.9,61.6
7400-Glenshire,10/5/24,2.1,57.2,78.6,77,1.8,62.2
MEY3300-Grass Lake Road,10/5/24,1,57.8,75.9,66,4.9,58.3
WSH201-Floriston,10/5/24,3.5,62.5,81.6,60,5.7,71
Washoe204-Fariad,10/5/24,3.3,64.1,81.5,58,5.6,64.5
MEY3400-Camp Richardson,10/5/24,2.1,60.5,77.5,77,4.2,63.4
MEY3500-STPD Office,10/5/24,0.8,56.2,76.2,76,7.2,68.4
621Line-I-80 Gravel Pit,10/5/24,1.9,57.3,80,80,2.4,67.9
7201-Alpine Meadows,10/5/24,1.1,58.4,75.7,69,6.3,64.6
MUL1296-Markleeville,10/5/24,0.1,60.7,83.3,72,2.9,67.9
TPZ1261-Eastside Lane,10/5/24,10.3,70.1,82.5,34,4.2,75.2
MEY3300-Tolteca,10/5/24,1.8,64,75.8,54,,
TAH-5201 Lake Forest,10/5/24,0.9,60.2,77.4,67,10.1,56.6
Tahoe-7300 Sugar Pine Point,10/5/24,0.8,60.6,77.1,60,3.8,64
SOK-257 Reno Park,10/5/24,7.5,68.1,81.3,45,6.7,69.1
SMP8700-Firecamp,10/5/24,0.7,56.6,79.4,77,,
TAH5201-Fairway,10/5/24,1.7,59.2,76.2,69,,
TPZ1261 Cunningham,10/5/24,3.5,65.7,82.3,69,,
MUL1296-Sorensens,10/5/24,2.1,54,75.2,73,,
GLS7600-Walden,10/4/24,2.8,64.4,70.6,32,8.3,62.4
TAH7300-DL Bliss,10/4/24,3.1,65.4,71.7,34,2.5,66.6
MUL1296-Woodfords,10/4/24,6.4,69.5,77.6,35,0.4,71.1
BKY4201-Summit,10/4/24,1.8,,,100,6.5,60
TPZ1261–Park Ranch,10/4/24,5.4,72.2,83.8,49,4.5,69.8
TPZ1261-Walker,10/4/24,8.2,70.5,79.4,39,4.4,69.2
Meyers3400-Uplands,10/4/24,7,64.8,71.7,32,2.1,61.8
111Line-Columbine Trail,10/4/24,2,62,73.2,46,1.5,56.1
POR31-Iron Horse,10/4/24,2.5,61.2,80.3,51,4.7,67.7
619Line-Sierra Valley West,10/4/24,6.8,62.5,80.2,54,,58.9
SQV8200-Squaw Valley,10/4/24,3.2,60.5,74,61,5.9,67.7
CEM41-Garbage Pit Rd,10/4/24,8.6,70,80,40,4.6,71.7
CAL204-Dog Valley,10/4/24,5.5,70,80.9,40,7.1,70.2
TRK7203-Northstar Golf Course,10/4/24,6.2,58.2,75.5,75,11.3,62.9
Hobart Sub,10/4/24,2.4,56.9,77.3,66,4.5,64.2
SRB51-Smithneck Rd,10/4/24,6.6,69.7,79.1,36,13.2,71.7
TRK7202-Cabin Tree,10/4/24,3.7,63.8,73,43,5.8,65.7
Muller1296-Emigrant Trail,10/4/24,11,71.1,81.6,33,0.6,73.3
STL3101 Ledge Ct.,10/4/24,4.9,65.8,72.9,31,2.5,69.4
TAH7300-Homewood,10/4/24,2,63.2,73.7,48,5.4,61.8
7400-Glenshire,10/4/24,3.4,57.6,74.5,73,1.8,62.5
MEY3300-Grass Lake Road,10/4/24,1.7,58,73.7,64,4.9,58.7
WSH201-Floriston,10/4/24,6.5,63.1,78.2,63,5.8,71.1
Washoe204-Fariad,10/4/24,9.7,68.4,78.7,52,5.6,65
MEY3400-Camp Richardson,10/4/24,3.6,65.8,74.5,52,4.4,63.2
MEY3500-STPD Office,10/4/24,1.8,57.4,74.8,65,7.2,69.2
621Line-I-80 Gravel Pit,10/4/24,3.9,56.6,77.4,79,2.4,68.2
7201-Alpine Meadows,10/4/24,2.9,63.5,73.9,58,6.3,65.3
MUL1296-Markleeville,10/4/24,0.9,61.6,78.9,64,2.9,68.2
TPZ1261-Eastside Lane,10/4/24,11.7,71,80.6,30,4.3,75.7
MEY3300-Tolteca,10/4/24,2.6,64.9,72,41,,
TAH-5201 Lake Forest,10/4/24,1.6,60.7,74.7,47,10.2,56.2
Tahoe-7300 Sugar Pine Point,10/4/24,1.3,62.6,75.3,61,3.8,64.6
SOK-257 Reno Park,10/4/24,12.1,69.9,79.1,33,6.7,69.8
SMP8700-Firecamp,10/4/24,1.8,57.2,76.2,65,,
TAH5201-Fairway,10/4/24,2.5,61,74,49,,
TPZ1261 Cunningham,10/4/24,6.4,69.5,82.8,52,,
MUL1296-Sorensens,10/4/24,2.7,55.5,72.5,65,,
GLS7600-Walden,10/3/24,2.1,67.1,76.9,28,8.5,62.3
TAH7300-DL Bliss,10/3/24,1.5,64.3,75.6,65,2.5,66.7
MUL1296-Woodfords,10/3/24,5.5,70.4,82.6,31,0.4,70.8
BKY4201-Summit,10/3/24,1.5,,,100,6.5,60
TPZ1261–Park Ranch,10/3/24,3.4,71.8,89.7,56,4.5,69.9
TPZ1261-Walker,10/3/24,7.3,72,85.1,36,4.4,69
Meyers3400-Uplands,10/3/24,4.7,66.4,75.8,46,2.1,61.7
111Line-Columbine Trail,10/3/24,1.6,60.8,77.9,54,1.5,55.9
POR31-Iron Horse,10/3/24,2,61.6,84.7,49,4.8,68.1
619Line-Sierra Valley West,10/3/24,5.1,61,84.8,62,,58.9
SQV8200-Squaw Valley,10/3/24,2.7,57.3,77.9,63,5.9,67.9
CEM41-Garbage Pit Rd,10/3/24,6.1,65.3,84.7,49,4.6,71.4
CAL204-Dog Valley,10/3/24,4.2,67.8,85.9,42,7.1,69.5
TRK7203-Northstar Golf Course,10/3/24,4.9,54.9,80.7,88,11.3,63.1
Hobart Sub,10/3/24,1.7,55.3,81.2,79,4.5,64.8
SRB51-Smithneck Rd,10/3/24,6.8,67.8,84.2,43,13.2,71.6
TRK7202-Cabin Tree,10/3/24,2.5,62,77.5,42,5.8,65.3
Muller1296-Emigrant Trail,10/3/24,7.4,71.3,86,38,0.6,72.9
STL3101 Ledge Ct.,10/3/24,2.4,65,78,50,2.5,69.4
TAH7300-Homewood,10/3/24,1.4,60.9,77.5,70,5.8,61.4
7400-Glenshire,10/3/24,2.1,56,80.1,70,1.8,62.9
MEY3300-Grass Lake Road,10/3/24,1.1,57.2,77.7,71,4.9,58.7
WSH201-Floriston,10/3/24,4.2,62.2,83.7,61,5.9,71
Washoe204-Fariad,10/3/24,7,66,84,58,5.7,64.3
MEY3400-Camp Richardson,10/3/24,2.6,60.3,78.7,71,4.6,62.5
MEY3500-STPD Office,10/3/24,1.1,55.4,79.7,69,7.3,69.7
621Line-I-80 Gravel Pit,10/3/24,2.6,55.8,81.6,82,2.5,68.8
7201-Alpine Meadows,10/3/24,1.6,59.2,78,59,6.3,64.4
MUL1296-Markleeville,10/3/24,0.2,63.7,84.4,58,2.9,67.6
TPZ1261-Eastside Lane,10/3/24,11.6,72.4,85.1,28,4.5,75.9
MEY3300-Tolteca,10/3/24,1.9,64.3,76.1,45,,
TAH-5201 Lake Forest,10/3/24,1.1,59.6,77.8,60,10.3,55.8
Tahoe-7300 Sugar Pine Point,10/3/24,1,60.4,78.9,66,3.8,64.2
SOK-257 Reno Park,10/3/24,7.7,69.8,85.7,33,6.7,69.4
SMP8700-Firecamp,10/3/24,1.3,55.6,81.4,73,,
TAH5201-Fairway,10/3/24,1.8,59.2,76.9,69,,
TPZ1261 Cunningham,10/3/24,5.1,69.6,86.8,61,,
MUL1296-Sorensens,10/3/24,2.5,54.3,76.2,59,,
GLS7600-Walden,10/2/24,1,67.9,79,26,8.6,62.5
TAH7300-DL Bliss,10/2/24,1.7,66,77,60,2.5,67.3
MUL1296-Woodfords,10/2/24,4.2,71.6,85.3,31,0.4,70.4
BKY4201-Summit,10/2/24,0.8,,,100,6.5,60.2
TPZ1261–Park Ranch,10/2/24,4.7,73,91.4,72,4.5,69.5
TPZ1261-Walker,10/2/24,5,71.7,85.9,40,4.4,68.3
Meyers3400-Uplands,10/2/24,4,67.7,78.3,41,2.1,61.6
111Line-Columbine Trail,10/2/24,0.9,61.7,81,51,1.5,55.9
POR31-Iron Horse,10/2/24,2,62.6,86.7,49,4.8,68.9
619Line-Sierra Valley West,10/2/24,3.2,61.9,88.5,57,,58.9
SQV8200-Squaw Valley,10/2/24,2.4,58.7,79.9,67,5.9,68.6
CEM41-Garbage Pit Rd,10/2/24,4.6,66,87.2,54,4.6,71.5
CAL204-Dog Valley,10/2/24,3.1,69.1,88.7,44,7.1,69.5
TRK7203-Northstar Golf Course,10/2/24,2.6,56.1,82.8,87,11.4,64
Hobart Sub,10/2/24,1.2,57.5,85.1,74,4.6,65.5
SRB51-Smithneck Rd,10/2/24,6.4,68.5,86.5,44,13.2,71.4
TRK7202-Cabin Tree,10/2/24,1.7,61.8,80.3,49,5.8,65.5
Muller1296-Emigrant Trail,10/2/24,7.2,71.9,87.6,44,0.6,73.7
STL3101 Ledge Ct.,10/2/24,1.7,65.9,76.8,45,2.5,69.3
TAH7300-Homewood,10/2/24,1,60.6,80.2,65,5,61.7
7400-Glenshire,10/2/24,1.9,57.4,82.2,70,1.8,63.2
MEY3300-Grass Lake Road,10/2/24,1.1,58.7,79.6,71,4.9,59.1
WSH201-Floriston,10/2/24,3.5,63.5,85.2,57,6,71.5
Washoe204-Fariad,10/2/24,7.2,66.8,86.5,56,5.7,63.9
MEY3400-Camp Richardson,10/2/24,2.3,60.1,80.7,75,4.8,62.6
MEY3500-STPD Office,10/2/24,0.8,56.9,81,76,7.3,70
621Line-I-80 Gravel Pit,10/2/24,2.1,57.5,84.1,79,2.5,69.4
7201-Alpine Meadows,10/2/24,1.3,60.1,80.7,63,6.4,64.9
MUL1296-Markleeville,10/2/24,0.1,61.5,86.2,70,2.9,67.4
TPZ1261-Eastside Lane,10/2/24,10.7,72.9,86.6,27,4.6,76
MEY3300-Tolteca,10/2/24,1.7,64.7,79.4,47,,
TAH-5201 Lake Forest,10/2/24,0.8,59.7,80.7,73,10.5,55.9
Tahoe-7300 Sugar Pine Point,10/2/24,1,61.3,81,69,3.8,64.6
SOK-257 Reno Park,10/2/24,6.5,71.2,87.4,32,6.8,69.4
SMP8700-Firecamp,10/2/24,0.6,57.7,85.1,72,,
TAH5201-Fairway,10/2/24,1.2,58.4,79.6,65,,
TPZ1261 Cunningham,10/2/24,4.3,69.4,88,68,,
MUL1296-Sorensens,10/2/24,3.1,55.5,78,64,,
GLS7600-Walden,10/1/24,0.9,66.4,81.4,32,8.6,61.5
TAH7300-DL Bliss,10/1/24,1.5,64.6,76.9,58,2.5,66.2
MUL1296-Woodfords,10/1/24,1.8,67.7,84.6,40,0.4,69.2
BKY4201-Summit,10/1/24,1.5,,,100,6.5,59.5
TPZ1261–Park Ranch,10/1/24,3.2,67.9,88.7,69,4.4,68
TPZ1261-Walker,10/1/24,4.1,66.1,83.8,52,4.3,67.4
Meyers3400-Uplands,10/1/24,2.5,64.9,77.5,55,2.2,60.6
111Line-Columbine Trail,10/1/24,0.5,60,81.3,56,1.5,55.4
POR31-Iron Horse,10/1/24,2,62.3,88.1,48,4.8,68.7
619Line-Sierra Valley West,10/1/24,3.7,61.4,88.5,60,,58.9
SQV8200-Squaw Valley,10/1/24,2,58.9,82,71,5.9,68.2
CEM41-Garbage Pit Rd,10/1/24,5,65.5,87.8,47,4.6,70.5
CAL204-Dog Valley,10/1/24,2.8,64.8,88.3,47,7.1,68.3
TRK7203-Northstar Golf Course,10/1/24,2.4,56,84.2,81,11.3,63.5
Hobart Sub,10/1/24,1.2,57,85.9,75,4.6,65
SRB51-Smithneck Rd,10/1/24,4.7,65.8,86.4,44,13.2,70.9
TRK7202-Cabin Tree,10/1/24,1.6,61.7,80.7,54,5.8,64.8
Muller1296-Emigrant Trail,10/1/24,4.7,66.5,84.8,48,0.6,70.2
STL3101 Ledge Ct.,10/1/24,0.6,63.6,77.6,43,2.5,68.3
TAH7300-Homewood,10/1/24,0.8,59.4,79.2,71,4.9,61.6
7400-Glenshire,10/1/24,2.1,57.1,83.8,70,1.8,62.6
MEY3300-Grass Lake Road,10/1/24,0.8,57.6,81.3,76,5,58.4
WSH201-Floriston,10/1/24,2.5,62.2,87.1,61,6,70
Washoe204-Fariad,10/1/24,5,63.6,86.9,59,5.7,62.6
MEY3400-Camp Richardson,10/1/24,1.6,58.5,79.3,71,5,62.2
MEY3500-STPD Office,10/1/24,0.6,55.3,80.5,79,7.3,69.6
621Line-I-80 Gravel Pit,10/1/24,1.3,57.2,85.5,78,2.5,68.7
7201-Alpine Meadows,10/1/24,1.1,60.1,82.5,66,6.4,64.2
MUL1296-Markleeville,10/1/24,0,59.4,86.3,75,2.8,66.1
TPZ1261-Eastside Lane,10/1/24,7.9,67.7,84.8,40,4.7,73.5
MEY3300-Tolteca,10/1/24,1,63,81.1,51,,
TAH-5201 Lake Forest,10/1/24,0.6,59.2,80.1,62,10.6,55.3
Tahoe-7300 Sugar Pine Point,10/1/24,0.9,59.9,79.1,70,3.8,63.7
SOK-257 Reno Park,10/1/24,6,68.2,87.5,35,6.8,67.8
SMP8700-Firecamp,10/1/24,0.6,57,85.5,72,,
TAH5201-Fairway,10/1/24,1,58,79,67,,
TPZ1261 Cunningham,10/1/24,3.2,63,86.6,76,,
MUL1296-Sorensens,10/1/24,2.5,54.9,80.1,71,,
GLS7600-Walden,9/30/24,0.7,59,73.5,39,8.8,60.9
TAH7300-DL Bliss,9/30/24,1.2,62,68.9,40,2.5,66.4
MUL1296-Woodfords,9/30/24,1.1,61.7,74.9,38,0.4,69.8
BKY4201-Summit,9/30/24,1.3,,,100,6.5,59.4
TPZ1261–Park Ranch,9/30/24,5.7,64.5,78,60,4.4,68.8
TPZ1261-Walker,9/30/24,4.4,61.8,73.3,48,4.3,68.1
Meyers3400-Uplands,9/30/24,4.4,61.2,68.7,52,2.2,60.7
111Line-Columbine Trail,9/30/24,0.5,57.8,74.2,59,1.5,55.5
POR31-Iron Horse,9/30/24,2.5,59.2,78.4,52,4.9,68.9
619Line-Sierra Valley West,9/30/24,7.3,60.3,78.3,60,,58.9
SQV8200-Squaw Valley,9/30/24,1.8,54.9,76.3,76,5.9,68.2
CEM41-Garbage Pit Rd,9/30/24,8.8,61.5,78.8,53,4.6,70.7
CAL204-Dog Valley,9/30/24,2.7,59.6,76.4,52,7.1,69.1
TRK7203-Northstar Golf Course,9/30/24,2.2,52.9,79.3,85,11.3,63.4
Hobart Sub,9/30/24,0.9,53.1,77.8,78,4.6,65.1
SRB51-Smithneck Rd,9/30/24,4.8,62.5,82.1,47,13.2,71
TRK7202-Cabin Tree,9/30/24,1.7,57.5,76.4,50,5.8,64.7
Muller1296-Emigrant Trail,9/30/24,6.2,61.7,74.2,40,0.6,69.9
STL3101 Ledge Ct.,9/30/24,0.7,60.9,71.9,44,2.5,68.4
TAH7300-Homewood,9/30/24,0.4,58.3,72.5,56,5,61.8
7400-Glenshire,9/30/24,2.1,53.4,75.8,74,1.8,62.9
MEY3300-Grass Lake Road,9/30/24,1.5,55.8,73.4,72,5,57.9
WSH201-Floriston,9/30/24,4,56.7,73.7,68,6.1,69.7
Washoe204-Fariad,9/30/24,6,58.2,73.8,68,5.7,62.9
MEY3400-Camp Richardson,9/30/24,2,56.1,71.9,70,5.2,62.2
MEY3500-STPD Office,9/30/24,0.8,53,72.6,77,7.3,69.5
621Line-I-80 Gravel Pit,9/30/24,1.7,53.9,76.8,78,2.5,68.8
7201-Alpine Meadows,9/30/24,1.2,55.6,75.7,71,6.4,63.8
MUL1296-Markleeville,9/30/24,0,54.7,75.7,76,2.8,65.9
TPZ1261-Eastside Lane,9/30/24,8.8,62.4,73.8,36,4.8,73.2
MEY3300-Tolteca,9/30/24,1.2,60.5,72.8,49,,
TAH-5201 Lake Forest,9/30/24,0.7,57.7,73,53,10.8,55.3
Tahoe-7300 Sugar Pine Point,9/30/24,1,57.9,71.9,60,3.8,63.7
SOK-257 Reno Park,9/30/24,7.3,62.1,75.6,38,6.9,68.3
SMP8700-Firecamp,9/30/24,0.4,53.6,78.4,78,,
TAH5201-Fairway,9/30/24,1,56.2,72.3,59,,
TPZ1261 Cunningham,9/30/24,4.2,60,75.6,64,,
MUL1296-Sorensens,9/30/24,1.1,49.3,69,72,,
GLS7600-Walden,9/29/24,0.8,63.4,77.4,36,8.9,61.7
TAH7300-DL Bliss,9/29/24,0.9,62.7,71.1,63,2.4,66.3
MUL1296-Woodfords,9/29/24,2.5,68,82.3,32,0.4,70.4
BKY4201-Summit,9/29/24,1.5,,,100,6.5,59.7
TPZ1261–Park Ranch,9/29/24,4,68.8,86.5,74,4.3,69
TPZ1261-Walker,9/29/24,5.1,68.2,81.2,37,4.3,68.3
Meyers3400-Uplands,9/29/24,2.8,63.2,73,45,2.3,60.9
111Line-Columbine Trail,9/29/24,0.7,58.6,76.7,62,1.5,55.6
POR31-Iron Horse,9/29/24,1.7,59.9,82.8,53,4.9,69
619Line-Sierra Valley West,9/29/24,2.8,59.1,83.3,63,,58.9
SQV8200-Squaw Valley,9/29/24,1.7,56.1,77.9,71,5.9,68.6
CEM41-Garbage Pit Rd,9/29/24,4,62.5,83.2,52,4.6,71.2
CAL204-Dog Valley,9/29/24,2.6,65,84.1,44,7.1,69.9
TRK7203-Northstar Golf Course,9/29/24,2.2,54.3,81.2,80,11.4,63.6
Hobart Sub,9/29/24,1,55.1,81.7,80,4.6,65.4
SRB51-Smithneck Rd,9/29/24,5.9,63.5,82.3,49,13.3,71.1
TRK7202-Cabin Tree,9/29/24,1.4,58.9,78,51,5.8,65
Muller1296-Emigrant Trail,9/29/24,5.8,66.5,81.4,49,0.7,71.6
STL3101 Ledge Ct.,9/29/24,1.1,62.1,72.5,52,2.5,68.6
TAH7300-Homewood,9/29/24,0.6,58.1,76.3,62,5,61.9
7400-Glenshire,9/29/24,1.9,55.2,79.8,70,1.8,63.3
MEY3300-Grass Lake Road,9/29/24,1.1,55.1,75.1,67,5,57.9
WSH201-Floriston,9/29/24,2.4,60.8,83.3,58,6.2,71.9
Washoe204-Fariad,9/29/24,5.2,62.8,84,56,5.8,64
MEY3400-Camp Richardson,9/29/24,1.7,56.7,74,73,5.4,62.3
MEY3500-STPD Office,9/29/24,0.9,53.8,76.4,73,7.3,69.7
621Line-I-80 Gravel Pit,9/29/24,1.7,55.6,81.8,78,2.5,69.3
7201-Alpine Meadows,9/29/24,0.9,57.1,77.7,67,6.4,64.2
MUL1296-Markleeville,9/29/24,0,59.4,83.5,70,2.8,66.6
TPZ1261-Eastside Lane,9/29/24,9.4,69.4,82.1,28,5,74.9
MEY3300-Tolteca,9/29/24,1.2,61.3,75.5,51,,
TAH-5201 Lake Forest,9/29/24,0.4,58.3,75.2,66,11,55.4
Tahoe-7300 Sugar Pine Point,9/29/24,0.9,58.7,75.9,69,3.8,64.2
SOK-257 Reno Park,9/29/24,6.3,66.6,82.2,36,6.9,69.2
SMP8700-Firecamp,9/29/24,0.6,55.6,82.1,72,,
TAH5201-Fairway,9/29/24,1,56.6,75,66,,
TPZ1261 Cunningham,9/29/24,4.5,65,84.2,63,,
MUL1296-Sorensens,9/29/24,1.9,53.1,76.2,65,,
GLS7600-Walden,9/28/24,1.1,65.5,79.3,37,9,61.8
TAH7300-DL Bliss,9/28/24,1.4,63.6,75.2,61,2.4,66.5
MUL1296-Woodfords,9/28/24,4.7,69.3,85.8,36,0.4,69.9
BKY4201-Summit,9/28/24,1.2,,,100,6.5,59.8
TPZ1261–Park Ranch,9/28/24,3.1,70.4,90.1,61,4.3,69.1
TPZ1261-Walker,9/28/24,5.3,69.3,85.9,45,4.3,67.8
Meyers3400-Uplands,9/28/24,3.1,64.7,77.3,47,2.4,60.8
111Line-Columbine Trail,9/28/24,0.7,59.4,79.6,53,1.5,55.7
POR31-Iron Horse,9/28/24,2,61.4,85.5,60,4.9,69.8
619Line-Sierra Valley West,9/28/24,4.2,61.4,86.4,67,,58.9
SQV8200-Squaw Valley,9/28/24,2.4,57.8,79.6,72,5.9,68.9
CEM41-Garbage Pit Rd,9/28/24,4.8,64.2,86.8,52,4.6,71.2
CAL204-Dog Valley,9/28/24,3.5,67.2,87.8,46,7.1,69.6
TRK7203-Northstar Golf Course,9/28/24,3.1,55.3,83,83,11.4,64
Hobart Sub,9/28/24,1.3,56.2,83.7,81,4.6,65.8
SRB51-Smithneck Rd,9/28/24,5.2,65.6,86.3,48,13.3,71
TRK7202-Cabin Tree,9/28/24,2,60.3,80.3,55,5.8,65.2
Muller1296-Emigrant Trail,9/28/24,7.3,69.1,85.3,44,0.7,72.9
STL3101 Ledge Ct.,9/28/24,1.1,62.9,74.7,44,2.5,68.3
TAH7300-Homewood,9/28/24,0.8,58.9,78.8,65,5,61.9
7400-Glenshire,9/28/24,2.2,56.4,82.3,75,1.8,63.6
MEY3300-Grass Lake Road,9/28/24,0.9,56.8,79.9,79,5,58
WSH201-Floriston,9/28/24,3.1,62,85.6,64,6.3,72.2
Washoe204-Fariad,9/28/24,7.6,64.5,86.9,61,5.8,63.8
MEY3400-Camp Richardson,9/28/24,1.9,57.4,77.9,66,5.5,62.3
MEY3500-STPD Office,9/28/24,0.9,54.6,78,79,7.3,69.8
621Line-I-80 Gravel Pit,9/28/24,1.7,56.8,83.9,82,2.5,69.7
7201-Alpine Meadows,9/28/24,1.5,58.6,80,67,6.4,64.4
MUL1296-Markleeville,9/28/24,0.1,60.2,86.3,74,2.8,66.3
TPZ1261-Eastside Lane,9/28/24,8.4,71.3,86,28,5.1,75
MEY3300-Tolteca,9/28/24,1.6,61.9,77.9,50,,
TAH-5201 Lake Forest,9/28/24,0.7,58.8,79.3,67,11.2,55.4
Tahoe-7300 Sugar Pine Point,9/28/24,1.1,59.5,79.8,67,3.8,64.8
SOK-257 Reno Park,9/28/24,6.4,69.6,86.7,36,6.9,68.9
SMP8700-Firecamp,9/28/24,0.8,56.8,84.4,76,,
TAH5201-Fairway,9/28/24,1.3,57.7,78,72,,
TPZ1261 Cunningham,9/28/24,3.6,66.3,88.3,71,,
MUL1296-Sorensens,9/28/24,2.2,54.2,78.7,70,,
GLS7600-Walden,9/27/24,0.7,64.3,77.6,37,9.2,61.5
TAH7300-DL Bliss,9/27/24,0.6,63.7,73.4,63,2.4,66
MUL1296-Woodfords,9/27/24,1.6,66.2,81.7,39,0.3,69.6
BKY4201-Summit,9/27/24,1.3,,,100,6.4,59.4
TPZ1261–Park Ranch,9/27/24,4.4,68.8,85.9,65,4.2,68.5
TPZ1261-Walker,9/27/24,4.8,66.7,80.5,48,4.3,67.4
Meyers3400-Uplands,9/27/24,2.1,63.9,73.3,42,2.5,60.4
111Line-Columbine Trail,9/27/24,0.4,58.6,77.4,65,1.5,55.6
POR31-Iron Horse,9/27/24,1.7,61.2,85.9,63,5,69.7
619Line-Sierra Valley West,9/27/24,3.1,60.5,85.5,66,,58.9
SQV8200-Squaw Valley,9/27/24,1.3,57,80,77,5.9,68.8
CEM41-Garbage Pit Rd,9/27/24,5.2,64.3,85.8,55,4.6,71
CAL204-Dog Valley,9/27/24,2.9,64,84.4,49,7.1,69.5
TRK7203-Northstar Golf Course,9/27/24,2.2,55.1,81.6,87,11.3,63.9
Hobart Sub,9/27/24,0.9,56.3,82.3,82,4.6,65.8
SRB51-Smithneck Rd,9/27/24,5.3,65.9,85.5,49,13.2,70.6
TRK7202-Cabin Tree,9/27/24,1.5,59.7,79.3,58,5.8,64.8
Muller1296-Emigrant Trail,9/27/24,7.1,66.1,81.1,48,0.8,71.7
STL3101 Ledge Ct.,9/27/24,0.7,61.9,73.5,50,2.5,67.9
TAH7300-Homewood,9/27/24,0.6,59.2,74.9,76,4.9,61.9
7400-Glenshire,9/27/24,1.6,56.6,81.6,78,1.8,63.6
MEY3300-Grass Lake Road,9/27/24,1.3,55.7,76.8,79,5,57.5
WSH201-Floriston,9/27/24,2.4,61.2,84.2,66,6.4,72.3
Washoe204-Fariad,9/27/24,5.9,62.7,82.9,64,5.8,63.5
MEY3400-Camp Richardson,9/27/24,1.7,57.3,76.3,71,5.7,62.3
MEY3500-STPD Office,9/27/24,0.8,54.1,75.7,82,7.3,69.8
621Line-I-80 Gravel Pit,9/27/24,1.4,57.2,83.5,82,2.5,69.4
7201-Alpine Meadows,9/27/24,1.1,57.6,78.4,69,6.4,64.1
MUL1296-Markleeville,9/27/24,0,58,82.7,77,2.8,65.7
TPZ1261-Eastside Lane,9/27/24,10.1,67.8,81.2,32,5.1,73.9
MEY3300-Tolteca,9/27/24,1.1,61.4,76.3,54,,
TAH-5201 Lake Forest,9/27/24,0.6,59.5,78.2,62,11.4,54.9
Tahoe-7300 Sugar Pine Point,9/27/24,0.9,59.5,75.6,68,3.7,65
SOK-257 Reno Park,9/27/24,6.9,67,83.8,37,6.9,68.4
SMP8700-Firecamp,9/27/24,0.7,56.6,82.4,77,,
TAH5201-Fairway,9/27/24,0.8,57.9,75.5,70,,
TPZ1261 Cunningham,9/27/24,4.4,64.3,83.8,73,,
MUL1296-Sorensens,9/27/24,1.4,52.5,75.9,75,,
GLS7600-Walden,9/26/24,1.2,63,76.2,40,9.4,61.7
TAH7300-DL Bliss,9/26/24,1.2,61.4,68.4,56,2.4,65.5
MUL1296-Woodfords,9/26/24,1.5,65.8,80.5,38,0.3,69.8
BKY4201-Summit,9/26/24,1.9,,,100,6.4,59.4
TPZ1261–Park Ranch,9/26/24,4,67.7,83.7,59,4.2,68.5
TPZ1261-Walker,9/26/24,4.5,66,79.2,37,4.3,67.3
Meyers3400-Uplands,9/26/24,3.3,62.4,70.9,46,2.6,60.2
111Line-Columbine Trail,9/26/24,0.7,58.5,75.2,57,1.5,55.7
POR31-Iron Horse,9/26/24,1.5,60.1,82.5,65,5,69.7
619Line-Sierra Valley West,9/26/24,3.3,61.1,82.7,76,,58.9
SQV8200-Squaw Valley,9/26/24,2.6,59.8,76.6,68,5.9,68.7
CEM41-Garbage Pit Rd,9/26/24,4.7,64.1,82.6,66,4.6,70.9
CAL204-Dog Valley,9/26/24,2.8,65.4,83.3,49,7.2,70.2
TRK7203-Northstar Golf Course,9/26/24,2.9,56.9,80.1,83,11.3,63.9
Hobart Sub,9/26/24,1.1,57.1,81.1,88,4.6,65.8
SRB51-Smithneck Rd,9/26/24,5.8,64,81.2,53,13.2,70.2
TRK7202-Cabin Tree,9/26/24,2,60.4,76.6,52,5.9,64.6
Muller1296-Emigrant Trail,9/26/24,5.8,65.6,79.7,45,0.9,70.9
STL3101 Ledge Ct.,9/26/24,1.9,61.5,70.5,44,2.5,67.7
TAH7300-Homewood,9/26/24,0.8,59.2,70.9,55,4.9,62
7400-Glenshire,9/26/24,2.2,57.4,79.5,70,1.8,63.7
MEY3300-Grass Lake Road,9/26/24,1.5,55.6,74.7,73,5,57.3
WSH201-Floriston,9/26/24,1.8,62,82.5,69,6.5,72.3
Washoe204-Fariad,9/26/24,4.3,64.1,81.6,66,5.8,64
MEY3400-Camp Richardson,9/26/24,1.8,59.4,72.7,63,5.9,62.4
MEY3500-STPD Office,9/26/24,0.9,55,74.6,73,7.3,69.6
621Line-I-80 Gravel Pit,9/26/24,1.7,57.8,81.3,85,2.5,69.2
7201-Alpine Meadows,9/26/24,1.3,58.9,76.7,66,6.4,64.4
MUL1296-Markleeville,9/26/24,0,59.4,81.8,76,2.8,65.8
TPZ1261-Eastside Lane,9/26/24,9.1,67.2,79.5,27,5.2,73.5
MEY3300-Tolteca,9/26/24,2.2,62.2,73.5,48,,
TAH-5201 Lake Forest,9/26/24,0.5,58.5,73.1,52,11.7,54.9
Tahoe-7300 Sugar Pine Point,9/26/24,0.8,59.2,71.8,61,3.7,65
SOK-257 Reno Park,9/26/24,6.6,66.7,81.8,50,6.9,68.6
SMP8700-Firecamp,9/26/24,0.7,57.3,81.1,78,,
TAH5201-Fairway,9/26/24,0.9,57.4,70.8,58,,
TPZ1261 Cunningham,9/26/24,4.1,63.5,82.1,61,,
MUL1296-Sorensens,9/26/24,1.2,52.9,75.4,66,,
GLS7600-Walden,9/25/24,2,63.8,73.3,44,9.7,61.5
TAH7300-DL Bliss,9/25/24,1.5,62.2,72.4,72,2.3,65.8
MUL1296-Woodfords,9/25/24,8.4,69,80.6,41,0.3,69.7
BKY4201-Summit,9/25/24,1.9,,,100,6.4,59.3
TPZ1261–Park Ranch,9/25/24,3.8,70.4,86.4,70,4.1,67.9
TPZ1261-Walker,9/25/24,6.7,68.6,83.1,54,4.3,66.7
Meyers3400-Uplands,9/25/24,6.4,63.1,73.1,51,2.7,60.3
111Line-Columbine Trail,9/25/24,1.6,59.2,76.2,61,1.5,55.8
POR31-Iron Horse,9/25/24,2.2,60.3,80,60,5,69.6
619Line-Sierra Valley West,9/25/24,5.2,60.2,80.9,66,,58.9
SQV8200-Squaw Valley,9/25/24,2.8,56.5,73.6,77,5.9,68.2
CEM41-Garbage Pit Rd,9/25/24,6.7,63.9,81.5,59,4.6,70.8
CAL204-Dog Valley,9/25/24,4.4,66.9,82.7,53,7.1,69.2
TRK7203-Northstar Golf Course,9/25/24,4.8,55.2,77.4,88,11.3,63.6
Hobart Sub,9/25/24,2.1,56.1,78.6,83,4.6,65.6
SRB51-Smithneck Rd,9/25/24,7.2,65.6,80.6,52,13.2,70
TRK7202-Cabin Tree,9/25/24,2.7,58.6,73.7,61,5.9,64.5
Muller1296-Emigrant Trail,9/25/24,9.6,69.4,84.1,52,1.2,71.6
STL3101 Ledge Ct.,9/25/24,2.2,62.4,75.4,50,2.5,67.6
TAH7300-Homewood,9/25/24,1.3,59,74,74,4.9,61.8
7400-Glenshire,9/25/24,2.7,56.4,77.3,80,1.8,63.6
MEY3300-Grass Lake Road,9/25/24,1.2,56.2,75.1,72,5,57.5
WSH201-Floriston,9/25/24,5.5,61.8,79.3,66,6.6,71.2
Washoe204-Fariad,9/25/24,8.3,64.6,81,63,5.9,63.2
MEY3400-Camp Richardson,9/25/24,3.3,59.7,75.2,85,6,62
MEY3500-STPD Office,9/25/24,1.4,56,76.3,84,7.3,69.7
621Line-I-80 Gravel Pit,9/25/24,3.9,57,78.3,84,2.5,69.1
7201-Alpine Meadows,9/25/24,1.7,57.2,73.9,77,6.4,64.2
MUL1296-Markleeville,9/25/24,0.2,61.6,81,79,2.8,65.5
TPZ1261-Eastside Lane,9/25/24,9.2,70.3,83.5,46,5.2,73.2
MEY3300-Tolteca,9/25/24,2.9,61.2,74,55,,
TAH-5201 Lake Forest,9/25/24,0.8,58.8,74.4,67,12,54.8
Tahoe-7300 Sugar Pine Point,9/25/24,1.1,59.3,76.8,67,3.6,65.1
SOK-257 Reno Park,9/25/24,9.3,68.7,81.1,40,7,68.6
SMP8700-Firecamp,9/25/24,1.4,55.9,78.4,80,,
TAH5201-Fairway,9/25/24,2,57.6,73.5,75,,
TPZ1261 Cunningham,9/25/24,4.8,66.4,84.6,71,,
MUL1296-Sorensens,9/25/24,2,53.9,74,78,,
GLS7600-Walden,9/24/24,0.8,64.2,78,32,10,60.7
TAH7300-DL Bliss,9/24/24,1.6,62.8,73.5,56,2.3,65
MUL1296-Woodfords,9/24/24,3.6,67,80.5,42,0.3,68.1
BKY4201-Summit,9/24/24,1.7,,,100,6.3,58.4
TPZ1261–Park Ranch,9/24/24,3.6,67.6,84.4,71,4,66.5
TPZ1261-Walker,9/24/24,4.2,65.6,81.1,56,4.2,65.5
Meyers3400-Uplands,9/24/24,3.6,63.4,74.1,39,2.8,59.3
111Line-Columbine Trail,9/24/24,0.6,59.2,77.5,55,1.4,55.2
POR31-Iron Horse,9/24/24,1.5,62.1,84.8,53,5.1,69.6
619Line-Sierra Valley West,9/24/24,3.2,61.5,85.1,64,,58.9
SQV8200-Squaw Valley,9/24/24,2.3,57.7,78.1,78,5.9,67.7
CEM41-Garbage Pit Rd,9/24/24,4.3,64.6,85.2,48,4.6,70.2
CAL204-Dog Valley,9/24/24,2.3,64.6,84.6,51,7.1,68
TRK7203-Northstar Golf Course,9/24/24,2.4,55.5,81.3,87,11.2,63.3
Hobart Sub,9/24/24,1,56.4,82.8,77,4.6,65.4
SRB51-Smithneck Rd,9/24/24,5.3,65.3,84.5,50,13.1,69.4
TRK7202-Cabin Tree,9/24/24,1.6,60.1,78.5,56,5.9,63.6
Muller1296-Emigrant Trail,9/24/24,5.7,66.5,81.2,47,1.5,71
STL3101 Ledge Ct.,9/24/24,1.5,62.6,73.6,40,2.5,66.1
TAH7300-Homewood,9/24/24,1,59.6,77,59,4.9,61.1
7400-Glenshire,9/24/24,1.9,56.6,80.9,77,1.8,63.1
MEY3300-Grass Lake Road,9/24/24,1.5,56.9,78.4,83,4.9,56.4
WSH201-Floriston,9/24/24,2,61.4,84.2,65,6.6,71.2
Washoe204-Fariad,9/24/24,4.8,62.8,82.3,63,5.8,61.9
MEY3400-Camp Richardson,9/24/24,1.8,57.7,77,64,6.1,61.2
MEY3500-STPD Office,9/24/24,0.9,54.8,76.8,81,7.3,68.9
621Line-I-80 Gravel Pit,9/24/24,1.6,57.1,82.8,82,2.5,68.5
7201-Alpine Meadows,9/24/24,1.4,59,79.1,70,6.4,63.6
MUL1296-Markleeville,9/24/24,0,59.2,83.4,79,2.7,64
TPZ1261-Eastside Lane,9/24/24,8.5,67.1,81.4,39,5.1,72.2
MEY3300-Tolteca,9/24/24,1.6,62.2,77,47,,
TAH-5201 Lake Forest,9/24/24,0.4,58.9,78.5,60,12.3,53.9
Tahoe-7300 Sugar Pine Point,9/24/24,0.8,59.7,78,62,3.5,64.1
SOK-257 Reno Park,9/24/24,5.7,67.2,84.8,35,7,67.2
SMP8700-Firecamp,9/24/24,0.7,56.8,82.5,77,,
TAH5201-Fairway,9/24/24,1.2,57.8,76.7,73,,
TPZ1261 Cunningham,9/24/24,3.7,63.2,83.7,77,,
MUL1296-Sorensens,9/24/24,1.9,53.3,77,74,,
GLS7600-Walden,9/23/24,0.5,60.6,74,48,10.3,59.8
TAH7300-DL Bliss,9/23/24,1.1,60.9,69.2,60,2.2,63.6
MUL1296-Woodfords,9/23/24,1.4,62.6,77.1,46,0.2,67.6
BKY4201-Summit,9/23/24,1.1,,,100,6.3,57.9
TPZ1261–Park Ranch,9/23/24,4.5,64.5,79.3,78,3.9,65.6
TPZ1261-Walker,9/23/24,5,62.6,75.8,62,4.2,64.8
Meyers3400-Uplands,9/23/24,2.7,61,68.6,47,3,58.6
111Line-Columbine Trail,9/23/24,0.8,57.8,73.5,62,1.4,54.7
POR31-Iron Horse,9/23/24,1.8,59.6,80.9,58,5.1,68.9
619Line-Sierra Valley West,9/23/24,4.1,58.5,80.8,71,,58.9
SQV8200-Squaw Valley,9/23/24,1.6,54.7,74.7,91,5.9,67.1
CEM41-Garbage Pit Rd,9/23/24,6,62.7,80.8,55,4.6,69.4
CAL204-Dog Valley,9/23/24,3,61,79.7,53,7.1,67.5
TRK7203-Northstar Golf Course,9/23/24,2.7,53.2,76,94,11.2,62.7
Hobart Sub,9/23/24,0.8,54.1,78.1,83,4.6,65
SRB51-Smithneck Rd,9/23/24,4.4,63.4,80.4,53,13.1,68.8
TRK7202-Cabin Tree,9/23/24,1.5,57.2,74.7,69,5.9,62.7
Muller1296-Emigrant Trail,9/23/24,6.9,62.9,77.4,53,1.9,69.6
STL3101 Ledge Ct.,9/23/24,1.3,60.4,71.8,51,2.5,64.8
TAH7300-Homewood,9/23/24,0.4,56.6,72.6,76,4.9,61
7400-Glenshire,9/23/24,1.3,54.2,77.6,90,1.8,62.6
MEY3300-Grass Lake Road,9/23/24,1.3,53.8,72.5,83,4.9,55.2
WSH201-Floriston,9/23/24,2.7,58.6,78.3,74,6.6,69.4
Washoe204-Fariad,9/23/24,7,60.3,77.2,72,5.8,61.1
MEY3400-Camp Richardson,9/23/24,1.7,55.2,72.6,75,6.2,60.9
MEY3500-STPD Office,9/23/24,0.9,52.7,71.5,88,7.3,68.5
621Line-I-80 Gravel Pit,9/23/24,1.8,54.9,78.7,88,2.5,67.8
7201-Alpine Meadows,9/23/24,1.2,55.2,74,83,6.3,62.9
MUL1296-Markleeville,9/23/24,0,55.5,78,84,2.7,62.8
TPZ1261-Eastside Lane,9/23/24,9.1,64.2,76.3,46,5,70.9
MEY3300-Tolteca,9/23/24,1.2,59.2,72.2,56,,
TAH-5201 Lake Forest,9/23/24,0.6,57,73,65,12.7,53.2
Tahoe-7300 Sugar Pine Point,9/23/24,1,56.9,71.7,74,3.5,63.5
SOK-257 Reno Park,9/23/24,6.1,63.9,78.1,41,7,66.5
SMP8700-Firecamp,9/23/24,1.1,55.7,78.1,82,,
TAH5201-Fairway,9/23/24,0.7,55.2,71.8,76,,
TPZ1261 Cunningham,9/23/24,4.6,60.5,78.6,83,,
MUL1296-Sorensens,9/23/24,1.3,50,71.4,82,,
GLS7600-Walden,9/22/24,0.4,58.6,73,50,10.6,59.1
TAH7300-DL Bliss,9/22/24,0.4,59.6,67.1,69,2.2,62.3
MUL1296-Woodfords,9/22/24,1.9,61.1,75,54,0.2,67.3
BKY4201-Summit,9/22/24,1.1,,,100,6.3,57.5
TPZ1261–Park Ranch,9/22/24,4.5,63,77.3,83,3.8,64.7
TPZ1261-Walker,9/22/24,4.4,60.8,74.2,68,4.2,64.2
Meyers3400-Uplands,9/22/24,2.1,59.5,68.3,50,3.1,57.8
111Line-Columbine Trail,9/22/24,0.5,55.5,73,71,1.4,54.4
POR31-Iron Horse,9/22/24,1.6,57.7,80.2,64,5.1,68.4
619Line-Sierra Valley West,9/22/24,2.3,56.8,79.3,75,,58.9
SQV8200-Squaw Valley,9/22/24,1.6,54.1,74.7,92,5.9,65.8
CEM41-Garbage Pit Rd,9/22/24,4.2,60.4,80.2,65,4.6,69.1
CAL204-Dog Valley,9/22/24,2.7,59.5,78,61,7,67.3
TRK7203-Northstar Golf Course,9/22/24,1.6,52.4,77.1,94,11.1,61.9
Hobart Sub,9/22/24,0.8,52.9,77.3,92,4.6,64.5
SRB51-Smithneck Rd,9/22/24,4.8,60.9,78.8,56,13,68.4
TRK7202-Cabin Tree,9/22/24,1.4,55.8,74.1,72,6,61.6
Muller1296-Emigrant Trail,9/22/24,6.1,61.3,75.8,60,2.4,68.9
STL3101 Ledge Ct.,9/22/24,0.8,58.3,68.7,53,2.5,63.6
TAH7300-Homewood,9/22/24,0.2,56,71.6,77,4.9,60.8
7400-Glenshire,9/22/24,1.4,53,76.4,90,1.8,62.3
MEY3300-Grass Lake Road,9/22/24,1.2,53.3,70.5,84,4.9,54
WSH201-Floriston,9/22/24,2.3,57,76.5,77,6.6,68.9
Washoe204-Fariad,9/22/24,4.4,58.3,75.8,77,5.9,60.7
MEY3400-Camp Richardson,9/22/24,1.6,54.8,72.1,78,6.2,60.5
MEY3500-STPD Office,9/22/24,0.7,52.4,73,90,7.3,67.8
621Line-I-80 Gravel Pit,9/22/24,1.5,53.9,77.7,90,2.4,67.2
7201-Alpine Meadows,9/22/24,1.3,54.6,73.7,88,6.4,62.3
MUL1296-Markleeville,9/22/24,0,54.9,76.3,89,2.6,62.4
TPZ1261-Eastside Lane,9/22/24,8.7,62,74.9,58,4.9,69.7
MEY3300-Tolteca,9/22/24,1.2,58.3,70.9,59,,
TAH-5201 Lake Forest,9/22/24,0.7,55.6,71.7,63,13,52.8
Tahoe-7300 Sugar Pine Point,9/22/24,0.9,56.5,70.1,70,3.4,62.3
SOK-257 Reno Park,9/22/24,5.7,61.4,77.6,49,7,66
SMP8700-Firecamp,9/22/24,0.6,54,77.5,89,,
TAH5201-Fairway,9/22/24,0.8,54.4,70.2,72,,
TPZ1261 Cunningham,9/22/24,4.2,59.7,76.6,82,,
MUL1296-Sorensens,9/22/24,1.1,49,68.8,87,,
GLS7600-Walden,9/21/24,0.5,57.2,71.7,72,10.8,58.7
TAH7300-DL Bliss,9/21/24,0.2,57.8,65.1,79,2.1,60.6
MUL1296-Woodfords,9/21/24,2.1,60.9,74.2,63,0.2,66.6
BKY4201-Summit,9/21/24,1.3,,,100,6.2,56.9
TPZ1261–Park Ranch,9/21/24,4.3,63.1,75.8,82,3.7,63.9
TPZ1261-Walker,9/21/24,4.9,60.5,73.1,78,4.1,63.3
Meyers3400-Uplands,9/21/24,2.9,58,67,68,3.1,56.9
111Line-Columbine Trail,9/21/24,0.8,55.8,71.3,89,1.4,53.9
POR31-Iron Horse,9/21/24,1.4,57.4,78.2,71,5.1,68.1
619Line-Sierra Valley West,9/21/24,3.2,57.1,77.5,88,,58.9
SQV8200-Squaw Valley,9/21/24,1.4,53.2,72.1,94,5.9,64.8
CEM41-Garbage Pit Rd,9/21/24,4.4,60.1,77.3,82,4.6,68.5
CAL204-Dog Valley,9/21/24,2.8,59.8,76.8,67,7,67
TRK7203-Northstar Golf Course,9/21/24,1.6,52.1,74.8,98,11,61.3
Hobart Sub,9/21/24,0.9,52.9,76,99,4.5,64
SRB51-Smithneck Rd,9/21/24,5.7,60.6,76.9,64,13,67.9
TRK7202-Cabin Tree,9/21/24,1.4,54.6,71.4,90,6.1,61.1
Muller1296-Emigrant Trail,9/21/24,6.2,61.3,74,63,3.4,68.7
STL3101 Ledge Ct.,9/21/24,1.2,57.5,67.2,75,2.5,61.7
TAH7300-Homewood,9/21/24,0.3,55.2,68.6,92,4.9,60.6
7400-Glenshire,9/21/24,1.7,53.2,73.9,96,1.8,62
MEY3300-Grass Lake Road,9/21/24,1.1,52.4,70.6,93,4.8,52.6
WSH201-Floriston,9/21/24,3,57.3,74.1,85,6.5,67.9
Washoe204-Fariad,9/21/24,5.5,58.5,74.2,86,5.9,60.1
MEY3400-Camp Richardson,9/21/24,1.8,54.1,71.2,93,6.2,60.1
MEY3500-STPD Office,9/21/24,0.8,52.3,71.2,95,7.2,66.3
621Line-I-80 Gravel Pit,9/21/24,1.8,54.2,75,95,2.4,66.4
7201-Alpine Meadows,9/21/24,1,53.4,72.2,94,6.4,61.7
MUL1296-Markleeville,9/21/24,0,55.2,76.4,92,2.6,61.7
TPZ1261-Eastside Lane,9/21/24,9.2,61.3,73.6,58,4.7,68.2
MEY3300-Tolteca,9/21/24,1.1,57,69.5,80,,
TAH-5201 Lake Forest,9/21/24,0.6,54.4,68.3,86,13.5,52.9
Tahoe-7300 Sugar Pine Point,9/21/24,0.8,55.4,68.5,84,3.3,60.6
SOK-257 Reno Park,9/21/24,6.1,60.9,75.3,53,7,66
SMP8700-Firecamp,9/21/24,0.8,54,74.4,94,,
TAH5201-Fairway,9/21/24,0.7,53.7,67.6,93,,
TPZ1261 Cunningham,9/21/24,4.6,59.8,75.6,83,,
MUL1296-Sorensens,9/21/24,1.2,49,68.4,90,,
GLS7600-Walden,9/20/24,0.5,55.2,68.3,85,10.6,56.9
TAH7300-DL Bliss,9/20/24,0.5,55.8,63.8,85,2,58.4
MUL1296-Woodfords,9/20/24,2.1,57.7,71.4,75,0.2,65.8
BKY4201-Summit,9/20/24,1.2,,,100,6.2,55.5
TPZ1261–Park Ranch,9/20/24,4.3,60.8,75.4,87,3.6,61.7
TPZ1261-Walker,9/20/24,4.9,58,71.2,84,4.1,62.1
Meyers3400-Uplands,9/20/24,2.8,55.3,64,78,3,55.4
111Line-Columbine Trail,9/20/24,1,51.4,68,97,1.4,53.3
POR31-Iron Horse,9/20/24,1.2,56.8,76.8,93,5,66.6
619Line-Sierra Valley West,9/20/24,2.7,56.7,76.9,89,,59.1
SQV8200-Squaw Valley,9/20/24,1.5,50.8,69.2,96,5.8,63.1
CEM41-Garbage Pit Rd,9/20/24,4,58.9,76,88,4.5,66.7
CAL204-Dog Valley,9/20/24,2.5,58.4,75.6,82,7,65.9
TRK7203-Northstar Golf Course,9/20/24,2.2,50.5,72,98,10.8,59.4
Hobart Sub,9/20/24,0.8,50.8,72.4,100,4.5,62.1
SRB51-Smithneck Rd,9/20/24,6,58.9,74.4,74,12.8,67
TRK7202-Cabin Tree,9/20/24,1.4,52.2,68.9,97,6.2,60
Muller1296-Emigrant Trail,9/20/24,6.2,58.9,72.4,77,5.3,64.8
STL3101 Ledge Ct.,9/20/24,1.2,54.3,64.2,78,2.5,58
TAH7300-Homewood,9/20/24,0.7,53.5,67.1,97,4.9,60.1
7400-Glenshire,9/20/24,1.8,51,71.2,98,1.7,61
MEY3300-Grass Lake Road,9/20/24,1.3,49.2,66.8,100,4.8,50.9
WSH201-Floriston,9/20/24,2.8,55.1,73.8,90,6.4,64.3
Washoe204-Fariad,9/20/24,6.1,56.8,72.6,90,5.9,59
MEY3400-Camp Richardson,9/20/24,1.5,52.5,68.6,98,6.2,59.4
MEY3500-STPD Office,9/20/24,1,49.9,68.2,98,7.1,63.3
621Line-I-80 Gravel Pit,9/20/24,1.6,52.5,73.1,97,2.4,64.7
7201-Alpine Meadows,9/20/24,1.1,51.2,68.6,99,6.4,60
MUL1296-Markleeville,9/20/24,0,52.5,72.9,96,2.6,60.1
TPZ1261-Eastside Lane,9/20/24,9.4,58.8,70.1,68,4.4,64
MEY3300-Tolteca,9/20/24,1.4,53.6,67.2,86,,
TAH-5201 Lake Forest,9/20/24,0.4,52.1,66.7,89,14,52.5
Tahoe-7300 Sugar Pine Point,9/20/24,0.8,53.1,66.4,97,3.1,57.3
SOK-257 Reno Park,9/20/24,5.7,60.2,74.9,69,7,64.9
SMP8700-Firecamp,9/20/24,0.6,51.1,72.2,97,,
TAH5201-Fairway,9/20/24,1.1,51.7,65.5,96,,
TPZ1261 Cunningham,9/20/24,3.7,57.7,72.4,85,,
MUL1296-Sorensens,9/20/24,1.4,46.7,66.3,92,,
GLS7600-Walden,9/19/24,0.4,48.2,61,97,9.2,54.9
TAH7300-DL Bliss,9/19/24,0.6,49.9,57.5,90,1.9,56.3
MUL1296-Woodfords,9/19/24,2.3,52.3,65.5,94,0.1,65.8
BKY4201-Summit,9/19/24,1.9,,,100,6.1,54.9
TPZ1261–Park Ranch,9/19/24,3.7,55.1,68.8,96,3.5,61.4
TPZ1261-Walker,9/19/24,4.7,51.8,63.1,96,4.1,62.1
Meyers3400-Uplands,9/19/24,3.8,48.3,57.1,88,2.9,54.2
111Line-Columbine Trail,9/19/24,0.9,46.4,60.6,99,1.4,54.1
POR31-Iron Horse,9/19/24,1.6,54.2,71,97,4.9,64.9
619Line-Sierra Valley West,9/19/24,4.1,55.7,71.4,97,6.1,59.9
SQV8200-Squaw Valley,9/19/24,1.9,49.5,62.4,98,5.8,61.5
CEM41-Garbage Pit Rd,9/19/24,4.8,56.3,69.7,95,4.5,64.8
CAL204-Dog Valley,9/19/24,2.4,55.3,69.3,95,7,65.5
TRK7203-Northstar Golf Course,9/19/24,2.6,49.3,66,98,10.6,57.7
Hobart Sub,9/19/24,0.8,48.7,66.4,100,4.4,60.5
SRB51-Smithneck Rd,9/19/24,3.7,55.6,69.2,95,12.7,66.4
TRK7202-Cabin Tree,9/19/24,0.8,47.7,62.7,99,6.3,59.9
Muller1296-Emigrant Trail,9/19/24,6,53.6,65.7,94,10.1,60.6
STL3101 Ledge Ct.,9/19/24,1.5,48.4,58,91,2.6,55.8
TAH7300-Homewood,9/19/24,1,50,61.1,97,4.9,60.3
7400-Glenshire,9/19/24,1.5,49.6,66.4,98,1.7,60.5
MEY3300-Grass Lake Road,9/19/24,1.8,46,60,100,4.7,50.6
WSH201-Floriston,9/19/24,2.2,52,68.2,94,6.3,60.9
Washoe204-Fariad,9/19/24,4.3,53.4,67,98,5.9,59
MEY3400-Camp Richardson,9/19/24,1.5,48.3,61.3,100,6.1,59
MEY3500-STPD Office,9/19/24,1.1,47.6,63,99,6.9,61.6
621Line-I-80 Gravel Pit,9/19/24,1.6,50.9,66.4,97,2.3,63
7201-Alpine Meadows,9/19/24,0.9,49.2,62.6,100,6.4,59
MUL1296-Markleeville,9/19/24,0.1,49.8,64.4,98,2.6,60
TPZ1261-Eastside Lane,9/19/24,7.4,51.8,62.6,94,3.9,59.8
MEY3300-Tolteca,9/19/24,1.5,47.9,59.8,92,,
TAH-5201 Lake Forest,9/19/24,0.4,49.7,62,98,14.8,52.3
Tahoe-7300 Sugar Pine Point,9/19/24,0.7,49.4,59.8,98,3,55.9
SOK-257 Reno Park,9/19/24,5.5,56,68.9,91,7,63.6
SMP8700-Firecamp,9/19/24,0.7,49.9,66.4,97,,
TAH5201-Fairway,9/19/24,1.2,49,60.8,97,,
TPZ1261 Cunningham,9/19/24,4,52.1,64.4,95,,
MUL1296-Sorensens,9/19/24,1.1,44.7,59.4,96,,
GLS7600-Walden,9/18/24,0.4,43.6,56.9,95,7.2,55.4
TAH7300-DL Bliss,9/18/24,0.4,45.9,55.7,94,1.4,57.9
MUL1296-Woodfords,9/18/24,1.6,50.9,61.1,93,0.1,67
BKY4201-Summit,9/18/24,1.2,,,100,6.2,56
TPZ1261–Park Ranch,9/18/24,3.1,53.8,64.5,95,3.5,63
TPZ1261-Walker,9/18/24,2.8,51,61,95,4.1,63.3
Meyers3400-Uplands,9/18/24,2.2,44.5,53.6,96,2,55.7
111Line-Columbine Trail,9/18/24,0.3,45.2,59.7,98,1.4,55.7
POR31-Iron Horse,9/18/24,1.2,48.9,62.8,92,4.8,63.2
619Line-Sierra Valley West,9/18/24,4.1,49.5,65,94,6,58.2
SQV8200-Squaw Valley,9/18/24,1.2,44.5,57.5,97,5.7,61.9
CEM41-Garbage Pit Rd,9/18/24,6.2,50.5,64.6,89,4.4,65.2
CAL204-Dog Valley,9/18/24,2.1,52.2,65.2,88,7,66.1
TRK7203-Northstar Golf Course,9/18/24,2.8,44.2,59.6,96,10.6,57.6
Hobart Sub,9/18/24,0.6,44.5,61,99,4.4,60
SRB51-Smithneck Rd,9/18/24,4.1,49.8,64.8,90,12.6,67.6
TRK7202-Cabin Tree,9/18/24,0.8,43.8,55.7,98,5.9,61.9
Muller1296-Emigrant Trail,9/18/24,3.7,52,62.5,93,5,63.1
STL3101 Ledge Ct.,9/18/24,1,45.6,56.8,95,2.3,57.4
TAH7300-Homewood,9/18/24,0.9,46.7,56.9,96,4.9,61.5
7400-Glenshire,9/18/24,1.5,44.7,58.9,97,1.7,60.9
MEY3300-Grass Lake Road,9/18/24,0.7,44.3,58.3,100,4.5,51.1
WSH201-Floriston,9/18/24,2,48.2,62,93,6.2,58.8
Washoe204-Fariad,9/18/24,4.5,49.7,61.9,96,6,60
MEY3400-Camp Richardson,9/18/24,1.1,45.4,57.6,98,3.3,60.9
MEY3500-STPD Office,9/18/24,0.7,45.4,58.8,98,6.2,63.1
621Line-I-80 Gravel Pit,9/18/24,1.5,46.1,60.3,95,2.3,63.4
7201-Alpine Meadows,9/18/24,0.6,44.6,58.4,99,6.4,59.9
MUL1296-Markleeville,9/18/24,0,49.1,60.4,96,2.6,60.4
TPZ1261-Eastside Lane,9/18/24,4.3,51,60.9,94,2.7,63.6
MEY3300-Tolteca,9/18/24,1,44.6,57,92,,
TAH-5201 Lake Forest,9/18/24,0.4,46,58.6,97,10.1,53.5
Tahoe-7300 Sugar Pine Point,9/18/24,0.4,45.9,58.7,97,3,56.8
SOK-257 Reno Park,9/18/24,5.6,51.9,64.7,85,7,63.7
SMP8700-Firecamp,9/18/24,0.6,45.1,61.7,96,,
TAH5201-Fairway,9/18/24,1.2,45.7,57,96,,
TPZ1261 Cunningham,9/18/24,3.5,51,63,94,,
MUL1296-Sorensens,9/18/24,0.6,43.2,55.2,96,,
GLS7600-Walden,9/17/24,0.9,42.2,49.8,92,7.1,57.2
TAH7300-DL Bliss,9/17/24,1.8,46.6,53.7,80,1.4,59.5
MUL1296-Woodfords,9/17/24,5.4,54,63,66,0.1,67.4
BKY4201-Summit,9/17/24,1.9,,,100,6.2,57.6
TPZ1261–Park Ranch,9/17/24,5.1,58,68,78,3.6,63.6
TPZ1261-Walker,9/17/24,4.6,54.2,65.7,79,4.1,63.7
Meyers3400-Uplands,9/17/24,4.3,44.4,53.1,88,1.8,57.1
111Line-Columbine Trail,9/17/24,1.7,46,56.7,86,1.4,56.4
POR31-Iron Horse,9/17/24,2.7,49.3,56.4,78,4.9,65.2
619Line-Sierra Valley West,9/17/24,6.2,50.6,58,80,6,59.3
SQV8200-Squaw Valley,9/17/24,4.4,45.3,51.8,85,5.7,63.7
CEM41-Garbage Pit Rd,9/17/24,5.2,50.6,56.4,82,4.5,67.6
CAL204-Dog Valley,9/17/24,5.1,53,60.1,72,7.1,67.3
TRK7203-Northstar Golf Course,9/17/24,4.2,46.2,53.6,86,10.7,59.2
Hobart Sub,9/17/24,1.6,46.3,53.6,85,4.5,61.9
SRB51-Smithneck Rd,9/17/24,3.6,49.9,56,87,12.7,69.7
TRK7202-Cabin Tree,9/17/24,1.5,44.3,51.3,86,5.7,64
Muller1296-Emigrant Trail,9/17/24,4.2,54.9,65.6,68,0.4,66.6
STL3101 Ledge Ct.,9/17/24,2.6,45.6,53,91,1.4,58.4
TAH7300-Homewood,9/17/24,2.3,46.6,54.9,82,4.9,62.5
7400-Glenshire,9/17/24,3.2,46,53,85,1.8,62.3
MEY3300-Grass Lake Road,9/17/24,0.7,44.9,55.5,96,4.4,52.3
WSH201-Floriston,9/17/24,2.4,49,56.2,90,6.3,59.4
Washoe204-Fariad,9/17/24,8.3,50.8,57.8,77,6.1,61
MEY3400-Camp Richardson,9/17/24,2.2,47.7,56.5,83,2.2,62.5
MEY3500-STPD Office,9/17/24,0.9,46.8,56.7,90,5.9,64.7
621Line-I-80 Gravel Pit,9/17/24,4.2,47.7,54.6,81,2.3,65.4
7201-Alpine Meadows,9/17/24,2.4,45,52.6,88,6.5,61.7
MUL1296-Markleeville,9/17/24,0.1,52.2,62.8,85,2.6,60.8
TPZ1261-Eastside Lane,9/17/24,7.3,54.3,64.6,63,2.5,64.6
MEY3300-Tolteca,9/17/24,3.6,45.5,54.3,88,,
TAH-5201 Lake Forest,9/17/24,0.6,45.4,53.9,83,6.2,55
Tahoe-7300 Sugar Pine Point,9/17/24,1.2,45.7,54.9,80,3.1,59.3
SOK-257 Reno Park,9/17/24,10.2,51.6,57.8,69,7.1,65
SMP8700-Firecamp,9/17/24,0.9,46.2,54.8,84,,
TAH5201-Fairway,9/17/24,2.6,45.2,53,82,,
TPZ1261 Cunningham,9/17/24,5.4,55,65.5,76,,
MUL1296-Sorensens,9/17/24,1.9,44.6,54,84,,
GLS7600-Walden,9/16/24,0.7,42.4,50.4,88,7.2,60.4
TAH7300-DL Bliss,9/16/24,2.6,44.4,49.7,80,1.4,63
MUL1296-Woodfords,9/16/24,6.5,50.8,54.7,74,0.2,70.4
BKY4201-Summit,9/16/24,2.7,,,100,6.2,60.4
TPZ1261–Park Ranch,9/16/24,5.7,54.1,60,76,3.7,67.1
TPZ1261-Walker,9/16/24,6.5,50.4,57.5,84,4.2,67.2
Meyers3400-Uplands,9/16/24,7.1,42.4,49,84,1.8,60
111Line-Columbine Trail,9/16/24,1.3,44.4,50.6,89,1.4,58
POR31-Iron Horse,9/16/24,2.3,47.8,59.6,83,5,66.4
619Line-Sierra Valley West,9/16/24,5.7,48.4,60.8,81,6.1,59.4
SQV8200-Squaw Valley,9/16/24,4.4,43.8,51.5,74,5.7,66.7
CEM41-Garbage Pit Rd,9/16/24,5.5,49.4,61.1,84,4.5,70
CAL204-Dog Valley,9/16/24,4.7,51.5,62,64,7.2,69.3
TRK7203-Northstar Golf Course,9/16/24,4.3,43.8,54.6,79,10.8,61.1
Hobart Sub,9/16/24,1.5,44.4,57.6,83,4.5,63.9
SRB51-Smithneck Rd,9/16/24,4.4,48.8,60.4,87,12.9,71.4
TRK7202-Cabin Tree,9/16/24,2.3,43.7,51.8,79,5.8,65.3
Muller1296-Emigrant Trail,9/16/24,8.2,52.2,56.7,62,0.3,64.1
STL3101 Ledge Ct.,9/16/24,2.6,43.2,49,79,1.5,62.4
TAH7300-Homewood,9/16/24,3.1,46.3,53.1,70,4.9,63.5
7400-Glenshire,9/16/24,2.3,44.3,55.5,84,1.8,64.3
MEY3300-Grass Lake Road,9/16/24,1.1,43.8,48.1,95,4.4,53.9
WSH201-Floriston,9/16/24,1.5,47.3,58.4,92,6.6,65
Washoe204-Fariad,9/16/24,5,49,58.4,86,6.2,63.9
MEY3400-Camp Richardson,9/16/24,2.6,45.7,52.1,85,2.2,65.1
MEY3500-STPD Office,9/16/24,1.1,44.6,52.6,91,5.9,68.1
621Line-I-80 Gravel Pit,9/16/24,3.1,45.4,56.8,82,2.4,68.4
7201-Alpine Meadows,9/16/24,2.2,44,52.6,78,6.7,63.1
MUL1296-Markleeville,9/16/24,0.7,47.3,54.5,89,2.7,64.2
TPZ1261-Eastside Lane,9/16/24,6.4,50.1,56.7,82,2.5,67
MEY3300-Tolteca,9/16/24,3.5,44.2,48.6,88,,
TAH-5201 Lake Forest,9/16/24,0.8,45.1,52.4,92,6.2,57.7
Tahoe-7300 Sugar Pine Point,9/16/24,0.9,44.8,53.8,80,3.1,60.6
SOK-257 Reno Park,9/16/24,9,49.8,60.9,75,7.2,67
SMP8700-Firecamp,9/16/24,0.8,44.8,57.2,77,,
TAH5201-Fairway,9/16/24,3.3,45.3,51.2,74,,
TPZ1261 Cunningham,9/16/24,6.5,50.8,58.5,81,,
MUL1296-Sorensens,9/16/24,1.2,41.5,47.2,87,,
GLS7600-Walden,9/15/24,2.8,53.7,62.8,41,7.4,65.7
TAH7300-DL Bliss,9/15/24,3.2,54.4,61.9,53,1.5,67.2
MUL1296-Woodfords,9/15/24,9.4,62.1,69.9,45,0.2,72.9
BKY4201-Summit,9/15/24,3.3,,,100,6.3,63
TPZ1261–Park Ranch,9/15/24,5.9,65.3,76.2,55,3.8,71.2
TPZ1261-Walker,9/15/24,9.8,63.2,73.2,43,4.2,69.5
Meyers3400-Uplands,9/15/24,11.7,53.1,61.5,57,1.8,63.2
111Line-Columbine Trail,9/15/24,2.5,52.9,66.1,60,1.5,59.6
POR31-Iron Horse,9/15/24,2.8,54.4,68.2,67,5.1,68.7
619Line-Sierra Valley West,9/15/24,8.7,55.2,70,73,6.2,62.4
SQV8200-Squaw Valley,9/15/24,6.7,53.6,63.4,64,5.8,70.1
CEM41-Garbage Pit Rd,9/15/24,9.5,58.6,70.9,71,4.6,72.5
CAL204-Dog Valley,9/15/24,5.9,61.8,72.8,39,7.3,72
TRK7203-Northstar Golf Course,9/15/24,7.8,50,66.8,76,11.1,64.5
Hobart Sub,9/15/24,2.8,50.2,67.4,82,4.6,67
SRB51-Smithneck Rd,9/15/24,7.4,59.1,70.7,42,13,73.1
TRK7202-Cabin Tree,9/15/24,4.5,52.2,63.8,53,5.8,67.4
Muller1296-Emigrant Trail,9/15/24,15.4,64.3,73.4,43,0.4,73.8
STL3101 Ledge Ct.,9/15/24,3.7,54.5,65.3,55,1.5,66.9
TAH7300-Homewood,9/15/24,3.1,54.4,64.3,47,5,64.8
7400-Glenshire,9/15/24,3.7,50.9,66.5,69,1.9,66.8
MEY3300-Grass Lake Road,9/15/24,2.5,51.5,64.8,71,4.4,57.4
WSH201-Floriston,9/15/24,9,55.9,69.7,63,6.9,70.9
Washoe204-Fariad,9/15/24,9.6,59.2,70.8,54,6.3,66.2
MEY3400-Camp Richardson,9/15/24,5.7,56.4,64.3,49,2.3,67.2
MEY3500-STPD Office,9/15/24,2.1,50.5,67.1,67,6,71.8
621Line-I-80 Gravel Pit,9/15/24,5.4,51.1,67.5,81,2.4,71.6
7201-Alpine Meadows,9/15/24,3.9,53.9,62.9,54,6.9,66.6
MUL1296-Markleeville,9/15/24,2.2,60.4,70.6,54,2.8,70.9
TPZ1261-Eastside Lane,9/15/24,12.8,65.6,72.2,38,2.7,75.2
MEY3300-Tolteca,9/15/24,4.4,55.2,64.6,52,,
TAH-5201 Lake Forest,9/15/24,2.2,53.1,64,52,6.3,60
Tahoe-7300 Sugar Pine Point,9/15/24,1.3,53.8,66.9,52,3.2,66.1
SOK-257 Reno Park,9/15/24,12.2,60.5,71.2,43,7.3,70
SMP8700-Firecamp,9/15/24,2.2,50.7,68.3,72,,
TAH5201-Fairway,9/15/24,4.1,52.2,63.5,57,,
TPZ1261 Cunningham,9/15/24,7.1,63,74.4,50,,
MUL1296-Sorensens,9/15/24,1.9,48.4,64.2,67,,
GLS7600-Walden,9/14/24,1.1,59.4,74,63,7.5,67.1
TAH7300-DL Bliss,9/14/24,1.2,59.6,70.5,73,1.5,68.6
MUL1296-Woodfords,9/14/24,5.4,65,79.8,49,0.2,72.5
BKY4201-Summit,9/14/24,1.2,,,100,6.3,63.3
TPZ1261–Park Ranch,9/14/24,4.8,68.5,85.4,73,3.9,70.9
TPZ1261-Walker,9/14/24,6.7,67,78.1,53,4.3,71.4
Meyers3400-Uplands,9/14/24,3.9,59.9,73.1,51,1.9,63.8
111Line-Columbine Trail,9/14/24,1.3,57.3,74.5,70,1.5,59.9
POR31-Iron Horse,9/14/24,2.2,59.2,79.5,86,5.3,71.8
619Line-Sierra Valley West,9/14/24,4,60.1,80.6,85,6.4,64.3
SQV8200-Squaw Valley,9/14/24,2.6,55.1,73,88,5.8,70.9
CEM41-Garbage Pit Rd,9/14/24,5.7,62.1,81,76,4.6,73.6
CAL204-Dog Valley,9/14/24,3.7,64.8,82.4,61,7.3,71.3
TRK7203-Northstar Golf Course,9/14/24,3.2,54.4,76.4,92,11.2,66.6
Hobart Sub,9/14/24,1.5,55.4,77.6,95,4.7,68.3
SRB51-Smithneck Rd,9/14/24,5.1,62.8,80.2,71,13,73.7
TRK7202-Cabin Tree,9/14/24,1.6,56.4,73.6,81,5.8,67.9
Muller1296-Emigrant Trail,9/14/24,9,66.4,81.7,53,0.4,76.9
STL3101 Ledge Ct.,9/14/24,2.3,59.9,72.5,54,1.5,67
TAH7300-Homewood,9/14/24,1.1,57.5,73.7,87,5,65
7400-Glenshire,9/14/24,2.5,55.3,76.4,88,1.9,67.3
MEY3300-Grass Lake Road,9/14/24,1.1,55.2,72.8,75,4.4,58.3
WSH201-Floriston,9/14/24,2.7,60.7,79.7,74,7.1,74.3
Washoe204-Fariad,9/14/24,7.8,63.3,80,72,6.4,65.8
MEY3400-Camp Richardson,9/14/24,2.7,58.5,74.4,79,2.3,67
MEY3500-STPD Office,9/14/24,1,55.3,74.3,85,6.1,72.8
621Line-I-80 Gravel Pit,9/14/24,2.3,56.6,77.3,87,2.5,72.9
7201-Alpine Meadows,9/14/24,1.7,55.8,73.9,86,7,67
MUL1296-Markleeville,9/14/24,0.3,60.4,80.6,78,2.8,70.6
TPZ1261-Eastside Lane,9/14/24,8.6,67.7,81.7,38,2.7,75.6
MEY3300-Tolteca,9/14/24,2.4,59.3,72.4,62,,
TAH-5201 Lake Forest,9/14/24,0.9,56.8,74.6,78,6.3,60.6
Tahoe-7300 Sugar Pine Point,9/14/24,1,57.4,74.6,72,3.2,67.7
SOK-257 Reno Park,9/14/24,6.6,64.9,81,54,7.3,69.9
SMP8700-Firecamp,9/14/24,1.2,56,78.8,88,,
TAH5201-Fairway,9/14/24,1.9,55.5,72.4,89,,
TPZ1261 Cunningham,9/14/24,4.9,63.8,83.9,78,,
MUL1296-Sorensens,9/14/24,2.2,52.4,72.1,83,,
GLS7600-Walden,9/13/24,0.7,56.9,73.7,55,7.5,66.2
TAH7300-DL Bliss,9/13/24,0.7,57.6,67.2,63,1.5,67.5
MUL1296-Woodfords,9/13/24,2.1,59.7,75.3,53,0.2,72.3
BKY4201-Summit,9/13/24,1.6,,,100,6.3,62.8
TPZ1261–Park Ranch,9/13/24,4.8,62.2,77,76,3.9,69.8
TPZ1261-Walker,9/13/24,4.4,59.6,74.3,60,4.2,69
Meyers3400-Uplands,9/13/24,3,57.9,71.4,48,1.9,63.2
111Line-Columbine Trail,9/13/24,0.8,55.7,73.8,63,1.5,59.7
POR31-Iron Horse,9/13/24,1.8,57.5,79.9,69,5.3,71.3
619Line-Sierra Valley West,9/13/24,2.6,57.4,79.5,75,6.3,62.7
SQV8200-Squaw Valley,9/13/24,2.3,53.9,73.4,84,5.8,70.4
CEM41-Garbage Pit Rd,9/13/24,4.1,59.9,78.4,61,4.6,72.8
CAL204-Dog Valley,9/13/24,2.6,58.8,77.4,63,7.3,70.8
TRK7203-Northstar Golf Course,9/13/24,2.1,52.9,78,89,11.2,65.6
Hobart Sub,9/13/24,0.9,53.2,77.2,90,4.6,67.3
SRB51-Smithneck Rd,9/13/24,4.9,59.7,77.7,60,13,73.4
TRK7202-Cabin Tree,9/13/24,1.5,55,74.2,71,5.8,67
Muller1296-Emigrant Trail,9/13/24,5.8,60.1,75,54,0.4,73.7
STL3101 Ledge Ct.,9/13/24,0.9,56.8,68.9,51,1.5,66.1
TAH7300-Homewood,9/13/24,0.9,56,71.8,71,5,64.7
7400-Glenshire,9/13/24,2,53.4,75.8,83,1.9,66.6
MEY3300-Grass Lake Road,9/13/24,1.5,53.7,72.1,71,4.4,57.7
WSH201-Floriston,9/13/24,1.7,57,76.3,72,7.2,72.9
Washoe204-Fariad,9/13/24,4.4,57.6,75.3,72,6.4,65
MEY3400-Camp Richardson,9/13/24,1.8,54.7,70.5,68,2.3,66.7
MEY3500-STPD Office,9/13/24,0.8,52.9,73.1,82,6.1,72.2
621Line-I-80 Gravel Pit,9/13/24,1.7,54.6,77,84,2.5,71.9
7201-Alpine Meadows,9/13/24,1.5,54.4,74,83,7.1,66.4
MUL1296-Markleeville,9/13/24,0,54.9,76.8,78,2.8,69.3
TPZ1261-Eastside Lane,9/13/24,8,61,75.1,47,2.7,73.4
MEY3300-Tolteca,9/13/24,1.8,57.9,72.4,62,,
TAH-5201 Lake Forest,9/13/24,0.9,55.7,72.2,61,6.3,60
Tahoe-7300 Sugar Pine Point,9/13/24,0.9,56,71.8,70,3.2,66.8
SOK-257 Reno Park,9/13/24,5.9,60.7,76.8,48,7.3,68.9
SMP8700-Firecamp,9/13/24,0.5,53.6,76.2,84,,
TAH5201-Fairway,9/13/24,1.5,54.2,71.2,75,,
TPZ1261 Cunningham,9/13/24,3.9,58.2,76.9,81,,
MUL1296-Sorensens,9/13/24,1.2,49,69.9,79,,
GLS7600-Walden,9/12/24,0.6,50.7,66.2,88,7.6,65.8
TAH7300-DL Bliss,9/12/24,1.2,52.2,60.8,81,1.5,66.9
MUL1296-Woodfords,9/12/24,2.4,55.4,69.2,55,0.2,73.4
BKY4201-Summit,9/12/24,1.5,,,100,6.3,63.3
TPZ1261–Park Ranch,9/12/24,4.9,58.3,71.2,64,3.9,70.5
TPZ1261-Walker,9/12/24,5.4,57.1,68.3,58,4.2,69.6
Meyers3400-Uplands,9/12/24,3.2,52.4,63,76,1.9,63.5
111Line-Columbine Trail,9/12/24,1,51.4,67.4,81,1.5,60
POR31-Iron Horse,9/12/24,1.6,54.4,72.4,89,5.4,71.4
619Line-Sierra Valley West,9/12/24,3.4,53.8,71.5,92,6.3,62.1
SQV8200-Squaw Valley,9/12/24,1.8,49.6,68.6,94,5.8,69.9
CEM41-Garbage Pit Rd,9/12/24,4.8,55.8,70.9,84,4.6,72.5
CAL204-Dog Valley,9/12/24,2.7,55.4,70.4,80,7.3,71.7
TRK7203-Northstar Golf Course,9/12/24,2.3,48.4,69.6,96,11.1,64.9
Hobart Sub,9/12/24,1,49.2,69.5,99,4.6,66.7
SRB51-Smithneck Rd,9/12/24,4.9,55.1,70.1,78,13.1,73.6
TRK7202-Cabin Tree,9/12/24,1.8,50.1,67.1,94,5.8,67.3
Muller1296-Emigrant Trail,9/12/24,6.3,55.8,69.4,56,0.3,71.7
STL3101 Ledge Ct.,9/12/24,1.1,52,63.5,74,1.5,66.1
TAH7300-Homewood,9/12/24,0.5,50.8,64.3,88,5,65
7400-Glenshire,9/12/24,2,49,68.7,92,1.9,66.7
MEY3300-Grass Lake Road,9/12/24,1.6,48.7,67.1,68,4.4,57.4
WSH201-Floriston,9/12/24,2.5,53.5,69.5,82,7.3,72
Washoe204-Fariad,9/12/24,6.1,54.7,68.2,83,6.5,65.9
MEY3400-Camp Richardson,9/12/24,1.8,50.4,65.8,84,2.3,67.7
MEY3500-STPD Office,9/12/24,1.1,49,67.1,77,6.1,72
621Line-I-80 Gravel Pit,9/12/24,2.5,50.7,70,92,2.5,71.7
7201-Alpine Meadows,9/12/24,1.3,49.8,68.6,92,7.3,66.4
MUL1296-Markleeville,9/12/24,0,51.5,70.6,75,2.8,69.7
TPZ1261-Eastside Lane,9/12/24,7.5,56.5,69,50,2.7,72.9
MEY3300-Tolteca,9/12/24,1.3,52.4,66.7,74,,
TAH-5201 Lake Forest,9/12/24,0.9,50.7,65.1,77,6.3,60.4
Tahoe-7300 Sugar Pine Point,9/12/24,0.9,51.4,63.5,87,3.2,66.1
SOK-257 Reno Park,9/12/24,5.7,55.4,69.3,79,7.3,69.8
SMP8700-Firecamp,9/12/24,0.7,50.7,69.6,94,,
TAH5201-Fairway,9/12/24,1,49.2,63.4,84,,
TPZ1261 Cunningham,9/12/24,5,54.5,70.8,72,,
MUL1296-Sorensens,9/12/24,1,44.2,63,70,,
GLS7600-Walden,9/11/24,2.4,55.4,65.6,71,7.7,68.1
TAH7300-DL Bliss,9/11/24,4.5,57.1,64.3,68,1.6,70.1
MUL1296-Woodfords,9/11/24,9.1,64.6,72.9,41,0.2,75.8
BKY4201-Summit,9/11/24,2.2,,,100,6.3,65.5
TPZ1261–Park Ranch,9/11/24,8.1,69.6,78.5,40,4,73.3
TPZ1261-Walker,9/11/24,13.7,65.4,76.5,30,4.3,71.8
Meyers3400-Uplands,9/11/24,8.8,56.4,65.3,60,1.9,65.7
111Line-Columbine Trail,9/11/24,3.3,55.3,67.5,64,1.5,61.9
POR31-Iron Horse,9/11/24,3.4,54.4,69.7,81,5.4,70.9
619Line-Sierra Valley West,9/11/24,7.7,54,71.8,82,6.4,63
SQV8200-Squaw Valley,9/11/24,6.7,55.3,64.6,78,5.8,71.6
CEM41-Garbage Pit Rd,9/11/24,8.7,58.2,72.2,66,4.6,73.5
CAL204-Dog Valley,9/11/24,6.7,63,73.9,62,7.4,73.8
TRK7203-Northstar Golf Course,9/11/24,7.1,52,68.2,87,11.2,66.1
Hobart Sub,9/11/24,3.1,50.5,69.2,82,4.7,67.4
SRB51-Smithneck Rd,9/11/24,7.1,58.8,71.3,66,13.2,74.7
TRK7202-Cabin Tree,9/11/24,3.4,54.5,64.5,82,5.9,69.4
Muller1296-Emigrant Trail,9/11/24,15.8,67.1,77.7,45,0.3,74.3
STL3101 Ledge Ct.,9/11/24,5.3,57.5,67.8,59,1.6,69.3
TAH7300-Homewood,9/11/24,3.2,56.2,65.7,77,5,66.3
7400-Glenshire,9/11/24,4.7,51.1,68.1,76,1.9,68.2
MEY3300-Grass Lake Road,9/11/24,2.7,53.2,66.9,69,4.4,59.6
WSH201-Floriston,9/11/24,6,55.9,71.1,65,7.5,72.9
Washoe204-Fariad,9/11/24,11.2,59.6,71.6,64,6.6,68.3
MEY3400-Camp Richardson,9/11/24,4.5,59,67.6,66,2.4,69.4
MEY3500-STPD Office,9/11/24,2.2,54.8,68.9,73,6.2,73.7
621Line-I-80 Gravel Pit,9/11/24,5.1,51.3,68.6,72,2.5,73.3
7201-Alpine Meadows,9/11/24,4.3,56.5,64.9,82,7.4,68.4
MUL1296-Markleeville,9/11/24,3,63.1,72.9,68,2.9,73.4
TPZ1261-Eastside Lane,9/11/24,9,68.6,78.4,29,2.9,78.3
MEY3300-Tolteca,9/11/24,4.6,57.3,66.1,63,,
TAH-5201 Lake Forest,9/11/24,2.3,54.2,65.5,77,6.4,63
Tahoe-7300 Sugar Pine Point,9/11/24,1.6,56.7,67.3,80,3.3,68.5
SOK-257 Reno Park,9/11/24,11.6,61.6,73.5,67,7.4,72.2
SMP8700-Firecamp,9/11/24,2.3,50.2,68.9,80,,
TAH5201-Fairway,9/11/24,3.8,54.2,64.8,76,,
TPZ1261 Cunningham,9/11/24,9.4,65.2,76.7,44,,
MUL1296-Sorensens,9/11/24,3.1,51,67,64,,
GLS7600-Walden,9/10/24,1.8,64.4,77.5,39,7.9,70.1
TAH7300-DL Bliss,9/10/24,2.4,64.3,74.5,65,1.6,72.4
MUL1296-Woodfords,9/10/24,5.4,69.8,82.2,35,0.2,76.8
BKY4201-Summit,9/10/24,2,,,100,6.4,66.4
TPZ1261–Park Ranch,9/10/24,3.6,71.3,87.4,60,4.1,74.2
TPZ1261-Walker,9/10/24,6.9,69.1,84.8,38,4.3,71.9
Meyers3400-Uplands,9/10/24,6.9,64.3,75.1,69,1.9,66.9
111Line-Columbine Trail,9/10/24,1.9,61.1,78.2,56,1.5,62.9
POR31-Iron Horse,9/10/24,2.4,61.5,81.3,72,5.6,73.7
619Line-Sierra Valley West,9/10/24,5.6,62.1,82.6,75,6.6,66.7
SQV8200-Squaw Valley,9/10/24,3.7,58.6,76,80,5.8,73
CEM41-Garbage Pit Rd,9/10/24,6.3,64.8,83.2,62,4.7,75
CAL204-Dog Valley,9/10/24,4.4,67.4,84.7,57,7.4,74.9
TRK7203-Northstar Golf Course,9/10/24,4.9,56.7,79.1,90,11.4,68.4
Hobart Sub,9/10/24,2,57.3,79.8,90,4.7,69.6
SRB51-Smithneck Rd,9/10/24,5.9,65.1,82.8,59,13.2,75.7
TRK7202-Cabin Tree,9/10/24,2.5,60.1,76.8,59,5.9,70.9
Muller1296-Emigrant Trail,9/10/24,8.7,70.1,85.8,51,0.4,79.4
STL3101 Ledge Ct.,9/10/24,1.8,63.7,77.8,50,1.6,70.4
TAH7300-Homewood,9/10/24,1.4,60.5,76.5,76,5.1,67.2
7400-Glenshire,9/10/24,2.7,57.6,79.9,82,1.9,69.8
MEY3300-Grass Lake Road,9/10/24,1.8,58.7,77.2,75,4.4,60.9
WSH201-Floriston,9/10/24,2.6,62.6,82.4,72,7.8,76.2
Washoe204-Fariad,9/10/24,6.6,65.8,82.6,67,6.7,69.7
MEY3400-Camp Richardson,9/10/24,3.8,62.1,78.5,74,2.4,69.8
MEY3500-STPD Office,9/10/24,1.7,57.8,78.6,74,6.2,74.8
621Line-I-80 Gravel Pit,9/10/24,3.3,58.3,81.2,85,2.6,75.1
7201-Alpine Meadows,9/10/24,2.2,60.4,76.7,73,7.6,69.1
MUL1296-Markleeville,9/10/24,1.1,64.7,82.5,66,3,73.7
TPZ1261-Eastside Lane,9/10/24,9.6,72.6,84.8,24,2.9,78.9
MEY3300-Tolteca,9/10/24,3.2,63.6,76.8,49,,
TAH-5201 Lake Forest,9/10/24,1.3,61.1,77.6,61,6.4,64.6
Tahoe-7300 Sugar Pine Point,9/10/24,1.3,61.3,79,63,3.3,70.2
SOK-257 Reno Park,9/10/24,7.5,68,83,51,7.4,73.8
SMP8700-Firecamp,9/10/24,1.3,57.5,80.6,84,,
TAH5201-Fairway,9/10/24,2.2,59.4,76.4,68,,
TPZ1261 Cunningham,9/10/24,5.3,67.6,84.8,68,,
MUL1296-Sorensens,9/10/24,2.2,57.5,75.8,71,,
GLS7600-Walden,9/9/24,1.3,65.1,76.6,39,8,70.1
TAH7300-DL Bliss,9/9/24,1.5,64.4,75.3,65,1.6,72.6
MUL1296-Woodfords,9/9/24,6.7,72.2,82.9,38,0.2,77.1
BKY4201-Summit,9/9/24,1.4,,,100,6.4,66.8
TPZ1261–Park Ranch,9/9/24,3.2,72.2,87.7,69,4.1,74
TPZ1261-Walker,9/9/24,6.1,70.3,84.5,46,4.3,72
Meyers3400-Uplands,9/9/24,5.6,64.8,75.3,53,1.9,67.2
111Line-Columbine Trail,9/9/24,1.5,61.9,78.9,58,1.5,63.5
POR31-Iron Horse,9/9/24,2,62.9,83,67,5.7,73.8
619Line-Sierra Valley West,9/9/24,4.5,62.9,83.8,69,6.6,66.5
SQV8200-Squaw Valley,9/9/24,2.6,58.7,77.1,75,5.8,73.3
CEM41-Garbage Pit Rd,9/9/24,4.8,65.1,84.5,61,4.7,74.8
CAL204-Dog Valley,9/9/24,3.7,68.3,85.6,53,7.5,75.2
TRK7203-Northstar Golf Course,9/9/24,3.9,57.5,80,86,11.5,68.9
Hobart Sub,9/9/24,1.6,58.4,81.4,83,4.8,70
SRB51-Smithneck Rd,9/9/24,6.2,66.2,82.8,54,13.2,75.7
TRK7202-Cabin Tree,9/9/24,2.2,60.8,77.3,61,5.9,71
Muller1296-Emigrant Trail,9/9/24,7.8,71.8,86.1,47,0.4,80.5
STL3101 Ledge Ct.,9/9/24,2,65.1,77.7,47,1.6,70.8
TAH7300-Homewood,9/9/24,1.5,61.8,77.6,63,5.1,67.4
7400-Glenshire,9/9/24,2.2,58.6,79.6,76,1.9,69.9
MEY3300-Grass Lake Road,9/9/24,1.2,59.1,77.7,77,4.4,61.4
WSH201-Floriston,9/9/24,2.9,63.8,83.1,65,8,76.8
Washoe204-Fariad,9/9/24,5.2,66.3,83.6,61,6.8,70
MEY3400-Camp Richardson,9/9/24,2.8,61.4,78.5,71,2.4,70.2
MEY3500-STPD Office,9/9/24,1.5,58.4,78.9,76,6.2,75.2
621Line-I-80 Gravel Pit,9/9/24,2.3,59.4,81.2,81,2.6,75.3
7201-Alpine Meadows,9/9/24,1.6,59.6,77.3,73,7.7,69.3
MUL1296-Markleeville,9/9/24,0.7,65.8,83.1,67,3,74.8
TPZ1261-Eastside Lane,9/9/24,7.9,73.2,84.7,32,3,79
MEY3300-Tolteca,9/9/24,2,63.9,77.2,48,,
TAH-5201 Lake Forest,9/9/24,1.1,61.4,78.7,62,6.5,65.2
Tahoe-7300 Sugar Pine Point,9/9/24,1,61.8,79.7,62,3.3,70.4
SOK-257 Reno Park,9/9/24,7.2,68.9,84.3,44,7.4,74
SMP8700-Firecamp,9/9/24,1,58.6,81.3,77,,
TAH5201-Fairway,9/9/24,1.9,60,76.5,66,,
TPZ1261 Cunningham,9/9/24,4.3,69,87,65,,
MUL1296-Sorensens,9/9/24,1.5,56.8,76.1,71,,
GLS7600-Walden,9/8/24,1.9,65.6,76.1,36,8.2,71
TAH7300-DL Bliss,9/8/24,2.4,65.1,74.1,63,1.7,73.6
MUL1296-Woodfords,9/8/24,6.2,72.9,83.2,40,0.2,77.1
BKY4201-Summit,9/8/24,1.8,,,100,6.4,67.8
TPZ1261–Park Ranch,9/8/24,6,74.1,87.1,66,4.1,73.1
TPZ1261-Walker,9/8/24,8.3,72.2,83.9,42,4.4,72
Meyers3400-Uplands,9/8/24,7.9,65.5,73.6,38,1.9,67.8
111Line-Columbine Trail,9/8/24,2.2,63.6,77.9,53,1.5,64.1
POR31-Iron Horse,9/8/24,2.3,62.4,82.8,80,5.7,74.1
619Line-Sierra Valley West,9/8/24,5.5,62.6,84,82,6.7,66.5
SQV8200-Squaw Valley,9/8/24,2.9,59.6,75.8,76,5.8,74
CEM41-Garbage Pit Rd,9/8/24,6.3,65.5,84,70,4.7,75
CAL204-Dog Valley,9/8/24,4.4,69.5,85.8,53,7.5,75.5
TRK7203-Northstar Golf Course,9/8/24,4.9,58.4,79.4,87,11.6,69.7
Hobart Sub,9/8/24,2.1,59.1,81.8,89,4.8,70.8
SRB51-Smithneck Rd,9/8/24,6,66.3,83.1,65,13.3,75.8
TRK7202-Cabin Tree,9/8/24,3.3,62.1,76.1,56,6,71.9
Muller1296-Emigrant Trail,9/8/24,10,73.3,86.1,55,0.4,81.6
STL3101 Ledge Ct.,9/8/24,3.4,67.1,78.2,43,1.6,71.1
TAH7300-Homewood,9/8/24,1.8,62.7,76.6,65,5.1,68.1
7400-Glenshire,9/8/24,2.8,59.5,79.3,78,1.9,70.7
MEY3300-Grass Lake Road,9/8/24,1.7,60.8,77.5,72,4.4,61.8
WSH201-Floriston,9/8/24,5,64.6,82.5,70,8.2,77.1
Washoe204-Fariad,9/8/24,6.4,67.6,82.8,67,6.8,70.3
MEY3400-Camp Richardson,9/8/24,3.5,63.8,77.9,73,2.4,70.9
MEY3500-STPD Office,9/8/24,1.7,60.4,78.4,70,6.3,75.8
621Line-I-80 Gravel Pit,9/8/24,3.7,60.1,81.3,84,2.6,75.9
7201-Alpine Meadows,9/8/24,2,60.6,76.2,69,7.9,70.3
MUL1296-Markleeville,9/8/24,1.1,66.6,82.8,71,3,74.6
TPZ1261-Eastside Lane,9/8/24,8.4,74.7,85.1,32,3,79.3
MEY3300-Tolteca,9/8/24,3.3,66.4,76.9,41,,
TAH-5201 Lake Forest,9/8/24,1.2,62.3,77.1,53,6.5,66.5
Tahoe-7300 Sugar Pine Point,9/8/24,1.2,63.4,79.2,61,3.4,71.2
SOK-257 Reno Park,9/8/24,9.1,69.3,84.3,58,7.5,74.4
SMP8700-Firecamp,9/8/24,1.4,59.5,80.5,77,,
TAH5201-Fairway,9/8/24,2.3,61.4,75.3,62,,
TPZ1261 Cunningham,9/8/24,6.1,69.8,85.6,63,,
MUL1296-Sorensens,9/8/24,1.7,58.1,75.1,66,,
GLS7600-Walden,9/7/24,1.7,67.9,78.8,43,8.3,71.3
TAH7300-DL Bliss,9/7/24,2.4,67.2,77.4,64,1.7,74.8
MUL1296-Woodfords,9/7/24,6.1,73.1,85.4,39,0.2,77
BKY4201-Summit,9/7/24,2,,,100,6.4,68.6
TPZ1261–Park Ranch,9/7/24,7,73.3,88.8,77,4,71.2
TPZ1261-Walker,9/7/24,8.3,73,85.8,50,4.4,72.4
Meyers3400-Uplands,9/7/24,7.4,68.1,76.3,54,2,68.2
111Line-Columbine Trail,9/7/24,2.1,65.2,81,56,1.5,64.6
POR31-Iron Horse,9/7/24,2,65.6,84.3,67,5.9,75.4
619Line-Sierra Valley West,9/7/24,5.5,66.2,87.1,72,6.9,68.7
SQV8200-Squaw Valley,9/7/24,3.5,62,78.4,71,5.8,74.8
CEM41-Garbage Pit Rd,9/7/24,6.9,68.6,86.6,58,4.7,75.9
CAL204-Dog Valley,9/7/24,4.3,71.3,88.8,50,7.5,75.7
TRK7203-Northstar Golf Course,9/7/24,5,61.1,81.7,88,11.7,71.2
Hobart Sub,9/7/24,2.1,62,83.4,83,4.8,71.5
SRB51-Smithneck Rd,9/7/24,6.1,68.8,85.6,51,13.4,76.4
TRK7202-Cabin Tree,9/7/24,3.2,63.9,79.3,56,6,72.8
Muller1296-Emigrant Trail,9/7/24,10.8,73.9,89,54,0.4,82.4
STL3101 Ledge Ct.,9/7/24,2.1,68.7,81.3,43,1.6,71.3
TAH7300-Homewood,9/7/24,1.7,64,79.9,69,5.1,68.5
7400-Glenshire,9/7/24,3.1,62.2,83,76,1.9,71.4
MEY3300-Grass Lake Road,9/7/24,1.8,62.5,81,76,4.4,62.1
WSH201-Floriston,9/7/24,5,67.1,84.4,66,8.4,77.8
Washoe204-Fariad,9/7/24,7.7,69.5,86.1,64,6.9,70.3
MEY3400-Camp Richardson,9/7/24,3.7,65.3,80.2,76,2.4,71
MEY3500-STPD Office,9/7/24,1.7,62,81,74,6.3,76.2
621Line-I-80 Gravel Pit,9/7/24,4.5,62.9,84.4,81,2.7,76.8
7201-Alpine Meadows,9/7/24,1.9,62.8,78.6,66,8.1,71.1
MUL1296-Markleeville,9/7/24,1.3,67,85.7,71,3.1,75.1
TPZ1261-Eastside Lane,9/7/24,10.8,75.5,86.8,34,3.1,79.5
MEY3300-Tolteca,9/7/24,3.1,67.1,79.3,42,,
TAH-5201 Lake Forest,9/7/24,1.2,64.6,78.7,64,6.5,67.4
Tahoe-7300 Sugar Pine Point,9/7/24,1.2,64.8,81.3,65,3.4,71.8
SOK-257 Reno Park,9/7/24,8.1,72.3,87.1,47,7.5,75.2
SMP8700-Firecamp,9/7/24,1.5,62,83.2,73,,
TAH5201-Fairway,9/7/24,2.4,63.4,78.2,67,,
TPZ1261 Cunningham,9/7/24,6.7,69.3,87.3,79,,
MUL1296-Sorensens,9/7/24,2.1,59.8,78.2,72,,
GLS7600-Walden,9/6/24,1,69.6,82.1,41,8.5,71.6
TAH7300-DL Bliss,9/6/24,1.4,68.7,81.1,64,1.7,75
MUL1296-Woodfords,9/6/24,4.1,73.5,87.8,40,0.2,76.6
BKY4201-Summit,9/6/24,1.2,,,100,6.4,68.6
TPZ1261–Park Ranch,9/6/24,4,72.2,87.4,68,4.1,74.3
TPZ1261-Walker,9/6/24,5.2,72.8,88.2,45,4.4,72.7
Meyers3400-Uplands,9/6/24,4,69.4,81.7,45,2,67.9
111Line-Columbine Trail,9/6/24,1.1,66.1,83.4,58,1.5,64.6
POR31-Iron Horse,9/6/24,1.9,69.2,89.9,60,6.1,76.1
619Line-Sierra Valley West,9/6/24,4.2,68.5,90.7,66,7,69.4
SQV8200-Squaw Valley,9/6/24,2.5,64.5,82.1,72,5.9,75.2
CEM41-Garbage Pit Rd,9/6/24,4.5,71.3,89.8,63,4.7,76.2
CAL204-Dog Valley,9/6/24,2.7,71.9,90.1,52,7.5,76
TRK7203-Northstar Golf Course,9/6/24,3.7,63.2,86.1,83,11.8,71.6
Hobart Sub,9/6/24,1.4,63.7,86.1,79,4.9,71.8
SRB51-Smithneck Rd,9/6/24,4.9,72,89.7,56,13.4,76.8
TRK7202-Cabin Tree,9/6/24,1.6,66.2,82.9,60,6,72.8
Muller1296-Emigrant Trail,9/6/24,6.5,73.8,89.3,53,0.5,83.8
STL3101 Ledge Ct.,9/6/24,1.2,68.7,82.6,50,1.6,71.3
TAH7300-Homewood,9/6/24,1.2,65.3,82.5,66,5.1,68.4
7400-Glenshire,9/6/24,2.4,64.2,85.4,73,1.9,71.4
MEY3300-Grass Lake Road,9/6/24,0.9,63.4,82.3,74,4.4,61.8
WSH201-Floriston,9/6/24,2.7,68.9,87.8,61,8.6,78.9
Washoe204-Fariad,9/6/24,6.3,70.2,87.7,59,6.9,70.3
MEY3400-Camp Richardson,9/6/24,2.4,65.1,84,65,2.5,70.6
MEY3500-STPD Office,9/6/24,1.3,63,83.3,75,6.3,76
621Line-I-80 Gravel Pit,9/6/24,2.3,64.8,86.9,79,2.7,77.2
7201-Alpine Meadows,9/6/24,1.4,65,82.9,69,8.2,71.3
MUL1296-Markleeville,9/6/24,0.2,67.8,88.9,70,3.1,74.7
TPZ1261-Eastside Lane,9/6/24,8.4,74.8,87.9,35,3.2,80.1
MEY3300-Tolteca,9/6/24,1.7,68.2,82.5,52,,
TAH-5201 Lake Forest,9/6/24,0.6,65.5,82.5,66,6.6,67.2
Tahoe-7300 Sugar Pine Point,9/6/24,0.9,65.4,83.3,66,3.4,71.5
SOK-257 Reno Park,9/6/24,6,74.1,88.7,39,7.5,74.8
SMP8700-Firecamp,9/6/24,0.9,63.9,87.1,75,,
TAH5201-Fairway,9/6/24,1.5,64,81.8,69,,
TPZ1261 Cunningham,9/6/24,3.9,69,89.6,71,,
MUL1296-Sorensens,9/6/24,1.8,61.6,82.1,69,,
GLS7600-Walden,9/5/24,0.9,70.4,84.8,34,8.7,71.5
TAH7300-DL Bliss,9/5/24,1.9,70.1,79.4,39,1.7,75
MUL1296-Woodfords,9/5/24,2.4,72.9,88.1,36,0.2,76.3
BKY4201-Summit,9/5/24,1.4,,,100,6.4,67.9
TPZ1261–Park Ranch,9/5/24,3.7,74.1,90.1,68,4.2,75.6
TPZ1261-Walker,9/5/24,5.4,73.2,87.4,45,4.4,72.5
Meyers3400-Uplands,9/5/24,2.8,70,80.4,33,2,67.3
111Line-Columbine Trail,9/5/24,0.7,66.2,85.1,45,1.5,64.3
POR31-Iron Horse,9/5/24,1.9,69.2,92.1,51,6.2,75.8
619Line-Sierra Valley West,9/5/24,3.4,68.5,91.4,59,7,68.4
SQV8200-Squaw Valley,9/5/24,2.3,64.4,84.6,70,5.9,74.9
CEM41-Garbage Pit Rd,9/5/24,4.6,72.1,91.1,41,4.7,75.6
CAL204-Dog Valley,9/5/24,2.9,71.2,91,44,7.5,75.4
TRK7203-Northstar Golf Course,9/5/24,2.5,62.8,87.1,78,11.7,71.1
Hobart Sub,9/5/24,1.2,63.4,89.3,68,4.9,71.7
SRB51-Smithneck Rd,9/5/24,4.4,72.6,90.5,38,13.4,76.1
TRK7202-Cabin Tree,9/5/24,1.9,66.6,84.9,47,6,72
Muller1296-Emigrant Trail,9/5/24,6.2,72.2,87,43,0.4,82.7
STL3101 Ledge Ct.,9/5/24,0.9,68.5,81,36,1.6,71
TAH7300-Homewood,9/5/24,0.8,66.8,83.8,54,5.1,67.9
7400-Glenshire,9/5/24,2,63.8,87.1,68,1.9,71
MEY3300-Grass Lake Road,9/5/24,1.5,63.2,83,72,4.4,61.1
WSH201-Floriston,9/5/24,2.1,68.3,90.5,60,8.9,79.8
Washoe204-Fariad,9/5/24,5.1,69.5,89.6,57,7,69.8
MEY3400-Camp Richardson,9/5/24,1.8,64.3,82.6,59,2.5,70.2
MEY3500-STPD Office,9/5/24,0.9,61.6,83.5,69,6.4,76
621Line-I-80 Gravel Pit,9/5/24,1.7,64.3,88.6,77,2.8,77
7201-Alpine Meadows,9/5/24,1.7,65.2,85.3,63,8.4,71
MUL1296-Markleeville,9/5/24,0,65.7,89.3,67,3.1,73.6
TPZ1261-Eastside Lane,9/5/24,9.4,73.7,88.2,28,3.3,80.1
MEY3300-Tolteca,9/5/24,1.5,68.5,83.8,45,,
TAH-5201 Lake Forest,9/5/24,0.9,66.7,82.5,46,6.6,66.4
Tahoe-7300 Sugar Pine Point,9/5/24,0.9,67,83.5,57,3.5,71.8
SOK-257 Reno Park,9/5/24,6.4,74,89.5,35,7.5,74
SMP8700-Firecamp,9/5/24,0.7,63.9,88.9,69,,
TAH5201-Fairway,9/5/24,1.2,65,82.4,58,,
TPZ1261 Cunningham,9/5/24,5,71.2,90,61,,
MUL1296-Sorensens,9/5/24,1.4,59.4,81.8,67,,
GLS7600-Walden,9/4/24,0.7,66.7,80.6,42,8.8,70.3
TAH7300-DL Bliss,9/4/24,0.9,67.3,76,66,1.7,73.5
MUL1296-Woodfords,9/4/24,1.6,69.8,84.5,41,0.2,76.5
BKY4201-Summit,9/4/24,1,,,100,6.4,67.5
TPZ1261–Park Ranch,9/4/24,4.4,72.2,87,67,4.3,75.8
TPZ1261-Walker,9/4/24,6,70.7,83.1,45,4.4,72.5
Meyers3400-Uplands,9/4/24,3.2,66.7,76.3,71,2,66.6
111Line-Columbine Trail,9/4/24,0.7,63.6,80.7,62,1.5,64.1
POR31-Iron Horse,9/4/24,1.5,65,87.7,67,6.3,74.3
619Line-Sierra Valley West,9/4/24,3.6,65.1,87,75,7,66.9
SQV8200-Squaw Valley,9/4/24,1.7,61,80.9,79,5.8,74
CEM41-Garbage Pit Rd,9/4/24,6,68.2,87,61,4.7,74.6
CAL204-Dog Valley,9/4/24,3.5,68,86.5,50,7.4,75.2
TRK7203-Northstar Golf Course,9/4/24,2.7,60,84.1,89,11.7,70.1
Hobart Sub,9/4/24,1,60.6,85.3,84,4.8,70.8
SRB51-Smithneck Rd,9/4/24,4.2,69.2,86.2,52,13.4,75.6
TRK7202-Cabin Tree,9/4/24,1.8,63.3,81.2,62,6,71
Muller1296-Emigrant Trail,9/4/24,6.1,69.2,83.6,54,0.4,82.1
STL3101 Ledge Ct.,9/4/24,1.4,66.1,77.1,67,1.6,70.3
TAH7300-Homewood,9/4/24,0.5,63.4,78.8,79,5.1,67.5
7400-Glenshire,9/4/24,1.6,60.9,83.9,78,1.9,70.7
MEY3300-Grass Lake Road,9/4/24,1.2,60.2,78.6,78,4.4,60.4
WSH201-Floriston,9/4/24,2.8,66.1,85.8,67,9,78.6
Washoe204-Fariad,9/4/24,6.7,67.2,84.5,65,7.1,69.6
MEY3400-Camp Richardson,9/4/24,1.7,62.2,79.4,72,2.5,70.2
MEY3500-STPD Office,9/4/24,1.1,59.4,79.4,76,6.4,75.8
621Line-I-80 Gravel Pit,9/4/24,1.7,61.8,85.2,82,2.8,76.2
7201-Alpine Meadows,9/4/24,1.2,61.8,80.4,75,8.5,70.4
MUL1296-Markleeville,9/4/24,0,63.1,85.3,76,3.1,73.4
TPZ1261-Eastside Lane,9/4/24,9.5,71.3,84.2,37,3.3,79.6
MEY3300-Tolteca,9/4/24,1.5,65.4,79.4,55,,
TAH-5201 Lake Forest,9/4/24,0.8,63.6,80.1,58,6.6,66
Tahoe-7300 Sugar Pine Point,9/4/24,0.9,63.8,79.2,62,3.5,70.8
SOK-257 Reno Park,9/4/24,7,70.2,85.2,41,7.5,73.5
SMP8700-Firecamp,9/4/24,1,61.5,84.1,75,,
TAH5201-Fairway,9/4/24,0.8,62,78.5,64,,
TPZ1261 Cunningham,9/4/24,5.4,69,86.5,62,,
MUL1296-Sorensens,9/4/24,1.2,57,77.8,78,,
POR32 4th Avenue,9/4/24,1.9,64.6,87.4,69,9.6,72.6
GLS7600-Walden,9/3/24,1.2,64.6,76.7,43,8.9,70
TAH7300-DL Bliss,9/3/24,1.7,64,74.6,64,1.7,72.5
MUL1296-Woodfords,9/3/24,3.8,69.4,83.3,46,0.2,76.9
BKY4201-Summit,9/3/24,1.6,,,100,6.4,67.6
TPZ1261–Park Ranch,9/3/24,3.8,73,88.3,66,4.4,75.4
TPZ1261-Walker,9/3/24,6,70.4,85.7,55,4.5,72.2
Meyers3400-Uplands,9/3/24,4.9,65.3,75.6,54,2,66.3
111Line-Columbine Trail,9/3/24,1.6,62.1,78.8,64,1.6,64.2
POR31-Iron Horse,9/3/24,1.9,60.5,82.9,55,6.3,73.4
619Line-Sierra Valley West,9/3/24,4.1,60.8,84.4,60,7,65.7
SQV8200-Squaw Valley,9/3/24,2.8,58.7,76.7,74,5.8,73.6
CEM41-Garbage Pit Rd,9/3/24,5.2,63.6,84.2,59,4.7,74.3
CAL204-Dog Valley,9/3/24,3.3,66.5,85.6,51,7.5,75.5
TRK7203-Northstar Golf Course,9/3/24,3.7,57.5,80.2,81,11.6,69.6
Hobart Sub,9/3/24,1.6,57.9,80.8,71,4.8,70.2
SRB51-Smithneck Rd,9/3/24,4.8,64.3,83.6,52,13.4,75.3
TRK7202-Cabin Tree,9/3/24,2.3,60.3,76.9,60,6,70.8
Muller1296-Emigrant Trail,9/3/24,5.8,68.8,87.2,52,0.4,81.5
STL3101 Ledge Ct.,9/3/24,1.4,64.9,78.3,63,1.6,69.9
TAH7300-Homewood,9/3/24,1.3,61.6,77.7,67,5.2,67.6
7400-Glenshire,9/3/24,2.6,58.7,80.8,70,1.9,70.8
MEY3300-Grass Lake Road,9/3/24,1.6,59.3,77.4,84,4.4,60
WSH201-Floriston,9/3/24,2.3,63.5,83,62,9.2,77.7
Washoe204-Fariad,9/3/24,4.2,65,83.8,58,7.1,70.1
MEY3400-Camp Richardson,9/3/24,2.5,61.7,79.4,75,2.5,70.3
MEY3500-STPD Office,9/3/24,1.4,59.2,79.1,78,6.4,75.6
621Line-I-80 Gravel Pit,9/3/24,2,59.3,81.4,78,2.8,75.6
7201-Alpine Meadows,9/3/24,1.7,59.6,77.4,74,8.6,70.4
MUL1296-Markleeville,9/3/24,0.5,63.7,84.4,75,3.1,73.8
TPZ1261-Eastside Lane,9/3/24,7.1,72.6,86,45,3.4,79.7
MEY3300-Tolteca,9/3/24,1.9,64.3,78.8,57,,
TAH-5201 Lake Forest,9/3/24,1.2,61.7,78.6,57,6.6,66.4
Tahoe-7300 Sugar Pine Point,9/3/24,1,62,79,66,3.5,70.2
SOK-257 Reno Park,9/3/24,6.1,66.6,84.4,45,7.5,73.6
SMP8700-Firecamp,9/3/24,1,58.4,81.5,76,,
TAH5201-Fairway,9/3/24,1.6,60,76.7,64,,
TPZ1261 Cunningham,9/3/24,4.6,68.7,87,67,,
MUL1296-Sorensens,9/3/24,1.6,57.5,76.7,72,,
POR32 4th Avenue,9/3/24,1.9,59.9,84.5,66,9.6,72.3
GLS7600-Walden,9/2/24,2.8,65.8,74.6,47,9.1,71
TAH7300-DL Bliss,9/2/24,3.4,66,72.5,46,1.6,73.6
MUL1296-Woodfords,9/2/24,9.7,72.8,81.9,41,0.2,77.8
BKY4201-Summit,9/2/24,2.9,,,100,6.5,69
TPZ1261–Park Ranch,9/2/24,8.6,76.5,85,55,4.4,76.3
TPZ1261-Walker,9/2/24,12.7,73.9,81.8,44,4.5,72.8
Meyers3400-Uplands,9/2/24,11.9,65,71.7,42,2,66.7
111Line-Columbine Trail,9/2/24,3.3,66.2,76.5,48,1.6,65
POR31-Iron Horse,9/2/24,3.1,65.9,80.3,57,6.6,75.5
619Line-Sierra Valley West,9/2/24,11.3,69.4,81.1,49,7.2,68.4
SQV8200-Squaw Valley,9/2/24,5.5,64.6,74.7,53,5.8,75.4
CEM41-Garbage Pit Rd,9/2/24,10.6,71.7,81.5,37,4.7,75.7
CAL204-Dog Valley,9/2/24,6.9,74.6,83.6,34,7.5,77.5
TRK7203-Northstar Golf Course,9/2/24,9,66.5,78.1,58,11.8,71.7
Hobart Sub,9/2/24,3.1,63.1,78.6,64,4.9,71.6
SRB51-Smithneck Rd,9/2/24,8.5,70.9,81.2,40,13.4,75.5
TRK7202-Cabin Tree,9/2/24,4.6,64.6,74,50,6.1,72.3
Muller1296-Emigrant Trail,9/2/24,12.6,74.7,84.4,44,0.4,83.9
STL3101 Ledge Ct.,9/2/24,3.3,66.3,76.3,46,1.6,70.8
TAH7300-Homewood,9/2/24,2.9,65.8,75.1,48,5.2,68.3
7400-Glenshire,9/2/24,4,65.5,78.2,53,1.9,72.2
MEY3300-Grass Lake Road,9/2/24,1.8,61.1,76.2,71,4.4,60.5
WSH201-Floriston,9/2/24,8.4,69.2,80.7,50,9.3,78.1
Washoe204-Fariad,9/2/24,10.7,73,81.6,41,7.2,71.5
MEY3400-Camp Richardson,9/2/24,4.3,66.8,76.2,49,2.5,70.7
MEY3500-STPD Office,9/2/24,2.1,62.9,77.5,66,6.5,76.3
621Line-I-80 Gravel Pit,9/2/24,5.8,62.9,78.7,73,2.9,76.9
7201-Alpine Meadows,9/2/24,2.7,64.3,74.7,55,8.8,72.3
MUL1296-Markleeville,9/2/24,1.3,67.3,81.4,65,3.1,74.9
TPZ1261-Eastside Lane,9/2/24,11.1,75.8,83.5,35,3.5,80.5
MEY3300-Tolteca,9/2/24,3.9,67,75.9,43,,
TAH-5201 Lake Forest,9/2/24,2.1,64.2,75.1,54,6.6,68
Tahoe-7300 Sugar Pine Point,9/2/24,1.4,65.6,78,45,3.5,71.8
SOK-257 Reno Park,9/2/24,13.5,72.4,82.3,37,7.5,75.5
SMP8700-Firecamp,9/2/24,2.5,62.2,78.8,64,,
TAH5201-Fairway,9/2/24,3.4,64.2,74.2,52,,
TPZ1261 Cunningham,9/2/24,8.8,73.7,84.2,52,,
MUL1296-Sorensens,9/2/24,1.9,58.8,74.1,68,,
POR32 4th Avenue,9/2/24,3.4,64.4,80.9,59,9.7,74.7
GLS7600-Walden,9/1/24,1.9,68.6,79.4,35,9.3,70.7
TAH7300-DL Bliss,9/1/24,2.1,67.5,77.9,64,1.6,73.7
MUL1296-Woodfords,9/1/24,10.4,74.8,85,37,0.2,77.2
BKY4201-Summit,9/1/24,2.3,,,100,6.5,68.9
TPZ1261–Park Ranch,9/1/24,6.8,75.5,89.2,77,4.5,75.9
TPZ1261-Walker,9/1/24,9.1,74.6,86.4,47,4.5,73
Meyers3400-Uplands,9/1/24,8.5,67.7,76.4,43,2,66.1
111Line-Columbine Trail,9/1/24,2.1,66.4,81.5,60,1.6,64.4
POR31-Iron Horse,9/1/24,2.4,67.2,86.3,63,6.6,75.2
619Line-Sierra Valley West,9/1/24,5.8,68,86.5,64,7.3,68.7
SQV8200-Squaw Valley,9/1/24,5.5,65,79,72,5.8,74.7
CEM41-Garbage Pit Rd,9/1/24,6.1,70.4,87.2,52,4.7,75.4
CAL204-Dog Valley,9/1/24,5,73.6,89,48,7.5,75.9
TRK7203-Northstar Golf Course,9/1/24,5.2,63.8,83.4,83,11.8,71.2
Hobart Sub,9/1/24,2.2,62.7,84.3,78,4.8,71.8
SRB51-Smithneck Rd,9/1/24,6.8,71.5,86,47,13.4,75.3
TRK7202-Cabin Tree,9/1/24,4,66.1,79.2,51,6.1,71.5
Muller1296-Emigrant Trail,9/1/24,12,75.7,87.8,46,0.4,84
STL3101 Ledge Ct.,9/1/24,2.3,67.8,80.9,52,1.6,70.1
TAH7300-Homewood,9/1/24,2.3,66,80.2,63,5.2,67.4
7400-Glenshire,9/1/24,3.1,64.4,82.8,71,1.8,71.7
MEY3300-Grass Lake Road,9/1/24,1.6,62.6,80.3,79,4.3,59.3
WSH201-Floriston,9/1/24,4.7,68.4,84.5,61,9.5,78.8
Washoe204-Fariad,9/1/24,7.6,70.8,85.5,59,7.2,70.4
MEY3400-Camp Richardson,9/1/24,4.5,65.8,80.8,74,2.5,69.7
MEY3500-STPD Office,9/1/24,1.8,63.4,81.3,74,6.5,75.8
621Line-I-80 Gravel Pit,9/1/24,3.4,63.3,84,79,2.9,77.5
7201-Alpine Meadows,9/1/24,3,65.7,79.8,69,9,71.6
MUL1296-Markleeville,9/1/24,1.1,68.8,85,67,3.1,73.8
TPZ1261-Eastside Lane,9/1/24,11.8,76.3,86.8,35,3.6,80.3
MEY3300-Tolteca,9/1/24,2.8,67.4,80.6,49,,
TAH-5201 Lake Forest,9/1/24,1.3,66.1,80.6,65,6.7,67.6
Tahoe-7300 Sugar Pine Point,9/1/24,1.2,66.1,82.1,69,3.5,70.8
SOK-257 Reno Park,9/1/24,9.2,73.9,87.5,42,7.5,74.7
SMP8700-Firecamp,9/1/24,1.3,62.8,83.7,74,,
TAH5201-Fairway,9/1/24,2.6,64.8,78.6,65,,
TPZ1261 Cunningham,9/1/24,6.9,73,87.8,65,,
MUL1296-Sorensens,9/1/24,1.9,61.2,78.5,70,,
POR32 4th Avenue,9/1/24,2.5,66.5,86.2,66,9.8,74.7
GLS7600-Walden,8/31/24,1,68.4,81.7,35,9.5,70.3
TAH7300-DL Bliss,8/31/24,0.5,67.6,76.9,61,1.6,73.7
MUL1296-Woodfords,8/31/24,4.3,73.2,85.3,36,0.2,76.6
BKY4201-Summit,8/31/24,1.4,,,100,6.5,68.7
TPZ1261–Park Ranch,8/31/24,3.1,75.5,90.5,63,4.6,75.6
TPZ1261-Walker,8/31/24,4.8,73.6,87.2,48,4.5,72.8
Meyers3400-Uplands,8/31/24,3.4,67.5,77.7,61,2,65.5
111Line-Columbine Trail,8/31/24,0.7,64.6,83.1,53,1.6,64
POR31-Iron Horse,8/31/24,1.9,66.9,90.7,59,6.6,74.6
619Line-Sierra Valley West,8/31/24,3.8,67,90.4,66,7.5,69.4
SQV8200-Squaw Valley,8/31/24,2.4,63.3,82.8,62,5.8,74.4
CEM41-Garbage Pit Rd,8/31/24,4.3,69.7,88.9,56,4.8,75.6
CAL204-Dog Valley,8/31/24,3.2,72,90,41,7.4,75.2
TRK7203-Northstar Golf Course,8/31/24,3.3,61.8,85.2,77,11.7,71
Hobart Sub,8/31/24,1.5,62.5,87.8,74,4.8,71.8
SRB51-Smithneck Rd,8/31/24,5.8,70.6,88.4,46,13.4,75.4
TRK7202-Cabin Tree,8/31/24,1.8,65,82.5,48,6.2,71.2
Muller1296-Emigrant Trail,8/31/24,6.5,73.9,87.4,44,0.4,83.8
STL3101 Ledge Ct.,8/31/24,0.7,66.8,77.7,44,1.6,69.6
TAH7300-Homewood,8/31/24,0.8,63.6,81.1,64,5.2,67.3
7400-Glenshire,8/31/24,2.3,62.9,85.7,72,1.8,71.6
MEY3300-Grass Lake Road,8/31/24,1.2,61.5,79,72,4.3,58.4
WSH201-Floriston,8/31/24,2.6,67.7,87.6,62,9.7,79
Washoe204-Fariad,8/31/24,7.2,69.8,88.4,59,7.2,69.7
MEY3400-Camp Richardson,8/31/24,1.8,62.8,80.5,68,2.5,69.7
MEY3500-STPD Office,8/31/24,0.8,60.8,81.2,69,6.5,75.6
621Line-I-80 Gravel Pit,8/31/24,2,63.7,86.8,79,2.9,77.2
7201-Alpine Meadows,8/31/24,1.3,63.7,82.7,64,9.2,71.3
MUL1296-Markleeville,8/31/24,0,66,86.5,64,3.1,73.4
TPZ1261-Eastside Lane,8/31/24,8.9,75,86.3,30,3.6,79.9
MEY3300-Tolteca,8/31/24,1.5,66.8,80.5,45,,
TAH-5201 Lake Forest,8/31/24,0.7,64.5,81.9,60,6.7,67.5
Tahoe-7300 Sugar Pine Point,8/31/24,0.9,64.3,81.4,62,3.5,70.2
SOK-257 Reno Park,8/31/24,6.9,73.2,89.2,38,7.5,74
SMP8700-Firecamp,8/31/24,0.7,62.5,86.5,73,,
TAH5201-Fairway,8/31/24,1.4,62.9,80.2,64,,
TPZ1261 Cunningham,8/31/24,4.4,73,88.9,61,,
MUL1296-Sorensens,8/31/24,2.2,59.3,79.8,66,,
POR32 4th Avenue,8/31/24,1.9,66.6,89.9,69,9.7,74.2
GLS7600-Walden,8/30/24,0.9,68.4,82.9,46,9.8,69.7
TAH7300-DL Bliss,8/30/24,1.1,68.5,78.5,61,1.6,73.8
MUL1296-Woodfords,8/30/24,4,72.6,87.5,37,0.2,75.7
BKY4201-Summit,8/30/24,1.3,,,100,6.5,68.1
TPZ1261–Park Ranch,8/30/24,3.8,74.2,89.3,71,4.6,75.1
TPZ1261-Walker,8/30/24,5.7,72.7,87,53,4.5,72.1
Meyers3400-Uplands,8/30/24,2.9,68,77.8,44,2,65.6
111Line-Columbine Trail,8/30/24,0.9,64.4,83,56,1.6,64.1
POR31-Iron Horse,8/30/24,1.9,67.5,91.9,81,6.6,75.3
619Line-Sierra Valley West,8/30/24,3.3,67.6,91.1,80,7.5,68.9
SQV8200-Squaw Valley,8/30/24,2.4,62.9,82.6,79,5.8,73.9
CEM41-Garbage Pit Rd,8/30/24,4.6,70.3,91,59,4.8,75.4
CAL204-Dog Valley,8/30/24,3.3,71.2,89.9,49,7.4,74.5
TRK7203-Northstar Golf Course,8/30/24,3.2,61.8,85.2,90,11.7,71.1
Hobart Sub,8/30/24,1.4,62.8,87.4,87,4.8,71.5
SRB51-Smithneck Rd,8/30/24,5.8,70.6,89.8,45,13.4,75
TRK7202-Cabin Tree,8/30/24,1.9,64.8,83,61,6.2,70.5
Muller1296-Emigrant Trail,8/30/24,6.9,72.1,87,51,0.4,83.5
STL3101 Ledge Ct.,8/30/24,1.5,67.6,80.1,43,1.7,69.2
TAH7300-Homewood,8/30/24,1.1,65.1,81.3,62,5.3,66.9
7400-Glenshire,8/30/24,2.3,63.2,86.2,82,1.8,71.2
MEY3300-Grass Lake Road,8/30/24,1.8,61.7,81.5,74,4.3,59.2
WSH201-Floriston,8/30/24,2.3,67.9,88.9,68,9.8,79.4
Washoe204-Fariad,8/30/24,6.9,69.4,87.9,66,7.2,69
MEY3400-Camp Richardson,8/30/24,2.1,63.4,81.3,69,2.5,69.2
MEY3500-STPD Office,8/30/24,1,60.7,81,75,6.5,75.8
621Line-I-80 Gravel Pit,8/30/24,2.1,64,87.2,85,2.9,76.6
7201-Alpine Meadows,8/30/24,1.4,63.5,83.3,74,9.4,70.7
MUL1296-Markleeville,8/30/24,0.1,65.7,89,72,3.1,73.4
TPZ1261-Eastside Lane,8/30/24,9.1,74,88.2,31,3.8,80.4
MEY3300-Tolteca,8/30/24,1.8,66.9,82.8,50,,
TAH-5201 Lake Forest,8/30/24,0.7,65.2,83.8,54,6.7,67.2
Tahoe-7300 Sugar Pine Point,8/30/24,1,65.2,83.7,62,3.5,70.7
SOK-257 Reno Park,8/30/24,7,72.9,89.4,38,,73.2
SMP8700-Firecamp,8/30/24,0.7,63.5,87.7,74,,
TAH5201-Fairway,8/30/24,1.6,64,81.4,68,,
TPZ1261 Cunningham,8/30/24,5.5,72,89.5,63,,
MUL1296-Sorensens,8/30/24,1.8,58.6,81.1,70,,
POR32 4th Avenue,8/30/24,2.1,67.1,91.2,84,9.7,73.7
GLS7600-Walden,8/29/24,0.7,67,82.7,44,10,68
TAH7300-DL Bliss,8/29/24,0.8,67.6,78.5,63,1.5,72.4
MUL1296-Woodfords,8/29/24,2.1,71.1,86.4,41,0.2,75.2
BKY4201-Summit,8/29/24,1.1,,,100,6.5,67.3
TPZ1261–Park Ranch,8/29/24,4.5,73,86,70,4.7,75.1
TPZ1261-Walker,8/29/24,5.8,71.4,84.4,45,4.5,71.8
Meyers3400-Uplands,8/29/24,3.1,66.9,78.3,57,2,65
111Line-Columbine Trail,8/29/24,0.7,63.9,82.3,59,1.6,63.8
POR31-Iron Horse,8/29/24,1.6,66.5,89.8,74,6.4,74.1
619Line-Sierra Valley West,8/29/24,2.8,65.7,88.5,81,7.4,67.7
SQV8200-Squaw Valley,8/29/24,2.5,62.3,81.9,80,5.8,73.1
CEM41-Garbage Pit Rd,8/29/24,4.2,69,88.1,67,4.7,74.4
CAL204-Dog Valley,8/29/24,2.7,68.7,87.6,59,7.3,73.8
TRK7203-Northstar Golf Course,8/29/24,2.6,61.4,86.5,90,11.6,69.9
Hobart Sub,8/29/24,0.8,61.7,86.1,84,4.7,70.3
SRB51-Smithneck Rd,8/29/24,5.8,69.4,88,55,13.4,74
TRK7202-Cabin Tree,8/29/24,1.6,63.8,82.5,62,6.2,68.9
Muller1296-Emigrant Trail,8/29/24,6.8,70.6,84.3,52,0.4,84.1
STL3101 Ledge Ct.,8/29/24,1.2,65.8,77.8,60,1.7,68.1
TAH7300-Homewood,8/29/24,0.8,63.6,80.7,73,5.3,66.1
7400-Glenshire,8/29/24,2.2,62.4,85.6,81,1.7,70.3
MEY3300-Grass Lake Road,8/29/24,1.6,60.8,80.3,80,4.3,59.1
WSH201-Floriston,8/29/24,3.2,66.3,86.4,70,9.9,77.8
Washoe204-Fariad,8/29/24,6.7,67.3,85.4,68,7.2,68.6
MEY3400-Camp Richardson,8/29/24,1.8,62.6,80.6,73,2.4,68.4
MEY3500-STPD Office,8/29/24,0.9,60.3,80.9,77,6.6,75.5
621Line-I-80 Gravel Pit,8/29/24,1.8,63.2,87,84,2.8,75.1
7201-Alpine Meadows,8/29/24,1.4,62.7,82.4,78,9.6,69.8
MUL1296-Markleeville,8/29/24,0,65.2,86.2,71,3.1,73
TPZ1261-Eastside Lane,8/29/24,9.6,71.9,87.6,38,3.9,79.7
MEY3300-Tolteca,8/29/24,1.7,65.8,81,54,,
TAH-5201 Lake Forest,8/29/24,0.6,64.4,82.8,59,6.7,66.2
Tahoe-7300 Sugar Pine Point,8/29/24,0.8,64.6,82,67,3.5,69.8
SOK-257 Reno Park,8/29/24,6.5,70.8,86.5,44,7.5,72.3
SMP8700-Firecamp,8/29/24,0.8,62.2,86.4,82,,
TAH5201-Fairway,8/29/24,1.1,63,80.1,63,,
TPZ1261 Cunningham,8/29/24,5.7,69.9,87.5,66,,
MUL1296-Sorensens,8/29/24,1.2,58.7,79.5,75,,
POR32 4th Avenue,8/29/24,1.4,65.6,90.1,79,9.6,72.2
GLS7600-Walden,8/28/24,0.9,65.7,80.1,41,10.3,66.4
TAH7300-DL Bliss,8/28/24,0.8,64.8,75.3,64,1.5,70.5
MUL1296-Woodfords,8/28/24,4,70.9,84.8,44,0.2,74.6
BKY4201-Summit,8/28/24,1.5,,,100,6.5,66.3
TPZ1261–Park Ranch,8/28/24,3.8,73.7,87.3,70,4.8,74.7
TPZ1261-Walker,8/28/24,5.1,71.5,84.1,53,4.5,71
Meyers3400-Uplands,8/28/24,2.9,65.3,76.6,67,2,63.7
111Line-Columbine Trail,8/28/24,0.7,62.4,80.1,59,1.6,63.1
POR31-Iron Horse,8/28/24,1.9,63.3,85.9,80,6.1,72.4
619Line-Sierra Valley West,8/28/24,3.8,63.9,86.8,87,7.4,66.5
SQV8200-Squaw Valley,8/28/24,2.5,60.6,80.2,73,5.8,72.1
CEM41-Garbage Pit Rd,8/28/24,4.9,66.4,86.5,72,4.7,73.4
CAL204-Dog Valley,8/28/24,3,68.6,88.5,53,7.3,72.6
TRK7203-Northstar Golf Course,8/28/24,2.9,59.4,82.7,84,11.4,68.4
Hobart Sub,8/28/24,1.4,59.6,83.8,86,4.7,69.2
SRB51-Smithneck Rd,8/28/24,5.7,66.6,85.8,59,13.3,72.9
TRK7202-Cabin Tree,8/28/24,1.6,61.8,79.5,57,6.2,67.4
Muller1296-Emigrant Trail,8/28/24,5.7,70.4,84.9,50,0.4,84
STL3101 Ledge Ct.,8/28/24,1.1,64.3,76.2,47,1.7,66.8
TAH7300-Homewood,8/28/24,1.1,61.3,79.3,66,5.3,65.2
7400-Glenshire,8/28/24,2.1,60.4,82.9,81,1.7,69.5
MEY3300-Grass Lake Road,8/28/24,1.6,59.7,79,79,4.3,58.5
WSH201-Floriston,8/28/24,2.2,65.2,86.2,69,10.1,76.5
Washoe204-Fariad,8/28/24,5.3,67.1,86.5,68,7.2,67.8
MEY3400-Camp Richardson,8/28/24,2.1,60.9,79.6,79,2.4,67.5
MEY3500-STPD Office,8/28/24,1.1,59.3,79.2,80,6.6,74.8
621Line-I-80 Gravel Pit,8/28/24,1.9,61.3,84.4,86,2.8,74.1
7201-Alpine Meadows,8/28/24,1.1,60.9,79.9,73,9.8,68.8
MUL1296-Markleeville,8/28/24,0,65.1,86.9,74,3.1,72.2
TPZ1261-Eastside Lane,8/28/24,8.5,72.5,86.1,40,4,79.3
MEY3300-Tolteca,8/28/24,1.8,64.5,79.6,54,,
TAH-5201 Lake Forest,8/28/24,0.8,61.4,79.8,66,6.7,65.1
Tahoe-7300 Sugar Pine Point,8/28/24,0.9,62.2,80.6,63,3.4,68.3
SOK-257 Reno Park,8/28/24,6.6,69.4,86,51,7.4,71.2
SMP8700-Firecamp,8/28/24,0.6,60.3,84.4,79,,
TAH5201-Fairway,8/28/24,1.3,60.3,78.8,77,,
TPZ1261 Cunningham,8/28/24,5.2,70.2,87.7,76,,
MUL1296-Sorensens,8/28/24,1.9,58.1,78.5,75,,
POR32 4th Avenue,8/28/24,1.9,63.1,86.7,86,9.6,71.2
GLS7600-Walden,8/27/24,1,63.8,78.8,61,10.6,64.9
TAH7300-DL Bliss,8/27/24,1.1,63.3,74.8,69,1.4,68.3
MUL1296-Woodfords,8/27/24,4.3,68.8,84.6,47,0.2,73
BKY4201-Summit,8/27/24,1.6,,,100,6.4,64.6
TPZ1261–Park Ranch,8/27/24,3.5,71.1,88.7,68,4.8,72.4
TPZ1261-Walker,8/27/24,5.2,69.6,84.8,55,4.5,69.7
Meyers3400-Uplands,8/27/24,3.1,63.9,76.1,52,2,62.3
111Line-Columbine Trail,8/27/24,0.8,61.3,79.5,62,1.6,62
POR31-Iron Horse,8/27/24,1.9,63,83.6,93,5.9,71.5
619Line-Sierra Valley West,8/27/24,3.6,63.6,85.4,93,7.3,65.1
SQV8200-Squaw Valley,8/27/24,2.7,59.5,78.3,90,5.8,70.6
CEM41-Garbage Pit Rd,8/27/24,4.7,65.3,85,82,4.7,71.9
CAL204-Dog Valley,8/27/24,3.2,67.6,88.1,66,7.2,70.3
TRK7203-Northstar Golf Course,8/27/24,3,58.4,81.6,96,11.2,67
Hobart Sub,8/27/24,1.5,59.1,81.9,100,4.6,68
SRB51-Smithneck Rd,8/27/24,5.3,65.6,84.3,71,13.2,71.7
TRK7202-Cabin Tree,8/27/24,1.8,60.6,77.8,78,6.2,65.5
Muller1296-Emigrant Trail,8/27/24,5.7,69,85,52,0.4,82.4
STL3101 Ledge Ct.,8/27/24,1,63,75.1,68,1.7,64.7
TAH7300-Homewood,8/27/24,1.4,60.8,77.8,78,5.3,64.1
7400-Glenshire,8/27/24,2.6,59.3,81.2,94,1.6,68.4
MEY3300-Grass Lake Road,8/27/24,1.5,59.3,77.3,83,4.3,57.4
WSH201-Floriston,8/27/24,2.6,63.9,84.7,79,10.2,74.7
Washoe204-Fariad,8/27/24,7,66.3,85.6,79,7.2,65.5
MEY3400-Camp Richardson,8/27/24,2.3,59.7,78.7,79,2.4,66.3
MEY3500-STPD Office,8/27/24,1,58.3,78.3,83,6.6,73.5
621Line-I-80 Gravel Pit,8/27/24,1.9,60.5,82.5,94,2.7,72.2
7201-Alpine Meadows,8/27/24,1.8,60,78.4,88,10.2,67.2
MUL1296-Markleeville,8/27/24,0.1,64.2,86.8,77,3.1,70.1
TPZ1261-Eastside Lane,8/27/24,8.6,70.9,85.8,37,4.1,77
MEY3300-Tolteca,8/27/24,1.9,63.5,78.6,57,,
TAH-5201 Lake Forest,8/27/24,1.1,60.4,78.6,67,6.6,63.5
Tahoe-7300 Sugar Pine Point,8/27/24,1,61.1,80.2,69,3.4,66.6
SOK-257 Reno Park,8/27/24,6.6,68.3,84.9,52,7.4,68.8
SMP8700-Firecamp,8/27/24,0.9,59.4,82.9,91,,
TAH5201-Fairway,8/27/24,1.9,59.2,76.8,82,,
TPZ1261 Cunningham,8/27/24,4.2,67.8,87.7,75,,
MUL1296-Sorensens,8/27/24,2.3,56.8,77.5,78,,
POR32 4th Avenue,8/27/24,2,62.9,85.1,94,9.5,69.9
GLS7600-Walden,8/26/24,0.5,57.6,74,70,10.4,61.5
TAH7300-DL Bliss,8/26/24,0.4,58.2,67.9,65,1.3,63.9
MUL1296-Woodfords,8/26/24,2.4,60.9,77,58,0.2,71.7
BKY4201-Summit,8/26/24,1.3,,,100,6.4,61.8
TPZ1261–Park Ranch,8/26/24,5.1,64.3,78.8,76,4.8,70
TPZ1261-Walker,8/26/24,4.8,61.9,76.7,66,4.5,68.6
Meyers3400-Uplands,8/26/24,2.1,58.8,70,54,1.9,60
111Line-Columbine Trail,8/26/24,0.6,56.3,74.2,70,1.6,60.4
POR31-Iron Horse,8/26/24,1.6,58.8,80.5,92,5.6,68.7
619Line-Sierra Valley West,8/26/24,2.3,58.5,79.8,95,7.1,61.3
SQV8200-Squaw Valley,8/26/24,1.9,55,76.1,95,5.8,66.9
CEM41-Garbage Pit Rd,8/26/24,3.5,60.9,79.2,85,4.6,69
CAL204-Dog Valley,8/26/24,2.4,59.6,78.6,82,7,67.4
TRK7203-Northstar Golf Course,8/26/24,1.9,54,77.5,97,10.9,63.7
Hobart Sub,8/26/24,0.9,53.9,77.6,100,4.5,65
SRB51-Smithneck Rd,8/26/24,4.3,60.8,78.5,78,13,70.1
TRK7202-Cabin Tree,8/26/24,1.6,55.4,75.3,91,6.1,62.4
Muller1296-Emigrant Trail,8/26/24,6.3,61.5,76.4,58,0.4,77.8
STL3101 Ledge Ct.,8/26/24,1.1,57.7,70.5,56,1.6,61.6
TAH7300-Homewood,8/26/24,0.4,55.3,71.5,85,5.3,62.6
7400-Glenshire,8/26/24,1.6,54.5,77.5,96,1.6,66.3
MEY3300-Grass Lake Road,8/26/24,1.3,54.4,72.4,83,4.3,55.4
WSH201-Floriston,8/26/24,2.4,57.3,78.3,89,10.5,69.8
Washoe204-Fariad,8/26/24,4.4,58.3,76.6,90,7.2,62.6
MEY3400-Camp Richardson,8/26/24,1.6,55,72.5,82,2.4,64.8
MEY3500-STPD Office,8/26/24,0.9,53.3,74,89,6.5,71.3
621Line-I-80 Gravel Pit,8/26/24,1.3,55.6,78.1,96,2.5,68.8
7201-Alpine Meadows,8/26/24,1.4,55.3,75.5,96,10.7,63.8
MUL1296-Markleeville,8/26/24,0,56.5,78.4,84,3.1,67.5
TPZ1261-Eastside Lane,8/26/24,8.3,62.7,77.8,52,4.2,73.3
MEY3300-Tolteca,8/26/24,1.5,58.6,72.7,62,,
TAH-5201 Lake Forest,8/26/24,1,55.8,70.8,71,6.6,60.8
Tahoe-7300 Sugar Pine Point,8/26/24,1,56.4,70.4,78,3.3,63.1
SOK-257 Reno Park,8/26/24,6.3,61.9,77.7,62,7.3,65.4
SMP8700-Firecamp,8/26/24,0.5,54.6,77.1,96,,
TAH5201-Fairway,8/26/24,1,54.3,69.2,84,,
TPZ1261 Cunningham,8/26/24,4.7,61,79.4,82,,
MUL1296-Sorensens,8/26/24,1.1,50.3,70.6,86,,
POR32 4th Avenue,8/26/24,1.6,58.9,81.1,94,9.3,66.1
GLS7600-Walden,8/25/24,0.4,45.4,61.7,97,9.3,57.8
TAH7300-DL Bliss,8/25/24,0.6,49.2,58.6,88,1.3,60.7
MUL1296-Woodfords,8/25/24,2.3,52.7,67,77,0.2,71.5
BKY4201-Summit,8/25/24,1.1,,,100,6.3,59.3
TPZ1261–Park Ranch,8/25/24,4.8,56.3,69.5,88,4.8,68.8
TPZ1261-Walker,8/25/24,5.1,53.8,66.6,83,4.5,68.5
Meyers3400-Uplands,8/25/24,2.7,48.9,59.5,90,1.9,58.3
111Line-Columbine Trail,8/25/24,0.8,48.1,62.8,97,1.5,59.5
POR31-Iron Horse,8/25/24,1.3,49.2,68.4,98,5.3,64.8
619Line-Sierra Valley West,8/25/24,2.7,49.7,68,99,6.8,57.3
SQV8200-Squaw Valley,8/25/24,1.4,46.2,64.4,98,5.9,63
CEM41-Garbage Pit Rd,8/25/24,3.9,51,69.1,97,4.5,66
CAL204-Dog Valley,8/25/24,2.7,51.5,68.4,94,6.9,65
TRK7203-Northstar Golf Course,8/25/24,2.8,46.3,65.9,98,10.6,60.3
Hobart Sub,8/25/24,1,47.1,65.6,100,4.4,62
SRB51-Smithneck Rd,8/25/24,5.1,51,67.5,95,12.8,69.3
TRK7202-Cabin Tree,8/25/24,1.1,44.6,62.5,99,6.1,59.7
Muller1296-Emigrant Trail,8/25/24,4.6,52.7,66.7,84,0.3,71.6
STL3101 Ledge Ct.,8/25/24,1.2,48.3,59.4,88,1.6,59
TAH7300-Homewood,8/25/24,0.6,47.9,62.5,98,5.2,61.5
7400-Glenshire,8/25/24,1.9,47.3,65.3,98,1.5,64.5
MEY3300-Grass Lake Road,8/25/24,1.5,46.3,62.5,97,4.3,53.9
WSH201-Floriston,8/25/24,2.7,49.6,66.4,93,11.4,64.4
Washoe204-Fariad,8/25/24,7.2,51.2,65.2,93,7.3,61.2
MEY3400-Camp Richardson,8/25/24,2,47.4,62.3,99,2.4,65.4
MEY3500-STPD Office,8/25/24,1,46.4,63.1,96,6.5,68.8
621Line-I-80 Gravel Pit,8/25/24,2,48.7,66.2,96,2.3,65.6
7201-Alpine Meadows,8/25/24,1.2,45.8,63.9,99,11.5,60.6
MUL1296-Markleeville,8/25/24,0,50,68.4,94,3.1,66
TPZ1261-Eastside Lane,8/25/24,7,54.4,66.8,79,4.2,70.3
MEY3300-Tolteca,8/25/24,1.5,49,62,92,,
TAH-5201 Lake Forest,8/25/24,1,47.6,62.3,91,6.5,58
Tahoe-7300 Sugar Pine Point,8/25/24,0.9,48.7,61.9,97,3.2,59.6
SOK-257 Reno Park,8/25/24,5.7,51.9,66.8,89,7.1,62.7
SMP8700-Firecamp,8/25/24,0.7,48.3,65.1,97,,
TAH5201-Fairway,8/25/24,1,45.9,62.1,96,,
TPZ1261 Cunningham,8/25/24,4.7,53,68.7,92,,
MUL1296-Sorensens,8/25/24,1,43.4,60.7,90,,
POR32 4th Avenue,8/25/24,1.9,50.5,68.7,98,9.2,63
GLS7600-Walden,8/24/24,1.2,38.7,43.3,97,7,58.8
TAH7300-DL Bliss,8/24/24,2.5,43.2,49.8,94,1.3,64.2
MUL1296-Woodfords,8/24/24,10.1,51.2,58.8,75,0.2,73.6
BKY4201-Summit,8/24/24,2.7,,,100,6.3,62.5
TPZ1261–Park Ranch,8/24/24,9,58,66.2,81,4.9,70.8
TPZ1261-Walker,8/24/24,7.4,54.6,65.2,78,4.5,69.6
Meyers3400-Uplands,8/24/24,9.7,42.1,47.6,94,1.9,60.6
111Line-Columbine Trail,8/24/24,2.1,43.7,52,96,1.6,62.1
POR31-Iron Horse,8/24/24,1.2,44.1,50.9,97,5.3,66.2
619Line-Sierra Valley West,8/24/24,5.6,45.4,50.7,97,7,59
SQV8200-Squaw Valley,8/24/24,6.9,40.6,45,97,6.3,64.8
CEM41-Garbage Pit Rd,8/24/24,5.1,46.1,51.6,91,4.6,69.3
CAL204-Dog Valley,8/24/24,5.4,46.9,52.6,92,7.1,70.4
TRK7203-Northstar Golf Course,8/24/24,5.4,42.8,48.3,96,10.6,61.8
Hobart Sub,8/24/24,0.9,41,47.2,99,4.5,63.5
SRB51-Smithneck Rd,8/24/24,4.2,45.1,51.1,93,12.9,72.9
TRK7202-Cabin Tree,8/24/24,1.8,38.9,44.2,98,6.2,65
Muller1296-Emigrant Trail,8/24/24,14.5,53.4,62.9,75,0.3,69.2
STL3101 Ledge Ct.,8/24/24,3.1,43.1,52.4,94,1.7,61.6
TAH7300-Homewood,8/24/24,3.2,41.6,46.6,97,5.3,63.4
7400-Glenshire,8/24/24,2.7,42.4,47.4,96,1.5,67.8
MEY3300-Grass Lake Road,8/24/24,2,44.1,52,96,4.3,56.6
WSH201-Floriston,8/24/24,3,45,51.5,94,8.7,65.5
Washoe204-Fariad,8/24/24,7.2,46,50.7,94,5.2,66.3
MEY3400-Camp Richardson,8/24/24,4.8,44.8,52.1,98,2.5,68.7
MEY3500-STPD Office,8/24/24,2.3,44.9,53,94,6.6,70.4
621Line-I-80 Gravel Pit,8/24/24,2.5,43.1,47.3,93,2.2,68.5
7201-Alpine Meadows,8/24/24,3.4,40.2,46.1,98,7.8,62.4
MUL1296-Markleeville,8/24/24,2,49.9,59.7,92,3.1,68.1
TPZ1261-Eastside Lane,8/24/24,10.9,55.2,65.6,72,4.1,71.5
MEY3300-Tolteca,8/24/24,5.3,43.2,49.4,92,,
TAH-5201 Lake Forest,8/24/24,1.9,42.2,49.9,91,6.6,61.6
Tahoe-7300 Sugar Pine Point,8/24/24,1.2,42.8,52.4,96,3.3,61.8
SOK-257 Reno Park,8/24/24,7.8,45.5,50.6,90,6.9,66.7
SMP8700-Firecamp,8/24/24,1.2,40.9,46.2,96,,
TAH5201-Fairway,8/24/24,2.6,41.5,49.4,95,,
TPZ1261 Cunningham,8/24/24,7.7,55.3,65.4,87,,
MUL1296-Sorensens,8/24/24,2.1,43.4,52.9,90,,
POR32 4th Avenue,8/24/24,1.4,45,51.4,96,9.4,66
GLS7600-Walden,8/23/24,3.5,47.2,54.6,62,7,67.6
TAH7300-DL Bliss,8/23/24,4.9,49.2,54.8,55,1.4,68.6
MUL1296-Woodfords,8/23/24,12.2,58.3,64.9,47,0.2,75.8
BKY4201-Summit,8/23/24,4.4,,,100,6.4,66.6
TPZ1261–Park Ranch,8/23/24,11.5,65.4,72.1,40,5,72.4
TPZ1261-Walker,8/23/24,11.9,61.9,69.8,44,4.6,71
Meyers3400-Uplands,8/23/24,15.9,47.7,54,63,2,64
111Line-Columbine Trail,8/23/24,3.8,50.4,58.8,70,1.6,64.3
POR31-Iron Horse,8/23/24,4.2,52.2,58.4,63,5.6,72.3
619Line-Sierra Valley West,8/23/24,10.3,53.8,59.4,62,7.3,63.6
SQV8200-Squaw Valley,8/23/24,8.6,47.7,54.1,76,5.5,70.6
CEM41-Garbage Pit Rd,8/23/24,13.4,55,62.4,55,4.7,73.4
CAL204-Dog Valley,8/23/24,7.6,56.8,63.6,52,7.3,75.1
TRK7203-Northstar Golf Course,8/23/24,11.3,51.3,57.4,60,11,66.9
Hobart Sub,8/23/24,5,50.2,57.9,67,4.6,68.5
SRB51-Smithneck Rd,8/23/24,7.3,54.2,61.4,57,13.1,75
TRK7202-Cabin Tree,8/23/24,5.8,48.4,55.7,62,6,69.7
Muller1296-Emigrant Trail,8/23/24,18.9,60.5,67.5,46,0.3,74
STL3101 Ledge Ct.,8/23/24,4.2,48.9,57.5,68,1.8,65.3
TAH7300-Homewood,8/23/24,5.1,48.5,53.7,73,5.1,68
7400-Glenshire,8/23/24,5,51.5,58.1,62,1.6,71.3
MEY3300-Grass Lake Road,8/23/24,4.2,51.5,58.2,65,4.3,59
WSH201-Floriston,8/23/24,11.4,55.3,61.2,52,4.9,75.1
Washoe204-Fariad,8/23/24,13.1,55.8,61.6,54,4.5,70.3
MEY3400-Camp Richardson,8/23/24,8.5,51.3,57.8,65,2.5,70.8
MEY3500-STPD Office,8/23/24,3.5,51.6,59.3,65,6.7,73.5
621Line-I-80 Gravel Pit,8/23/24,8.8,52.4,58.4,61,2.2,74.2
7201-Alpine Meadows,8/23/24,5.2,47,53,81,5.1,68.1
MUL1296-Markleeville,8/23/24,2.9,57.2,65.2,56,3.2,70.8
TPZ1261-Eastside Lane,8/23/24,15.1,62.3,69.6,36,4.1,74.8
MEY3300-Tolteca,8/23/24,6.5,49.3,57.8,70,,
TAH-5201 Lake Forest,8/23/24,3.4,48.6,54.3,70,6.7,66
Tahoe-7300 Sugar Pine Point,8/23/24,1.8,49.4,57.2,70,3.4,66.7
SOK-257 Reno Park,8/23/24,15,55.2,62.7,55,6.9,72.2
SMP8700-Firecamp,8/23/24,3.9,50.6,58.8,65,,
TAH5201-Fairway,8/23/24,5,48.1,53,71,,
TPZ1261 Cunningham,8/23/24,9,62.8,70.8,45,,
MUL1296-Sorensens,8/23/24,2.7,50.5,57.8,57,,
POR32 4th Avenue,8/23/24,4.2,53,59.6,64,9.6,71
GLS7600-Walden,8/22/24,3.3,57.7,69.6,58,7.1,71.1
TAH7300-DL Bliss,8/22/24,3.2,58.2,67,53,1.4,72.1
MUL1296-Woodfords,8/22/24,7,65.6,76.4,49,0.2,77
BKY4201-Summit,8/22/24,4.4,,,100,6.5,68.5
TPZ1261–Park Ranch,8/22/24,6.3,69.1,82.8,61,5.2,74.6
TPZ1261-Walker,8/22/24,10.3,66.9,78.3,39,4.6,72.1
Meyers3400-Uplands,8/22/24,12.2,56.4,66.1,62,2,66.2
111Line-Columbine Trail,8/22/24,3,57.4,70.9,65,1.6,65.1
POR31-Iron Horse,8/22/24,3.3,58.4,75.5,75,5.8,74.9
619Line-Sierra Valley West,8/22/24,9.9,59,75.4,76,7.5,65
SQV8200-Squaw Valley,8/22/24,6.9,55.5,67.6,72,5.5,73.4
CEM41-Garbage Pit Rd,8/22/24,10.7,62.9,76.1,74,4.7,75.6
CAL204-Dog Valley,8/22/24,7.5,65.9,78,47,7.3,76.5
TRK7203-Northstar Golf Course,8/22/24,7.4,56.8,71.7,84,11.1,68.5
Hobart Sub,8/22/24,3.5,55.4,72.6,87,4.7,70.2
SRB51-Smithneck Rd,8/22/24,8.5,62.6,75.6,54,13.2,76.6
TRK7202-Cabin Tree,8/22/24,4.8,56.9,68.4,64,6,71.1
Muller1296-Emigrant Trail,8/22/24,13.7,67.7,78.9,45,0.3,80.6
STL3101 Ledge Ct.,8/22/24,4.1,58.2,70.8,64,1.8,67.8
TAH7300-Homewood,8/22/24,3.2,57.7,68.8,70,5.1,68.7
7400-Glenshire,8/22/24,4.6,56.7,71.4,82,1.6,71.9
MEY3300-Grass Lake Road,8/22/24,2.3,55.8,69.8,74,4.3,59.4
WSH201-Floriston,8/22/24,5.6,60.9,75.2,68,5.1,78.5
Washoe204-Fariad,8/22/24,11.5,65,76.6,49,4.6,71.9
MEY3400-Camp Richardson,8/22/24,5.9,59.9,71.1,60,2.6,72
MEY3500-STPD Office,8/22/24,2.5,56.9,70.8,73,6.7,75.7
621Line-I-80 Gravel Pit,8/22/24,6.9,56.9,72.7,85,2.3,76.5
7201-Alpine Meadows,8/22/24,3.9,57.2,68.1,69,5.2,71.3
MUL1296-Markleeville,8/22/24,2.5,63.2,76.3,60,3.3,72.8
TPZ1261-Eastside Lane,8/22/24,13.1,68.6,79.6,36,4.2,78
MEY3300-Tolteca,8/22/24,5.3,58.6,68.8,62,,
TAH-5201 Lake Forest,8/22/24,2.3,57.9,69.1,65,6.8,68.1
Tahoe-7300 Sugar Pine Point,8/22/24,1.7,58.2,71.9,67,3.4,69.4
SOK-257 Reno Park,8/22/24,14.9,64.5,76.5,48,7,74.1
SMP8700-Firecamp,8/22/24,2.2,55.2,72.4,85,,
TAH5201-Fairway,8/22/24,5.2,57.9,67.5,67,,
TPZ1261 Cunningham,8/22/24,7.1,66,80.7,57,,
MUL1296-Sorensens,8/22/24,2.5,53.7,68.4,75,,
POR32 4th Avenue,8/22/24,3.1,57.5,74.7,79,9.7,72.7
GLS7600-Walden,8/21/24,1.3,59.5,72.6,47,7.2,70.9
TAH7300-DL Bliss,8/21/24,1.1,60,70.2,64,1.4,73
MUL1296-Woodfords,8/21/24,6.1,67.4,78.2,34,0.2,77
BKY4201-Summit,8/21/24,1.9,,,100,6.5,68.4
TPZ1261–Park Ranch,8/21/24,4.4,69.6,84.7,68,5.3,75
TPZ1261-Walker,8/21/24,6.9,68.2,81.6,40,4.6,72.5
Meyers3400-Uplands,8/21/24,5.7,60.1,70.3,44,2,66.6
111Line-Columbine Trail,8/21/24,2.2,58.4,74,55,1.6,65.5
POR31-Iron Horse,8/21/24,2.1,59.3,78.8,78,5.9,75.4
619Line-Sierra Valley West,8/21/24,4.5,60.1,79.3,77,7.7,66.5
SQV8200-Squaw Valley,8/21/24,2.9,55.4,71.8,82,5.5,73.8
CEM41-Garbage Pit Rd,8/21/24,5.8,62.2,80.7,69,4.8,75.8
CAL204-Dog Valley,8/21/24,4,65.3,81,57,7.4,76.5
TRK7203-Northstar Golf Course,8/21/24,4.6,54.7,75.5,87,11.1,68.8
Hobart Sub,8/21/24,1.9,55.6,76.2,92,4.7,70.6
SRB51-Smithneck Rd,8/21/24,6.1,62.6,79.2,55,13.2,76.8
TRK7202-Cabin Tree,8/21/24,2.4,56.8,72.1,64,6.1,71.2
Muller1296-Emigrant Trail,8/21/24,8.4,67.2,81.9,46,0.3,81.7
STL3101 Ledge Ct.,8/21/24,2.8,61.2,73.6,47,1.9,68.1
TAH7300-Homewood,8/21/24,1.3,58.3,72.2,63,5.1,68.8
7400-Glenshire,8/21/24,2.9,55.9,75.2,82,1.6,72
MEY3300-Grass Lake Road,8/21/24,1.3,55.7,72.5,70,4.3,59.6
WSH201-Floriston,8/21/24,2.8,61,78.6,69,5.1,79
Washoe204-Fariad,8/21/24,7.1,63.5,78.9,65,4.6,71.8
MEY3400-Camp Richardson,8/21/24,3.5,60.8,73.9,63,2.6,71.9
MEY3500-STPD Office,8/21/24,2.1,57.2,73.7,75,6.8,76.1
621Line-I-80 Gravel Pit,8/21/24,2.8,57,76.7,82,2.3,76.8
7201-Alpine Meadows,8/21/24,1.6,56.1,72.2,79,5.2,71.2
MUL1296-Markleeville,8/21/24,1,62.8,79.6,72,3.3,72.5
TPZ1261-Eastside Lane,8/21/24,7.5,71.2,82.5,32,4.3,79
MEY3300-Tolteca,8/21/24,3.3,60.1,72.7,55,,
TAH-5201 Lake Forest,8/21/24,1.4,58.3,73,53,6.8,68.6
Tahoe-7300 Sugar Pine Point,8/21/24,1.1,58.8,74.6,57,3.5,69.8
SOK-257 Reno Park,8/21/24,7.3,65.5,80,50,7,74.6
SMP8700-Firecamp,8/21/24,1.1,55.9,77,83,,
TAH5201-Fairway,8/21/24,2.6,57.3,71.5,63,,
TPZ1261 Cunningham,8/21/24,5,66,83.3,64,,
MUL1296-Sorensens,8/21/24,1.6,53.5,72,70,,
POR32 4th Avenue,8/21/24,2.2,59.3,79.1,79,9.8,73.1
GLS7600-Walden,8/20/24,1.5,60.6,72.4,46,7.2,71.4
TAH7300-DL Bliss,8/20/24,2.1,62.5,70.5,49,1.5,73.4
MUL1296-Woodfords,8/20/24,6.8,69.9,79.9,34,0.3,77.3
BKY4201-Summit,8/20/24,1.8,,,100,6.5,68.8
TPZ1261–Park Ranch,8/20/24,4,71.5,86,58,5.4,75.6
TPZ1261-Walker,8/20/24,7.6,69.6,83.3,32,4.6,72.4
Meyers3400-Uplands,8/20/24,6.3,61.6,71.6,50,2.1,66.9
111Line-Columbine Trail,8/20/24,2.1,59.8,74.6,55,1.6,65.9
POR31-Iron Horse,8/20/24,2.3,59.2,78,86,6,75.3
619Line-Sierra Valley West,8/20/24,5.6,60,79.4,90,7.7,66.3
SQV8200-Squaw Valley,8/20/24,3.4,56.5,71.9,83,5.5,74.2
CEM41-Garbage Pit Rd,8/20/24,6.2,62.2,80.2,73,4.8,75.6
CAL204-Dog Valley,8/20/24,4.2,66.5,82.4,55,7.4,77.5
TRK7203-Northstar Golf Course,8/20/24,5.2,55.3,75.7,84,11.1,68.9
Hobart Sub,8/20/24,2,56.1,76.5,96,4.7,70.8
SRB51-Smithneck Rd,8/20/24,6.3,62.2,78.9,62,13.2,76.8
TRK7202-Cabin Tree,8/20/24,2.7,58.4,73.3,62,6.1,71.8
Muller1296-Emigrant Trail,8/20/24,8.9,69.7,83.1,44,0.3,83.1
STL3101 Ledge Ct.,8/20/24,2.7,62.3,75,45,1.9,68.2
TAH7300-Homewood,8/20/24,2.2,60.4,72.2,55,5.2,69.2
7400-Glenshire,8/20/24,3.1,56.2,76.2,76,1.7,72.5
MEY3300-Grass Lake Road,8/20/24,2.2,57.2,73.4,67,4.4,60.2
WSH201-Floriston,8/20/24,3.7,61.5,79.8,70,5.1,78.9
Washoe204-Fariad,8/20/24,7.1,64.4,79.4,65,4.6,72.4
MEY3400-Camp Richardson,8/20/24,2.9,60.3,75,62,2.6,72.3
MEY3500-STPD Office,8/20/24,2,57.6,74.9,71,6.8,76.4
621Line-I-80 Gravel Pit,8/20/24,3.3,57.5,77.6,83,2.3,76.7
7201-Alpine Meadows,8/20/24,2.1,57.2,72.8,71,5.2,71.3
MUL1296-Markleeville,8/20/24,1.7,62.2,79.6,66,3.3,73
TPZ1261-Eastside Lane,8/20/24,7.8,71.6,84.2,24,4.3,79.1
MEY3300-Tolteca,8/20/24,3.4,62.5,73.6,56,,
TAH-5201 Lake Forest,8/20/24,1.5,59.9,74,51,6.9,69.4
Tahoe-7300 Sugar Pine Point,8/20/24,1.2,60.6,74.6,56,3.5,70.2
SOK-257 Reno Park,8/20/24,7.8,67.9,81.5,43,7.1,74.9
SMP8700-Firecamp,8/20/24,1.5,56.3,77.6,86,,
TAH5201-Fairway,8/20/24,3.5,60.2,72.4,59,,
TPZ1261 Cunningham,8/20/24,5.8,68.6,84.1,53,,
MUL1296-Sorensens,8/20/24,1.9,55.5,72.8,61,,
POR32 4th Avenue,8/20/24,2.1,59,78.3,89,9.8,73.2
GLS7600-Walden,8/19/24,1.9,62.1,74,53,7.2,71.7
TAH7300-DL Bliss,8/19/24,2.2,63.8,72.2,39,1.5,73.8
MUL1296-Woodfords,8/19/24,5.2,70,81.1,35,0.3,77.2
BKY4201-Summit,8/19/24,2.7,,,100,6.5,69.2
TPZ1261–Park Ranch,8/19/24,4.6,72.7,87.5,62,5.5,75.5
TPZ1261-Walker,8/19/24,9.3,71.3,83.2,33,4.6,72.2
Meyers3400-Uplands,8/19/24,9.2,62.4,71.1,44,2.1,66.7
111Line-Columbine Trail,8/19/24,2.2,60.8,76.3,59,1.6,65.9
POR31-Iron Horse,8/19/24,2.6,60.6,77.7,87,6.1,75.7
619Line-Sierra Valley West,8/19/24,5.4,61.8,79.9,88,7.8,66.6
SQV8200-Squaw Valley,8/19/24,4.3,60.2,71.9,74,5.6,74.8
CEM41-Garbage Pit Rd,8/19/24,6.4,63.6,80.7,77,4.8,75.9
CAL204-Dog Valley,8/19/24,4.6,67.8,82.5,60,7.4,77.1
TRK7203-Northstar Golf Course,8/19/24,5.7,58.6,77.1,79,11.2,69.7
Hobart Sub,8/19/24,2.4,59,77.7,92,4.7,71.4
SRB51-Smithneck Rd,8/19/24,5.6,63.7,79.9,62,13.2,76.7
TRK7202-Cabin Tree,8/19/24,4.4,61.6,72.9,57,6.1,71.8
Muller1296-Emigrant Trail,8/19/24,12.3,71.2,84.9,43,0.3,82.2
STL3101 Ledge Ct.,8/19/24,2.2,62.8,76,48,2,67.8
TAH7300-Homewood,8/19/24,2.7,62.3,73,54,5.2,69.5
7400-Glenshire,8/19/24,3.7,59.1,76.2,76,1.7,72.8
MEY3300-Grass Lake Road,8/19/24,1.6,58.9,74.7,71,4.4,60.7
WSH201-Floriston,8/19/24,4.3,63.1,80,68,5.1,79.1
Washoe204-Fariad,8/19/24,7,66.2,80.1,66,4.7,72.5
MEY3400-Camp Richardson,8/19/24,4,64.3,75.2,45,2.7,72.7
MEY3500-STPD Office,8/19/24,1.9,59.4,76.8,69,6.8,76.6
621Line-I-80 Gravel Pit,8/19/24,4.5,59.7,77.3,83,2.3,77.4
7201-Alpine Meadows,8/19/24,2.1,59.2,72.8,69,5.3,72.2
MUL1296-Markleeville,8/19/24,1.2,66.6,81.7,63,3.3,73.7
TPZ1261-Eastside Lane,8/19/24,10,72.4,85,27,4.4,78.5
MEY3300-Tolteca,8/19/24,4.4,63.7,74.1,48,,
TAH-5201 Lake Forest,8/19/24,1.7,62,74.5,46,6.9,69.3
Tahoe-7300 Sugar Pine Point,8/19/24,1.3,62.9,76.7,58,3.5,70.4
SOK-257 Reno Park,8/19/24,10.8,67.3,80.8,60,7.2,74.9
SMP8700-Firecamp,8/19/24,1.6,58.9,77.2,78,,
TAH5201-Fairway,8/19/24,4.4,62.9,72.6,53,,
TPZ1261 Cunningham,8/19/24,7.1,70.3,85.1,57,,
MUL1296-Sorensens,8/19/24,2,58.4,73.9,56,,
POR32 4th Avenue,8/19/24,2.5,60.5,79,86,9.9,73.8
GLS7600-Walden,8/18/24,1.9,59.6,72,61,7.3,71.8
TAH7300-DL Bliss,8/18/24,2.2,61.2,69.2,53,1.5,73.1
MUL1296-Woodfords,8/18/24,7.2,68.8,79,51,0.3,77.2
BKY4201-Summit,8/18/24,2.4,,,100,6.5,69.3
TPZ1261–Park Ranch,8/18/24,4.1,69.2,87,77,5.5,75.1
TPZ1261-Walker,8/18/24,9,68.3,83,47,4.6,72
Meyers3400-Uplands,8/18/24,10.5,59.8,69.1,50,2.1,66.4
111Line-Columbine Trail,8/18/24,2.1,58.2,74.3,66,1.6,65.8
POR31-Iron Horse,8/18/24,2.6,58.6,75.5,92,6.2,75.4
619Line-Sierra Valley West,8/18/24,6.4,60.1,76,94,7.8,65.4
SQV8200-Squaw Valley,8/18/24,4.8,58.5,70,82,5.5,73.8
CEM41-Garbage Pit Rd,8/18/24,6.2,61.6,78.8,81,4.8,75.6
CAL204-Dog Valley,8/18/24,3.7,65.4,79.9,61,7.4,76.8
TRK7203-Northstar Golf Course,8/18/24,5.7,56.9,75.6,89,11.2,69.5
Hobart Sub,8/18/24,2.6,57.2,75.4,90,4.7,70.9
SRB51-Smithneck Rd,8/18/24,5,61.9,78.5,71,13.2,76.6
TRK7202-Cabin Tree,8/18/24,4.6,58.2,70.8,73,6.2,71.2
Muller1296-Emigrant Trail,8/18/24,14.5,71.5,82.5,48,0.3,82.9
STL3101 Ledge Ct.,8/18/24,2,59.9,73.7,52,2,67.7
TAH7300-Homewood,8/18/24,2.9,60.7,70.5,63,5.2,69.1
7400-Glenshire,8/18/24,3.6,57.5,74.6,85,1.7,72.5
MEY3300-Grass Lake Road,8/18/24,1.5,57.8,73.4,83,4.4,60.5
WSH201-Floriston,8/18/24,3.6,61.4,78,75,5.1,78.3
Washoe204-Fariad,8/18/24,7.3,64,78.4,73,4.7,72.2
MEY3400-Camp Richardson,8/18/24,4.2,60.4,73.4,72,2.7,72.4
MEY3500-STPD Office,8/18/24,1.9,58.5,74.5,83,6.8,76.3
621Line-I-80 Gravel Pit,8/18/24,4.2,58.1,75.7,88,2.3,77.4
7201-Alpine Meadows,8/18/24,2.1,57.1,70.7,84,5.3,71.5
MUL1296-Markleeville,8/18/24,0.7,64,80.1,83,3.3,73
TPZ1261-Eastside Lane,8/18/24,9.1,69.6,84.1,33,4.4,77.9
MEY3300-Tolteca,8/18/24,4.9,61.4,71.8,54,,
TAH-5201 Lake Forest,8/18/24,1.6,58.7,72.4,64,6.9,69
Tahoe-7300 Sugar Pine Point,8/18/24,1.2,59.9,73.6,63,3.6,69.5
SOK-257 Reno Park,8/18/24,7.9,64.8,79.7,64,7.2,74.9
SMP8700-Firecamp,8/18/24,1.6,56.9,75.2,87,,
TAH5201-Fairway,8/18/24,3.6,58.6,70.2,71,,
TPZ1261 Cunningham,8/18/24,7.3,66,84,71,,
MUL1296-Sorensens,8/18/24,1.6,57.2,71.8,75,,
POR32 4th Avenue,8/18/24,2.4,59.1,76.4,92,9.9,73.6
GLS7600-Walden,8/17/24,2.7,59.6,69.3,51,7.3,72.2
TAH7300-DL Bliss,8/17/24,2.7,60.4,68.4,56,1.5,74.3
MUL1296-Woodfords,8/17/24,8.2,67.6,76.1,46,0.3,77.6
BKY4201-Summit,8/17/24,3.2,,,100,6.5,70.1
TPZ1261–Park Ranch,8/17/24,5.5,69.9,83.8,62,5.6,75.9
TPZ1261-Walker,8/17/24,9.2,68.8,79.4,36,4.6,73
Meyers3400-Uplands,8/17/24,11.2,58.7,66,61,2.1,67.5
111Line-Columbine Trail,8/17/24,3.2,57.7,72.4,74,1.6,66.6
POR31-Iron Horse,8/17/24,3,59.1,74.4,83,6.4,75.9
619Line-Sierra Valley West,8/17/24,9,59.3,76,88,8,66.3
SQV8200-Squaw Valley,8/17/24,5.9,56.3,67.8,75,5.5,74.5
CEM41-Garbage Pit Rd,8/17/24,10.4,61.9,77.3,72,4.8,77
CAL204-Dog Valley,8/17/24,5.5,64.6,79.3,59,7.5,77.9
TRK7203-Northstar Golf Course,8/17/24,7.7,55.6,72.2,89,11.2,70.2
Hobart Sub,8/17/24,3.4,55.9,72.7,94,4.8,71.6
SRB51-Smithneck Rd,8/17/24,8.2,61.9,75.6,68,13.4,77.8
TRK7202-Cabin Tree,8/17/24,4.8,57.3,68.6,72,6.2,72.3
Muller1296-Emigrant Trail,8/17/24,16.2,69.4,79.6,45,0.3,81.9
STL3101 Ledge Ct.,8/17/24,2.8,60.2,71.1,69,2.1,69
TAH7300-Homewood,8/17/24,3.2,59,70.5,65,5.2,69.6
7400-Glenshire,8/17/24,3.7,56.3,72.6,82,1.7,73.2
MEY3300-Grass Lake Road,8/17/24,2.4,56.7,70.8,77,4.4,60.7
WSH201-Floriston,8/17/24,7.5,60.6,74.8,76,5.2,79.2
Washoe204-Fariad,8/17/24,8.2,62.5,77,73,4.8,73.1
MEY3400-Camp Richardson,8/17/24,5.2,61.1,70.1,59,2.7,73
MEY3500-STPD Office,8/17/24,2.6,57.4,71.3,71,6.9,76.8
621Line-I-80 Gravel Pit,8/17/24,5.9,56.8,73.5,85,2.3,78.7
7201-Alpine Meadows,8/17/24,3.1,57.5,68.8,73,5.3,72.2
MUL1296-Markleeville,8/17/24,1.9,64,76.2,68,3.4,73.7
TPZ1261-Eastside Lane,8/17/24,13,71.4,80.2,31,4.5,79.9
MEY3300-Tolteca,8/17/24,5.2,60.8,69.2,67,,
TAH-5201 Lake Forest,8/17/24,2.2,58.5,69.4,67,7,69.9
Tahoe-7300 Sugar Pine Point,8/17/24,1.4,59.5,72.2,71,3.6,70.2
SOK-257 Reno Park,8/17/24,10.5,65,77.7,63,7.3,76
SMP8700-Firecamp,8/17/24,2.3,56,73.9,80,,
TAH5201-Fairway,8/17/24,3.9,58.3,68.3,72,,
TPZ1261 Cunningham,8/17/24,6.8,67.1,81.3,58,,
MUL1296-Sorensens,8/17/24,2.2,55.1,69.3,69,,
POR32 4th Avenue,8/17/24,3.6,59,75.3,86,10,74.8
GLS7600-Walden,8/16/24,1.5,62,73.8,57,7.3,72.4
TAH7300-DL Bliss,8/16/24,1.5,62.9,72.6,68,1.5,75.1
MUL1296-Woodfords,8/16/24,4.6,69,81.3,40,0.3,77.6
BKY4201-Summit,8/16/24,1.5,,,100,6.6,70.3
TPZ1261–Park Ranch,8/16/24,5,72.2,87.4,64,5.7,76.3
TPZ1261-Walker,8/16/24,6.3,69.7,85.2,43,4.6,73.5
Meyers3400-Uplands,8/16/24,4.2,63.8,73.6,57,2.1,67.8
111Line-Columbine Trail,8/16/24,1.7,60.6,77.9,60,1.6,66.6
POR31-Iron Horse,8/16/24,2.3,62,81.2,85,6.6,77.4
619Line-Sierra Valley West,8/16/24,5.5,62.9,81.3,85,8.1,68.1
SQV8200-Squaw Valley,8/16/24,3.3,57.6,74,77,5.6,75.2
CEM41-Garbage Pit Rd,8/16/24,5.7,64.9,81.8,75,4.9,77.9
CAL204-Dog Valley,8/16/24,4.1,67.3,83.6,60,7.5,78.2
TRK7203-Northstar Golf Course,8/16/24,4.8,57,77,92,11.3,71.3
Hobart Sub,8/16/24,1.9,57.8,78.4,93,4.8,72.5
SRB51-Smithneck Rd,8/16/24,5.7,64.7,81.6,62,13.4,78.3
TRK7202-Cabin Tree,8/16/24,2.1,58.9,74,66,6.3,72.7
Muller1296-Emigrant Trail,8/16/24,9,69.6,85.7,51,0.3,85.2
STL3101 Ledge Ct.,8/16/24,2,63.4,76.4,51,2.1,69.1
TAH7300-Homewood,8/16/24,2.2,61.5,74.9,76,5.2,69.5
7400-Glenshire,8/16/24,2.8,58.2,77.8,85,1.7,73.6
MEY3300-Grass Lake Road,8/16/24,1.7,57.7,75.7,72,4.4,61.1
WSH201-Floriston,8/16/24,3.3,63.2,80.7,72,5.3,81.7
Washoe204-Fariad,8/16/24,6.7,65.6,81.3,70,4.8,73.5
MEY3400-Camp Richardson,8/16/24,3.1,61.8,77.1,78,2.7,73.1
MEY3500-STPD Office,8/16/24,1.6,58.1,76.9,72,6.9,77.1
621Line-I-80 Gravel Pit,8/16/24,2.7,59.6,79.1,86,2.3,79.6
7201-Alpine Meadows,8/16/24,1.9,58.2,74.8,69,5.4,72.7
MUL1296-Markleeville,8/16/24,1.5,64.3,82.4,71,3.4,73.1
TPZ1261-Eastside Lane,8/16/24,8.6,71.6,86.4,30,4.6,80.3
MEY3300-Tolteca,8/16/24,2.7,62.4,75.4,51,,
TAH-5201 Lake Forest,8/16/24,1.1,60.5,77.2,73,7,69.9
Tahoe-7300 Sugar Pine Point,8/16/24,1.1,61.3,76.7,70,3.6,70.9
SOK-257 Reno Park,8/16/24,7.3,67.2,82.8,53,7.4,76.5
SMP8700-Firecamp,8/16/24,1.3,58.5,79.6,81,,
TAH5201-Fairway,8/16/24,2.4,59.9,73.5,87,,
TPZ1261 Cunningham,8/16/24,5.2,68.2,86.2,71,,
MUL1296-Sorensens,8/16/24,2,55,74.2,74,,
POR32 4th Avenue,8/16/24,2,62.2,81.9,85,10.1,75.6
GLS7600-Walden,8/15/24,1.5,61.5,72.1,54,7.4,72.9
TAH7300-DL Bliss,8/15/24,1.8,61.5,70.8,57,1.6,74.9
MUL1296-Woodfords,8/15/24,7.2,68,78.5,37,0.3,77.8
BKY4201-Summit,8/15/24,1.4,,,100,6.6,70.3
TPZ1261–Park Ranch,8/15/24,3.9,71,85.9,58,5.7,76.2
TPZ1261-Walker,8/15/24,7.8,68.8,82.4,41,4.6,73.9
Meyers3400-Uplands,8/15/24,5.8,61,71.8,51,2.1,67.6
111Line-Columbine Trail,8/15/24,2.3,59.8,74.7,54,1.7,66.8
POR31-Iron Horse,8/15/24,2.4,61.2,79.4,81,6.8,77.1
619Line-Sierra Valley West,8/15/24,5.4,62.6,78.8,78,8.2,67.9
SQV8200-Squaw Valley,8/15/24,3.3,57.2,72.6,86,5.6,75.3
CEM41-Garbage Pit Rd,8/15/24,7,64.5,80.5,74,4.9,78
CAL204-Dog Valley,8/15/24,4.4,67.7,82,56,7.5,78.6
TRK7203-Northstar Golf Course,8/15/24,5,57.4,75.8,89,11.3,71.5
Hobart Sub,8/15/24,2,57.7,77.4,93,4.8,72.6
SRB51-Smithneck Rd,8/15/24,7,64.4,79,56,13.5,78.3
TRK7202-Cabin Tree,8/15/24,2.3,58.8,73.5,65,6.3,72.7
Muller1296-Emigrant Trail,8/15/24,7.4,68.6,83.1,49,0.3,84.8
STL3101 Ledge Ct.,8/15/24,2.9,62.4,74.1,46,2.1,69.5
TAH7300-Homewood,8/15/24,1.7,59.6,73.7,65,5.2,69.6
7400-Glenshire,8/15/24,3.4,58.2,75.8,75,1.7,73.6
MEY3300-Grass Lake Road,8/15/24,1.4,56.6,74.1,72,4.4,61.5
WSH201-Floriston,8/15/24,3.3,63.2,78.9,67,5.3,82
Washoe204-Fariad,8/15/24,6.8,66,79.4,64,4.9,73.8
MEY3400-Camp Richardson,8/15/24,2.6,60.2,75.5,69,2.8,73.3
MEY3500-STPD Office,8/15/24,1.6,58.2,74.9,75,6.9,77.2
621Line-I-80 Gravel Pit,8/15/24,2.8,59.3,76.8,85,2.3,79.6
7201-Alpine Meadows,8/15/24,1.8,57.7,73.1,82,5.4,72.9
MUL1296-Markleeville,8/15/24,1,62.4,79.6,70,3.4,73.2
TPZ1261-Eastside Lane,8/15/24,9.8,70.5,82.8,26,4.6,80.1
MEY3300-Tolteca,8/15/24,3.3,62.2,72.6,54,,
TAH-5201 Lake Forest,8/15/24,1.4,58.7,73.8,66,7,70
Tahoe-7300 Sugar Pine Point,8/15/24,1.1,60.1,74.9,63,3.7,70.8
SOK-257 Reno Park,8/15/24,7.8,66.5,80.7,58,7.4,76.6
SMP8700-Firecamp,8/15/24,1.6,57.9,77.5,82,,
TAH5201-Fairway,8/15/24,2.5,58.3,72.2,73,,
TPZ1261 Cunningham,8/15/24,5.8,66.8,82.3,58,,
MUL1296-Sorensens,8/15/24,2.6,54.4,71.6,74,,
POR32 4th Avenue,8/15/24,2.6,61.4,78.7,80,10.1,75.6
GLS7600-Walden,8/14/24,1.3,60.5,74.2,50,7.4,73
TAH7300-DL Bliss,8/14/24,2,61.3,70.7,56,1.6,75.4
MUL1296-Woodfords,8/14/24,5.9,67.2,80.2,39,0.3,78
BKY4201-Summit,8/14/24,1.2,,,100,6.6,70.7
TPZ1261–Park Ranch,8/14/24,5.2,70.6,86.8,65,5.8,76.6
TPZ1261-Walker,8/14/24,7.9,67.7,83.3,46,4.7,74.4
Meyers3400-Uplands,8/14/24,5.1,61.8,72.2,55,2.1,68.1
111Line-Columbine Trail,8/14/24,2.1,60.1,75.5,57,1.7,67
POR31-Iron Horse,8/14/24,2.6,61.3,78.8,85,7,77.1
619Line-Sierra Valley West,8/14/24,5.4,61.8,79.6,82,8.2,67.8
SQV8200-Squaw Valley,8/14/24,3.3,56.7,71.7,81,5.5,75.4
CEM41-Garbage Pit Rd,8/14/24,6.3,64.1,81.1,63,4.9,78
CAL204-Dog Valley,8/14/24,4.2,67,81.6,57,7.5,78.7
TRK7203-Northstar Golf Course,8/14/24,4.6,56.6,76,91,11.4,71.9
Hobart Sub,8/14/24,2.2,57.2,77.4,88,4.8,72.6
SRB51-Smithneck Rd,8/14/24,6.2,63.7,79.5,50,13.5,78.4
TRK7202-Cabin Tree,8/14/24,2.1,57.8,72.2,70,6.4,72.7
Muller1296-Emigrant Trail,8/14/24,8.7,67.9,83.9,51,0.3,84.8
STL3101 Ledge Ct.,8/14/24,3.2,62.8,74.6,45,2.1,69.9
TAH7300-Homewood,8/14/24,1.5,59.5,73.1,62,5.2,69.6
7400-Glenshire,8/14/24,3.3,57.3,75.8,79,1.7,73.7
MEY3300-Grass Lake Road,8/14/24,1.6,57.1,74.6,76,4.4,61.8
WSH201-Floriston,8/14/24,3.2,63,80.3,68,5.4,81.8
Washoe204-Fariad,8/14/24,7.5,65,80,65,4.9,73.8
MEY3400-Camp Richardson,8/14/24,2.5,60.2,75.3,65,2.8,74.1
MEY3500-STPD Office,8/14/24,1.8,58.5,75.4,73,6.9,77.4
621Line-I-80 Gravel Pit,8/14/24,2.8,58.6,77.9,83,2.3,79.6
7201-Alpine Meadows,8/14/24,2.2,57.4,73.4,75,5.4,73
MUL1296-Markleeville,8/14/24,1,64,80.9,64,3.4,73.8
TPZ1261-Eastside Lane,8/14/24,6.8,70,84.8,28,4.7,80.2
MEY3300-Tolteca,8/14/24,2.5,62.1,73.8,53,,
TAH-5201 Lake Forest,8/14/24,1.3,59.3,74.4,60,7.1,70.4
Tahoe-7300 Sugar Pine Point,8/14/24,1,60.3,75.4,61,3.7,71.3
SOK-257 Reno Park,8/14/24,9,66.2,81.9,53,7.5,76.9
SMP8700-Firecamp,8/14/24,1.4,57.7,77.6,83,,
TAH5201-Fairway,8/14/24,2.5,58.1,72,64,,
TPZ1261 Cunningham,8/14/24,6.6,66.7,85.9,69,,
MUL1296-Sorensens,8/14/24,2.6,55.4,72.8,74,,
POR32 4th Avenue,8/14/24,2.6,61.5,80.3,86,10.2,75.9
GLS7600-Walden,8/13/24,1.6,60.9,72.3,38,7.4,73.3
TAH7300-DL Bliss,8/13/24,2.9,61.7,69.3,48,1.6,75.6
MUL1296-Woodfords,8/13/24,7.5,68.6,79.1,37,0.3,78.2
BKY4201-Summit,8/13/24,1.4,,,100,6.6,71.3
TPZ1261–Park Ranch,8/13/24,5.9,70.6,84.9,67,5.8,77.4
TPZ1261-Walker,8/13/24,8.3,68,81.3,49,4.7,75
Meyers3400-Uplands,8/13/24,5.6,61,70.7,41,2.1,68.4
111Line-Columbine Trail,8/13/24,2.2,59.5,74.2,50,1.7,67.3
POR31-Iron Horse,8/13/24,2.6,60.7,78.3,70,7.2,76.6
619Line-Sierra Valley West,8/13/24,6,61.7,79.3,71,8.2,67.6
SQV8200-Squaw Valley,8/13/24,4,56.4,71.4,76,5.5,75.8
CEM41-Garbage Pit Rd,8/13/24,6.5,63.6,79.3,59,4.9,78
CAL204-Dog Valley,8/13/24,5,67.7,81,43,7.6,79.4
TRK7203-Northstar Golf Course,8/13/24,4.7,55.9,75.2,81,11.4,72.2
Hobart Sub,8/13/24,1.9,56.3,76.1,82,4.9,72.7
SRB51-Smithneck Rd,8/13/24,5.9,63.4,78.3,49,13.5,78.6
TRK7202-Cabin Tree,8/13/24,2.8,57.7,71,58,6.4,73.3
Muller1296-Emigrant Trail,8/13/24,6.8,67.5,82.1,45,0.3,83.2
STL3101 Ledge Ct.,8/13/24,4.3,63.2,73.6,39,2.2,70.2
TAH7300-Homewood,8/13/24,2.1,59.6,71.9,52,5.2,70.4
7400-Glenshire,8/13/24,3.4,56.8,74.3,69,1.7,74.1
MEY3300-Grass Lake Road,8/13/24,1.8,56.7,73,69,4.5,62.5
WSH201-Floriston,8/13/24,3.9,62.4,77.9,60,5.4,81.6
Washoe204-Fariad,8/13/24,7.5,64.9,77.7,56,5,74.1
MEY3400-Camp Richardson,8/13/24,4.6,64.5,73.8,42,2.8,74.6
MEY3500-STPD Office,8/13/24,1.9,58.3,73.7,69,6.9,77.4
621Line-I-80 Gravel Pit,8/13/24,3.5,58.1,75.5,77,2.3,79.9
7201-Alpine Meadows,8/13/24,2.1,57.4,73,67,5.5,73.4
MUL1296-Markleeville,8/13/24,1.1,65.3,79,64,3.4,73.5
TPZ1261-Eastside Lane,8/13/24,5.5,70.6,83.1,34,4.7,80
MEY3300-Tolteca,8/13/24,3.8,62.6,72.1,45,,
TAH-5201 Lake Forest,8/13/24,1.5,59,73.8,50,7.1,70.8
Tahoe-7300 Sugar Pine Point,8/13/24,1.3,60.1,74,51,3.7,71.3
SOK-257 Reno Park,8/13/24,8,66.8,80.6,46,7.6,77.5
SMP8700-Firecamp,8/13/24,1.8,56.9,76.5,76,,
TAH5201-Fairway,8/13/24,2.8,58.2,70.7,58,,
TPZ1261 Cunningham,8/13/24,5.8,66.3,82.4,74,,
MUL1296-Sorensens,8/13/24,2.1,54.8,71.4,66,,
POR32 4th Avenue,8/13/24,2.2,60.7,80,71,10.2,76.2
GLS7600-Walden,8/12/24,2.1,63.7,74.6,37,7.5,74.3
TAH7300-DL Bliss,8/12/24,2.7,64.6,72.6,42,1.7,78.1
MUL1296-Woodfords,8/12/24,5.8,70.9,80.4,37,0.3,79.4
BKY4201-Summit,8/12/24,2.5,,,100,6.6,72.1
TPZ1261–Park Ranch,8/12/24,6,77.3,86.8,45,5.9,79.2
TPZ1261-Walker,8/12/24,8.5,73.1,82.8,39,4.7,76.1
Meyers3400-Uplands,8/12/24,7.1,63.6,72.1,40,2.2,69
111Line-Columbine Trail,8/12/24,2.8,62.6,78.3,48,1.7,67.9
POR31-Iron Horse,8/12/24,2.9,62.4,80.4,64,7.5,77.2
619Line-Sierra Valley West,8/12/24,7,63.2,81.3,59,8.3,68.9
SQV8200-Squaw Valley,8/12/24,4.6,61.7,74,61,5.6,77.4
CEM41-Garbage Pit Rd,8/12/24,7.8,66.3,82.4,53,4.9,78
CAL204-Dog Valley,8/12/24,5.3,70.1,83.7,40,7.6,80.8
TRK7203-Northstar Golf Course,8/12/24,6.7,59.4,77.7,70,11.5,73.2
Hobart Sub,8/12/24,2.5,59.7,79.1,68,4.9,73.4
SRB51-Smithneck Rd,8/12/24,6.6,66.3,81.5,45,13.6,79
TRK7202-Cabin Tree,8/12/24,3.8,61.6,74.1,46,6.6,74.4
Muller1296-Emigrant Trail,8/12/24,11.5,72.5,84.6,43,0.3,86
STL3101 Ledge Ct.,8/12/24,3.1,64.3,75.1,37,2.2,71.8
TAH7300-Homewood,8/12/24,2.3,62.4,74.2,46,5.2,71
7400-Glenshire,8/12/24,3.8,60.3,77.4,55,1.8,75.3
MEY3300-Grass Lake Road,8/12/24,2,59.2,75,65,4.5,63.7
WSH201-Floriston,8/12/24,5.2,64.9,80.9,53,5.5,82.1
Washoe204-Fariad,8/12/24,8.1,66.8,80.9,47,5.1,75.3
MEY3400-Camp Richardson,8/12/24,4.5,66.2,77.2,44,2.8,75.1
MEY3500-STPD Office,8/12/24,2.1,60.3,76.5,63,7,78.1
621Line-I-80 Gravel Pit,8/12/24,4.9,61,78.7,66,2.3,80.9
7201-Alpine Meadows,8/12/24,3.3,62.9,74.1,59,5.6,75.2
MUL1296-Markleeville,8/12/24,1.7,67.6,79.7,54,3.5,74.8
TPZ1261-Eastside Lane,8/12/24,10.6,75.5,84.4,35,4.7,82.8
MEY3300-Tolteca,8/12/24,3.1,65.1,74.3,48,,
TAH-5201 Lake Forest,8/12/24,1.8,62.6,74.4,44,7.2,71.9
Tahoe-7300 Sugar Pine Point,8/12/24,1.5,63.3,78,51,3.7,73.1
SOK-257 Reno Park,8/12/24,12.9,68.8,81.7,40,7.7,78.9
SMP8700-Firecamp,8/12/24,1.7,59.7,78.2,65,,
TAH5201-Fairway,8/12/24,3.8,62.5,73.6,53,,
TPZ1261 Cunningham,8/12/24,7.1,73.1,83.9,55,,
MUL1296-Sorensens,8/12/24,2.2,58.7,74,57,,
POR32 4th Avenue,8/12/24,2.7,62.4,80.9,59,10.4,77.6
GLS7600-Walden,8/11/24,1.5,67.4,80.1,25,7.5,75.2
TAH7300-DL Bliss,8/11/24,2.2,67.5,77.5,66,1.7,78.6
MUL1296-Woodfords,8/11/24,6.1,74.8,86.1,25,0.3,79.6
BKY4201-Summit,8/11/24,1.7,,,100,6.6,72.3
TPZ1261–Park Ranch,8/11/24,5.5,78.5,93,61,6,79.1
TPZ1261-Walker,8/11/24,7.8,76.1,89.2,39,4.7,76.3
Meyers3400-Uplands,8/11/24,4.8,67.8,77.6,44,2.2,69.5
111Line-Columbine Trail,8/11/24,2,65.3,82,40,1.7,68.9
POR31-Iron Horse,8/11/24,2.4,65.8,86.3,57,7.8,78.7
619Line-Sierra Valley West,8/11/24,5.2,66.8,85.8,67,8.4,70.9
SQV8200-Squaw Valley,8/11/24,3.9,61.9,79.5,65,5.6,77.7
CEM41-Garbage Pit Rd,8/11/24,5.6,68.6,87.1,42,5,79.7
CAL204-Dog Valley,8/11/24,4.3,72.5,89.1,33,7.6,81.2
TRK7203-Northstar Golf Course,8/11/24,5,61.1,82.7,71,11.6,74.8
Hobart Sub,8/11/24,2.1,61.5,83.1,67,4.9,74.4
SRB51-Smithneck Rd,8/11/24,5.2,69.7,86.8,34,13.7,80.4
TRK7202-Cabin Tree,8/11/24,2.5,63.9,78.8,38,6.7,74.5
Muller1296-Emigrant Trail,8/11/24,8.3,74.2,89.6,41,0.3,87.7
STL3101 Ledge Ct.,8/11/24,2.6,68,81.3,42,2.3,73.4
TAH7300-Homewood,8/11/24,1.8,64.5,79.9,64,5.2,71.6
7400-Glenshire,8/11/24,2.7,62.5,83.6,61,1.8,76.1
MEY3300-Grass Lake Road,8/11/24,2.4,62,79.2,66,4.6,64.2
WSH201-Floriston,8/11/24,4.3,67.6,86.5,55,5.6,83.8
Washoe204-Fariad,8/11/24,8.4,70,86.7,52,5.3,76.3
MEY3400-Camp Richardson,8/11/24,3.7,66.2,82.1,58,2.9,74.7
MEY3500-STPD Office,8/11/24,1.5,63.3,81,61,7,79.3
621Line-I-80 Gravel Pit,8/11/24,3,62.9,85.5,72,2.4,82.1
7201-Alpine Meadows,8/11/24,2.1,62.8,80.5,56,5.6,74.9
MUL1296-Markleeville,8/11/24,1.7,69.9,85.8,60,3.5,76.6
TPZ1261-Eastside Lane,8/11/24,7.8,78.1,89.7,32,4.8,83.8
MEY3300-Tolteca,8/11/24,2.4,66.7,81.4,43,,
TAH-5201 Lake Forest,8/11/24,1.3,64,80.5,48,7.2,73.1
Tahoe-7300 Sugar Pine Point,8/11/24,1.2,64.8,82.4,53,3.7,73.3
SOK-257 Reno Park,8/11/24,9.3,72.4,87,30,7.8,80.2
SMP8700-Firecamp,8/11/24,1.4,62,83.7,58,,
TAH5201-Fairway,8/11/24,2.5,63.2,79.8,56,,
TPZ1261 Cunningham,8/11/24,6.1,74.8,89.3,55,,
MUL1296-Sorensens,8/11/24,1.8,60.9,78.5,54,,
POR32 4th Avenue,8/11/24,2.4,65.3,87.3,62,10.5,78.7
GLS7600-Walden,8/10/24,1.3,69.4,81.3,41,7.6,76.1
TAH7300-DL Bliss,8/10/24,2,69.2,79,64,1.8,79.8
MUL1296-Woodfords,8/10/24,4.2,75.9,87.9,32,0.3,80.5
BKY4201-Summit,8/10/24,1.3,,,100,6.7,73.1
TPZ1261–Park Ranch,8/10/24,5.4,79.1,94,65,6.1,80.3
TPZ1261-Walker,8/10/24,7.1,76.7,90.3,33,4.7,76.5
Meyers3400-Uplands,8/10/24,3.9,69.6,79,34,2.2,70.3
111Line-Columbine Trail,8/10/24,2.3,68,82.4,45,1.7,69.8
POR31-Iron Horse,8/10/24,2.4,68.4,87.5,72,8.1,80.6
619Line-Sierra Valley West,8/10/24,4.9,69.4,88.2,78,8.5,72.4
SQV8200-Squaw Valley,8/10/24,3.3,64.2,80.6,78,5.6,78.5
CEM41-Garbage Pit Rd,8/10/24,6.5,71.5,88.9,71,5,81
CAL204-Dog Valley,8/10/24,4.4,75,90,53,7.7,81.9
TRK7203-Northstar Golf Course,8/10/24,4.1,63.7,84.8,85,11.7,76.2
Hobart Sub,8/10/24,2,64.4,85.2,86,5,75.6
SRB51-Smithneck Rd,8/10/24,6.1,71.6,87.9,64,13.8,80.9
TRK7202-Cabin Tree,8/10/24,2.4,65.8,80.7,62,6.9,75.2
Muller1296-Emigrant Trail,8/10/24,7.1,75.3,91.7,49,0.3,89.9
STL3101 Ledge Ct.,8/10/24,3.9,71.6,82.6,30,2.3,74.5
TAH7300-Homewood,8/10/24,1.9,67.1,81.9,60,5.3,72.2
7400-Glenshire,8/10/24,3.2,64.6,84.1,73,1.8,76.8
MEY3300-Grass Lake Road,8/10/24,1.6,63.5,81.5,73,4.6,65.3
WSH201-Floriston,8/10/24,3.1,69.7,87.6,66,5.7,85.9
Washoe204-Fariad,8/10/24,6.6,72.4,87.8,63,5.5,77.1
MEY3400-Camp Richardson,8/10/24,2.6,67.3,82.3,72,2.9,75.5
MEY3500-STPD Office,8/10/24,1.7,66,82.5,64,7.1,81.1
621Line-I-80 Gravel Pit,8/10/24,2.8,65.7,85.6,80,2.4,83.2
7201-Alpine Meadows,8/10/24,1.9,64.7,81.5,72,5.6,75.7
MUL1296-Markleeville,8/10/24,0.8,71.2,89.7,65,3.6,77
TPZ1261-Eastside Lane,8/10/24,6.3,79,91.3,23,5,85.1
MEY3300-Tolteca,8/10/24,2.9,71.3,81.4,36,,
TAH-5201 Lake Forest,8/10/24,1.3,66.4,83,55,7.3,74.2
Tahoe-7300 Sugar Pine Point,8/10/24,1.1,68.2,84.5,54,3.7,74.3
SOK-257 Reno Park,8/10/24,7.2,74.3,89.2,50,7.8,80.8
SMP8700-Firecamp,8/10/24,1.3,64.6,85.7,81,,
TAH5201-Fairway,8/10/24,2.1,65,80.2,60,,
TPZ1261 Cunningham,8/10/24,5,74.1,92.1,63,,
MUL1296-Sorensens,8/10/24,2.4,62.5,80.4,62,,
POR32 4th Avenue,8/10/24,2.4,68.2,88.9,75,10.6,79.6
GLS7600-Walden,8/9/24,1.3,70.6,82.2,45,7.7,76.7
TAH7300-DL Bliss,8/9/24,2.2,69.9,80.1,68,1.8,80.8
MUL1296-Woodfords,8/9/24,6.2,76.6,88.6,46,0.3,81.3
BKY4201-Summit,8/9/24,1.4,,,,6.7,73.2
TPZ1261–Park Ranch,8/9/24,4.3,80.8,95.7,63,6.1,81.5
TPZ1261-Walker,8/9/24,6.9,77.3,90.3,51,4.7,77.1
Meyers3400-Uplands,8/9/24,3.3,70,80.8,58,2.2,70.5
111Line-Columbine Trail,8/9/24,2,68.7,83.3,63,1.7,69.8
POR31-Iron Horse,8/9/24,2.5,69.6,88.1,57,8.3,80.8
619Line-Sierra Valley West,8/9/24,5.4,70.7,88.7,71,8.4,72.8
SQV8200-Squaw Valley,8/9/24,4.6,66.5,81.2,80,5.5,78.8
CEM41-Garbage Pit Rd,8/9/24,5.7,72.8,89.3,60,5,80.9
CAL204-Dog Valley,8/9/24,4.4,76.2,90.4,53,7.7,82
TRK7203-Northstar Golf Course,8/9/24,4.3,65.3,84.8,93,11.8,76.6
Hobart Sub,8/9/24,1.9,65.8,86,86,5,75.5
SRB51-Smithneck Rd,8/9/24,6.7,73.6,88.8,45,13.8,80.7
TRK7202-Cabin Tree,8/9/24,2.2,67.1,81.7,64,7.1,75.3
Muller1296-Emigrant Trail,8/9/24,8.5,77.8,92.4,52,0.4,93.7
STL3101 Ledge Ct.,8/9/24,2.8,70.7,82.9,49,2.4,74.6
TAH7300-Homewood,8/9/24,1.8,67.9,81.9,68,5.3,72.4
7400-Glenshire,8/9/24,3.4,66.5,84.5,77,1.8,77.2
MEY3300-Grass Lake Road,8/9/24,1.3,65.7,82.5,80,4.7,65.8
WSH201-Floriston,8/9/24,3.3,71.6,88.2,66,5.7,85.9
Washoe204-Fariad,8/9/24,8.1,74.3,88.4,63,5.7,77.1
MEY3400-Camp Richardson,8/9/24,2.8,68.6,84.3,73,3,75.6
MEY3500-STPD Office,8/9/24,1.4,66.9,83.3,83,7.1,81.6
621Line-I-80 Gravel Pit,8/9/24,2.9,67.6,86.3,83,2.4,83.2
7201-Alpine Meadows,8/9/24,2.6,67,81.4,76,5.6,75.9
MUL1296-Markleeville,8/9/24,0.7,72.8,89.6,74,3.6,77.1
TPZ1261-Eastside Lane,8/9/24,10.1,79.1,92.2,36,5.1,85.7
MEY3300-Tolteca,8/9/24,3,70.7,81.9,59,,
TAH-5201 Lake Forest,8/9/24,1.4,66.9,83,71,7.3,74.4
Tahoe-7300 Sugar Pine Point,8/9/24,1.1,68,83.8,66,3.7,75
SOK-257 Reno Park,8/9/24,7.9,75.8,89.7,48,7.9,81.1
SMP8700-Firecamp,8/9/24,1.4,66.4,85.9,80,,
TAH5201-Fairway,8/9/24,2,65.7,80.7,74,,
TPZ1261 Cunningham,8/9/24,5.9,77,92.6,59,,
MUL1296-Sorensens,8/9/24,2.4,63.8,80.1,81,,
POR32 4th Avenue,8/9/24,2.4,69.4,89.2,66,10.7,80.1
GLS7600-Walden,8/8/24,1.4,71.9,81.3,42,7.7,76.9
TAH7300-DL Bliss,8/8/24,1.4,70.9,81,65,1.8,81.1
MUL1296-Woodfords,8/8/24,8.5,77.9,89.1,41,0.3,81.3
BKY4201-Summit,8/8/24,1.3,,,,6.7,73.4
TPZ1261–Park Ranch,8/8/24,4.3,82.8,95.7,56,6.1,81.4
TPZ1261-Walker,8/8/24,7,78.8,90.7,53,4.7,77.3
Meyers3400-Uplands,8/8/24,2.9,71.1,82.1,42,2.2,70.1
111Line-Columbine Trail,8/8/24,1.8,69.6,84.4,59,1.7,69.7
POR31-Iron Horse,8/8/24,2.5,72.1,88.9,56,8.5,81.3
619Line-Sierra Valley West,8/8/24,5.5,73.3,89.4,72,8.4,73.5
SQV8200-Squaw Valley,8/8/24,2.7,66.8,81.3,69,5.5,79.2
CEM41-Garbage Pit Rd,8/8/24,7.7,76.1,89.7,53,5,80.9
CAL204-Dog Valley,8/8/24,4,77,91,47,7.7,82.5
TRK7203-Northstar Golf Course,8/8/24,4.1,66.5,84.9,79,11.8,76.5
Hobart Sub,8/8/24,1.6,66.7,86.4,73,5,75.7
SRB51-Smithneck Rd,8/8/24,7.6,75.7,88.2,44,13.9,80.6
TRK7202-Cabin Tree,8/8/24,2.1,68.6,81.9,59,7.2,75.1
Muller1296-Emigrant Trail,8/8/24,8.4,79.1,92.1,53,0.4,95.8
STL3101 Ledge Ct.,8/8/24,2.1,72,84.1,50,2.4,74.8
TAH7300-Homewood,8/8/24,1.5,68.4,81.8,64,5.3,72.5
7400-Glenshire,8/8/24,3.2,67.4,84.6,65,1.8,77.6
MEY3300-Grass Lake Road,8/8/24,1.4,65.8,82.4,83,4.7,65.6
WSH201-Floriston,8/8/24,2.7,72.2,87.7,57,5.7,85.6
Washoe204-Fariad,8/8/24,6.1,73.8,87.5,54,5.9,77.4
MEY3400-Camp Richardson,8/8/24,2.4,68.5,85,72,3,75.4
MEY3500-STPD Office,8/8/24,1.3,67,83.8,75,7.1,81.4
621Line-I-80 Gravel Pit,8/8/24,2.1,68.4,86.3,73,2.4,83.3
7201-Alpine Meadows,8/8/24,1.5,66.9,82.2,67,5.6,75.7
MUL1296-Markleeville,8/8/24,0.5,71.8,90,70,3.6,76.9
TPZ1261-Eastside Lane,8/8/24,8.9,79.7,92,39,5.2,86.4
MEY3300-Tolteca,8/8/24,2.2,71.6,82.7,48,,
TAH-5201 Lake Forest,8/8/24,1.1,67.7,82.1,64,7.3,74.9
Tahoe-7300 Sugar Pine Point,8/8/24,1.1,68.6,83.8,64,3.6,74.8
SOK-257 Reno Park,8/8/24,8.8,78.6,89.6,38,8,81
SMP8700-Firecamp,8/8/24,1,66.8,86,70,,
TAH5201-Fairway,8/8/24,2,66.9,81.2,64,,
TPZ1261 Cunningham,8/8/24,5.9,79.1,93.2,48,,
MUL1296-Sorensens,8/8/24,2.4,64.1,80.1,71,,
POR32 4th Avenue,8/8/24,2.6,72.4,89.7,58,10.8,80.4
GLS7600-Walden,8/7/24,1.3,73.2,83.8,31,7.8,77.2
TAH7300-DL Bliss,8/7/24,1.6,71.6,82,69,1.9,80.3
MUL1296-Woodfords,8/7/24,7.7,78.3,88.5,36,0.3,80.8
BKY4201-Summit,8/7/24,1.4,,,100,6.7,73.6
TPZ1261–Park Ranch,8/7/24,4,82.5,95.9,63,6.1,81
TPZ1261-Walker,8/7/24,7.6,78.8,90.9,46,4.6,76.9
Meyers3400-Uplands,8/7/24,3.6,72.2,81.7,36,2.2,69.7
111Line-Columbine Trail,8/7/24,1.7,70,85.3,50,1.7,69.3
POR31-Iron Horse,8/7/24,2.3,71.7,90.3,68,8.5,80.3
619Line-Sierra Valley West,8/7/24,5,72.6,90.7,79,8.3,72.8
SQV8200-Squaw Valley,8/7/24,3,67.2,83.4,74,5.5,79.5
CEM41-Garbage Pit Rd,8/7/24,5.4,74.8,91.5,56,5,80.4
CAL204-Dog Valley,8/7/24,4.4,77.6,92.5,49,7.7,82
TRK7203-Northstar Golf Course,8/7/24,4.3,66.8,86.7,80,11.8,77
Hobart Sub,8/7/24,1.7,67.1,87.8,76,5,76.2
SRB51-Smithneck Rd,8/7/24,6.7,75.6,90.5,46,13.9,80.1
TRK7202-Cabin Tree,8/7/24,2.4,68.7,83.2,62,7.3,73.9
Muller1296-Emigrant Trail,8/7/24,8.8,79.5,92.5,44,0.4,94
STL3101 Ledge Ct.,8/7/24,2.2,73.1,84.8,45,2.4,74.3
TAH7300-Homewood,8/7/24,1.4,68.6,83.9,65,5.3,72.5
7400-Glenshire,8/7/24,2.9,67.8,87,67,1.9,77.7
MEY3300-Grass Lake Road,8/7/24,2,66.2,83.4,80,4.8,65.1
WSH201-Floriston,8/7/24,3,72.8,90.4,59,5.7,86.6
Washoe204-Fariad,8/7/24,7.2,75.8,89.9,57,6.2,77.7
MEY3400-Camp Richardson,8/7/24,2.6,68.5,85.5,72,3,75
MEY3500-STPD Office,8/7/24,1.3,66.5,84.4,77,7.1,80.8
621Line-I-80 Gravel Pit,8/7/24,2.7,68.8,89.1,76,2.4,83.9
7201-Alpine Meadows,8/7/24,1.8,67.8,83.5,73,5.5,75.9
MUL1296-Markleeville,8/7/24,0.7,72,89.6,68,3.6,75.9
TPZ1261-Eastside Lane,8/7/24,9.5,79.9,91.7,32,5.3,85.7
MEY3300-Tolteca,8/7/24,2.1,71.8,83.5,46,,
TAH-5201 Lake Forest,8/7/24,1.2,68.6,86.1,62,7.4,75.2
Tahoe-7300 Sugar Pine Point,8/7/24,1.2,69.1,85.4,63,3.6,75.2
SOK-257 Reno Park,8/7/24,9.7,79.1,91.7,37,8,80.6
SMP8700-Firecamp,8/7/24,1.2,67.4,88,73,,
TAH5201-Fairway,8/7/24,2,67.1,82.8,67,,
TPZ1261 Cunningham,8/7/24,5.6,78.5,92.5,67,,
MUL1296-Sorensens,8/7/24,2.4,64.1,80.9,71,,
POR32 4th Avenue,8/7/24,2.2,71.4,90.9,65,10.8,79.7
GLS7600-Walden,8/6/24,1.5,73.3,83.6,30,7.8,76.7
TAH7300-DL Bliss,8/6/24,1.9,71.9,81.4,60,1.9,79.8
MUL1296-Woodfords,8/6/24,6.1,79.1,90.3,31,0.3,80.2
BKY4201-Summit,8/6/24,1.4,,,100,6.7,73.2
TPZ1261–Park Ranch,8/6/24,4.6,82.5,96.8,60,6.1,80.2
TPZ1261-Walker,8/6/24,7.6,79.8,91.9,42,4.6,76.3
Meyers3400-Uplands,8/6/24,3.6,72.6,82.1,29,2.2,69.3
111Line-Columbine Trail,8/6/24,1.8,70.5,85.3,40,1.7,68.7
POR31-Iron Horse,8/6/24,2.5,71.7,90.8,65,8.6,80.4
619Line-Sierra Valley West,8/6/24,4.7,72.4,90.7,79,8.2,72.9
SQV8200-Squaw Valley,8/6/24,3.2,68.8,83.9,68,5.5,79.3
CEM41-Garbage Pit Rd,8/6/24,6.8,74.7,91.4,57,5,79.5
CAL204-Dog Valley,8/6/24,4.1,77.9,92.2,49,7.7,81.4
TRK7203-Northstar Golf Course,8/6/24,4.6,67.2,86.7,79,11.8,76.8
Hobart Sub,8/6/24,1.9,67.5,88.3,88,5,75.8
SRB51-Smithneck Rd,8/6/24,6.5,75,90.3,38,13.9,79.1
TRK7202-Cabin Tree,8/6/24,2.3,69.6,83.2,51,7.3,73.2
Muller1296-Emigrant Trail,8/6/24,7.5,78.8,93,45,0.4,92.3
STL3101 Ledge Ct.,8/6/24,3.4,74.4,85.2,38,2.3,73.2
TAH7300-Homewood,8/6/24,1.7,70.3,84.4,54,5.3,72.6
7400-Glenshire,8/6/24,3.1,68.2,87,61,1.9,77.6
MEY3300-Grass Lake Road,8/6/24,1.8,65.7,83.9,74,4.8,64.6
WSH201-Floriston,8/6/24,2,72.6,90.2,62,5.5,86.1
Washoe204-Fariad,8/6/24,6.5,75.5,91,56,6.5,77.4
MEY3400-Camp Richardson,8/6/24,2.6,71.6,85.6,60,3.1,74.5
MEY3500-STPD Office,8/6/24,1.4,67.6,84.6,71,7.1,79.9
621Line-I-80 Gravel Pit,8/6/24,2.6,69,88.4,80,2.4,83.7
7201-Alpine Meadows,8/6/24,1.7,68.5,84,67,5.4,75.7
MUL1296-Markleeville,8/6/24,0.3,74.5,90.7,62,3.6,75.5
TPZ1261-Eastside Lane,8/6/24,9.4,81.2,92.8,31,5.4,85.5
MEY3300-Tolteca,8/6/24,2.5,73.6,83.8,38,,
TAH-5201 Lake Forest,8/6/24,1.3,69.7,85.1,44,7.4,74.8
Tahoe-7300 Sugar Pine Point,8/6/24,1.2,70.4,85.3,49,3.5,74.9
SOK-257 Reno Park,8/6/24,7.4,76.7,91.6,43,8,79.5
SMP8700-Firecamp,8/6/24,1.3,68,88.2,69,,
TAH5201-Fairway,8/6/24,1.9,68.6,82.8,54,,
TPZ1261 Cunningham,8/6/24,5.3,78.5,93.6,57,,
MUL1296-Sorensens,8/6/24,2.2,65.2,81.1,58,,
POR32 4th Avenue,8/6/24,2.3,71.7,91,69,10.8,79.6
GLS7600-Walden,8/5/24,1.3,71.2,82.7,50,7.8,75.8
TAH7300-DL Bliss,8/5/24,1.3,70.2,79.9,67,1.9,78.4
MUL1296-Woodfords,8/5/24,7,78.5,88.2,42,0.3,79.2
BKY4201-Summit,8/5/24,1.7,,,100,6.7,72.7
TPZ1261–Park Ranch,8/5/24,3.6,81.5,96.2,73,6.1,78.7
TPZ1261-Walker,8/5/24,7,78.9,90.8,56,4.5,75.5
Meyers3400-Uplands,8/5/24,5.5,70.6,79.1,40,2.2,68.4
111Line-Columbine Trail,8/5/24,1.8,68.7,83.4,67,1.7,67.7
POR31-Iron Horse,8/5/24,2.1,69.8,88.3,93,8.4,78.8
619Line-Sierra Valley West,8/5/24,4.6,71,88.1,96,8,71.6
SQV8200-Squaw Valley,8/5/24,3.2,65.7,81.4,90,5.5,78
CEM41-Garbage Pit Rd,8/5/24,6.4,72.4,89.2,85,5,78.5
CAL204-Dog Valley,8/5/24,4.3,76.6,90.2,59,7.7,80.3
TRK7203-Northstar Golf Course,8/5/24,4.9,66.1,84.7,96,11.8,76.4
Hobart Sub,8/5/24,2.2,66.4,85.5,98,5,74.9
SRB51-Smithneck Rd,8/5/24,3.6,73.2,88.8,67,13.9,78.4
TRK7202-Cabin Tree,8/5/24,2.7,67.1,81.9,72,7.3,72.7
Muller1296-Emigrant Trail,8/5/24,9.1,78.7,92.1,59,0.4,92.4
STL3101 Ledge Ct.,8/5/24,2.1,71.2,83.4,51,2.3,71.4
TAH7300-Homewood,8/5/24,1.6,68.2,81.7,75,5.3,72.2
7400-Glenshire,8/5/24,3,67.3,85.2,85,1.9,77
MEY3300-Grass Lake Road,8/5/24,1.2,65,82,81,4.8,63.6
WSH201-Floriston,8/5/24,2,71.9,88.9,75,5.4,84.8
Washoe204-Fariad,8/5/24,7.4,74.6,88.6,70,6.9,76.6
MEY3400-Camp Richardson,8/5/24,3,69.1,84.1,80,3.1,73.1
MEY3500-STPD Office,8/5/24,1.4,66.3,83.6,88,7,78.3
621Line-I-80 Gravel Pit,8/5/24,3.2,68.4,87.2,88,2.4,83.1
7201-Alpine Meadows,8/5/24,1.8,66.4,82.3,82,5.3,74
MUL1296-Markleeville,8/5/24,0.4,73.2,89.3,84,3.6,73.2
TPZ1261-Eastside Lane,8/5/24,9.4,80.8,91.7,42,5.4,84
MEY3300-Tolteca,8/5/24,2.7,70.7,82.6,56,,
TAH-5201 Lake Forest,8/5/24,1.1,68.2,83,66,7.3,73.7
Tahoe-7300 Sugar Pine Point,8/5/24,1.1,67.9,84.3,67,3.4,72.6
SOK-257 Reno Park,8/5/24,7.8,76.4,88.9,57,8.1,78.7
SMP8700-Firecamp,8/5/24,1.2,67.1,86,86,,
TAH5201-Fairway,8/5/24,2.4,66.7,81.2,77,,
TPZ1261 Cunningham,8/5/24,5,77,91.6,66,,
MUL1296-Sorensens,8/5/24,1.9,63.8,80.5,83,,
POR32 4th Avenue,8/5/24,2.3,69.7,88.8,91,10.8,78.4
GLS7600-Walden,8/4/24,1,67.8,82.3,73,7.8,74
TAH7300-DL Bliss,8/4/24,1.1,67.1,78.6,77,1.9,75.4
MUL1296-Woodfords,8/4/24,5.2,74.1,88.1,58,0.3,77.6
BKY4201-Summit,8/4/24,1.3,,,100,6.7,71.8
TPZ1261–Park Ranch,8/4/24,3.7,78.2,93.6,76,5.9,75.4
TPZ1261-Walker,8/4/24,5.7,74.5,88,71,4.5,74.2
Meyers3400-Uplands,8/4/24,2.5,67.5,78.6,80,2.2,67.3
111Line-Columbine Trail,8/4/24,1,65.3,81,89,1.7,67
POR31-Iron Horse,8/4/24,1.7,68.3,88.3,99,8.3,77.2
619Line-Sierra Valley West,8/4/24,3.2,68.2,87.4,100,7.7,70.8
SQV8200-Squaw Valley,8/4/24,2.7,66.1,81,96,5.4,76.4
CEM41-Garbage Pit Rd,8/4/24,4.7,68.9,88.9,98,4.9,77.4
CAL204-Dog Valley,8/4/24,3,73.6,90.6,85,7.6,78.5
TRK7203-Northstar Golf Course,8/4/24,3.8,65,85.9,98,11.8,75.5
Hobart Sub,8/4/24,1.6,65.2,86,100,4.9,73.6
SRB51-Smithneck Rd,8/4/24,1.5,68.8,88.2,96,13.9,78.2
TRK7202-Cabin Tree,8/4/24,1.7,64.7,81,96,7.2,72.3
Muller1296-Emigrant Trail,8/4/24,6.8,74.4,88.1,64,0.5,90
STL3101 Ledge Ct.,8/4/24,1.2,67.5,79.6,63,2.2,68.8
TAH7300-Homewood,8/4/24,1.3,65.8,81.2,87,5.3,72.1
7400-Glenshire,8/4/24,2.9,65.6,85,96,1.9,75.8
MEY3300-Grass Lake Road,8/4/24,0.9,63.6,82.4,98,4.9,63
WSH201-Floriston,8/4/24,1.9,69.5,87.6,92,5.2,81.6
Washoe204-Fariad,8/4/24,6.9,72,88.6,91,7,75.1
MEY3400-Camp Richardson,8/4/24,2.1,65.2,82,92,3.2,72.2
MEY3500-STPD Office,8/4/24,1,64,81.1,98,6.8,75.7
621Line-I-80 Gravel Pit,8/4/24,2.3,67,86.1,97,2.3,81
7201-Alpine Meadows,8/4/24,1.6,64.8,81.8,96,5.2,72
MUL1296-Markleeville,8/4/24,0.2,70.2,88.8,91,3.5,71.8
TPZ1261-Eastside Lane,8/4/24,8.3,75.6,89.9,55,5.4,81.2
MEY3300-Tolteca,8/4/24,1.9,67.8,80.9,76,,
TAH-5201 Lake Forest,8/4/24,0.8,65.9,82.3,82,7.3,72.2
Tahoe-7300 Sugar Pine Point,8/4/24,0.9,65.7,82.5,80,3.3,69.6
SOK-257 Reno Park,8/4/24,6.1,72.7,88.2,84,8.1,76.9
SMP8700-Firecamp,8/4/24,0.9,65.8,86.2,97,,
TAH5201-Fairway,8/4/24,1.8,64.7,80.4,95,,
TPZ1261 Cunningham,8/4/24,5.2,74,91.3,84,,
MUL1296-Sorensens,8/4/24,2.1,62.6,80.4,90,,
POR32 4th Avenue,8/4/24,2.2,68.7,89.1,98,10.8,76.8
GLS7600-Walden,8/3/24,0.7,65.7,75.8,90,7.7,74.6
TAH7300-DL Bliss,8/3/24,0.2,63.9,67.9,92,1.9,76.6
MUL1296-Woodfords,8/3/24,4.7,71.3,81.7,74,0.3,78.2
BKY4201-Summit,8/3/24,1.5,,,100,6.7,72.9
TPZ1261–Park Ranch,8/3/24,3.4,75.5,85.3,77,6,76.7
TPZ1261-Walker,8/3/24,4.5,72.5,82.9,75,4.4,74.3
Meyers3400-Uplands,8/3/24,2.6,63,68.4,87,2.2,68.4
111Line-Columbine Trail,8/3/24,0.5,61.9,74.4,98,1.7,69.1
POR31-Iron Horse,8/3/24,1.4,66.4,84.3,98,8.3,77.9
619Line-Sierra Valley West,8/3/24,3.7,66.8,83.2,99,7.7,73.1
SQV8200-Squaw Valley,8/3/24,1.4,62.8,75.2,95,5.4,77.5
CEM41-Garbage Pit Rd,8/3/24,4.4,68.3,82.4,96,5,80.3
CAL204-Dog Valley,8/3/24,3.2,72.5,84.9,87,7.8,82.3
TRK7203-Northstar Golf Course,8/3/24,3.1,64.8,77,96,11.9,76.7
Hobart Sub,8/3/24,0.8,63.4,80,98,5,75.6
SRB51-Smithneck Rd,8/3/24,1.1,67.6,82.1,97,14,80.5
TRK7202-Cabin Tree,8/3/24,1.6,61.2,76.5,95,6.3,76
Muller1296-Emigrant Trail,8/3/24,6.9,71.9,82.1,69,0.6,85.1
STL3101 Ledge Ct.,8/3/24,1.1,64.1,69.1,93,2.3,71.4
TAH7300-Homewood,8/3/24,0.7,63.4,71.9,93,5.3,73.3
7400-Glenshire,8/3/24,2.2,65.8,78.7,87,1.9,76.8
MEY3300-Grass Lake Road,8/3/24,0.8,60.3,71.5,99,4.6,65.1
WSH201-Floriston,8/3/24,1.7,68.9,79.8,91,5.2,83.1
Washoe204-Fariad,8/3/24,5.5,71.3,82,84,7.2,77.5
MEY3400-Camp Richardson,8/3/24,1.3,63.4,72.1,93,3.2,74.3
MEY3500-STPD Office,8/3/24,0.7,62.3,72.5,96,6.3,77.4
621Line-I-80 Gravel Pit,8/3/24,1.8,66,79.2,90,2.3,82.2
7201-Alpine Meadows,8/3/24,0.8,62.3,75.1,96,5.2,73.5
MUL1296-Markleeville,8/3/24,0.1,67.8,82.5,95,3.6,73.3
TPZ1261-Eastside Lane,8/3/24,7.7,73.5,81.9,73,5.3,79
MEY3300-Tolteca,8/3/24,1.3,63.2,72.2,90,,
TAH-5201 Lake Forest,8/3/24,0.4,65,73.2,86,7.4,74.5
Tahoe-7300 Sugar Pine Point,8/3/24,0.6,62.7,70.6,96,3.3,71.7
SOK-257 Reno Park,8/3/24,6,69.5,81,83,8.2,79.6
SMP8700-Firecamp,8/3/24,0.5,63.5,80,92,,
TAH5201-Fairway,8/3/24,1.7,62.9,72.8,93,,
TPZ1261 Cunningham,8/3/24,4.5,72.7,84.1,77,,
MUL1296-Sorensens,8/3/24,1.6,61.8,75.5,92,,
POR32 4th Avenue,8/3/24,1.4,66.7,85.6,98,10.9,78.2
GLS7600-Walden,8/2/24,0.6,1.9,11.9,28,7.8,75
TAH7300-DL Bliss,8/2/24,1.6,69.5,81.3,72,2,80.7
MUL1296-Woodfords,8/2/24,5.2,74.7,89.6,66,0.3,79.5
BKY4201-Summit,8/2/24,1.5,,,100,6.8,73.1
TPZ1261–Park Ranch,8/2/24,4.3,79.3,94.9,66,6.1,80.1
TPZ1261-Walker,8/2/24,4.8,74.9,88.6,66,4.5,75.2
Meyers3400-Uplands,8/2/24,3.4,68.8,80.7,73,2.2,70.2
111Line-Columbine Trail,8/2/24,1,67.5,83.8,81,1.7,69.9
POR31-Iron Horse,8/2/24,1.8,72.4,92.1,70,8.2,79.2
619Line-Sierra Valley West,8/2/24,4.2,73.3,92.9,69,8,74.3
SQV8200-Squaw Valley,8/2/24,2.8,67.8,85.9,75,5.4,79.7
CEM41-Garbage Pit Rd,8/2/24,5,74.9,91.7,60,5,81.1
CAL204-Dog Valley,8/2/24,3,77.8,95.2,52,7.8,83.1
TRK7203-Northstar Golf Course,8/2/24,3.3,67.5,89.6,89,11.9,76.6
Hobart Sub,8/2/24,1.7,76.7,90.8,55,5.1,78
SRB51-Smithneck Rd,8/2/24,2.7,79.9,91.2,49,14,80.3
TRK7202-Cabin Tree,8/2/24,1.8,69,85.7,63,5.7,78.4
Muller1296-Emigrant Trail,8/2/24,8.2,75.3,89.3,69,0.4,88.4
STL3101 Ledge Ct.,8/2/24,1.7,69.7,81.9,68,2.4,73.8
TAH7300-Homewood,8/2/24,1.6,68.1,85,72,5.3,73.3
7400-Glenshire,8/2/24,2.2,68.4,89.9,75,1.9,77.5
MEY3300-Grass Lake Road,8/2/24,1.1,65.7,82.5,92,4.4,66.4
WSH201-Floriston,8/2/24,2.5,73,91.7,64,5.3,86.3
Washoe204-Fariad,8/2/24,6.8,75.3,92.3,61,7.7,78.1
MEY3400-Camp Richardson,8/2/24,1.9,67,82.8,79,3.3,75.2
MEY3500-STPD Office,8/2/24,0.9,65.8,84.4,82,6.1,79.5
621Line-I-80 Gravel Pit,8/2/24,2,69.8,91.3,80,2.4,83.5
7201-Alpine Meadows,8/2/24,1.4,68.2,85.9,78,5.3,76.1
MUL1296-Markleeville,8/2/24,0.2,69.7,90.5,88,3.6,77.2
TPZ1261-Eastside Lane,8/2/24,9.9,76,89.7,61,5.5,83.1
MEY3300-Tolteca,8/2/24,1.9,68.8,84.1,72,,
TAH-5201 Lake Forest,8/2/24,0.5,68.6,83.8,67,7.5,75.8
Tahoe-7300 Sugar Pine Point,8/2/24,1,68,85.1,79,3.4,76
SOK-257 Reno Park,8/2/24,7.2,77.4,92.8,48,8.3,80.6
SMP8700-Firecamp,8/2/24,1,77.4,89.9,55,,
TAH5201-Fairway,8/2/24,1.8,67.5,84.2,76,,
TPZ1261 Cunningham,8/2/24,5.1,74.9,91.3,74,,
MUL1296-Sorensens,8/2/24,2,62,83.3,91,,
POR32 4th Avenue,8/2/24,2,72.6,92.7,75,11,79.1
GLS7600-Walden,8/1/24,0,3.1,11.7,27,7.8,74.6
TAH7300-DL Bliss,8/1/24,1.1,70.7,81.1,67,2,80.9
MUL1296-Woodfords,8/1/24,4.1,78.3,92.7,43,0.3,78.8
BKY4201-Summit,8/1/24,1.5,,,100,6.8,72.8
TPZ1261–Park Ranch,8/1/24,3.4,81.7,97.6,64,6.1,79.5
TPZ1261-Walker,8/1/24,5.6,78.4,91.5,48,4.4,74.8
Meyers3400-Uplands,8/1/24,2.1,70.9,83.4,62,2.2,69.8
111Line-Columbine Trail,8/1/24,1.1,69,86.5,61,1.7,69.1
POR31-Iron Horse,8/1/24,2.1,71.8,93.3,74,8,79.6
619Line-Sierra Valley West,8/1/24,3.8,72.6,95,74,8.1,73.8
SQV8200-Squaw Valley,8/1/24,4.1,75.9,84.9,62,5.4,80.7
CEM41-Garbage Pit Rd,8/1/24,4.9,74.6,94.4,61,5,80.7
CAL204-Dog Valley,8/1/24,3.3,78,95.5,51,7.8,81.9
TRK7203-Northstar Golf Course,8/1/24,3.7,67,88.9,93,12,76.4
SRB51-Smithneck Rd,8/1/24,6.1,75.5,93.3,51,14,79.4
TRK7202-Cabin Tree,8/1/24,2.9,74.4,85.9,52,5.7,77.6
Muller1296-Emigrant Trail,8/1/24,6.7,78.4,91.7,52,0.3,93.9
STL3101 Ledge Ct.,8/1/24,2.6,71.6,83.3,49,2.4,72.4
TAH7300-Homewood,8/1/24,1,68,84.6,69,5.3,72.9
7400-Glenshire,8/1/24,2.7,68,89,82,1.9,76.9
MEY3300-Grass Lake Road,8/1/24,1.1,66,86.6,81,4.4,66
WSH201-Floriston,8/1/24,3.2,73.1,92.9,68,5.3,87.2
Washoe204-Fariad,8/1/24,8.1,75.4,92.7,64,8.3,77.5
MEY3400-Camp Richardson,8/1/24,2.1,67.9,84.9,79,3.4,75.1
MEY3500-STPD Office,8/1/24,1.1,66,85.2,81,6.1,79.8
621Line-I-80 Gravel Pit,8/1/24,2.2,69.1,89.8,85,2.4,83.3
7201-Alpine Meadows,8/1/24,2.3,75,85.2,61,5.4,79.5
MUL1296-Markleeville,8/1/24,0.2,73,92,78,3.6,77
TPZ1261-Eastside Lane,8/1/24,9.2,79.7,93.4,37,5.6,84.5
MEY3300-Tolteca,8/1/24,2.2,70.9,85.9,54,,
TAH-5201 Lake Forest,8/1/24,0.9,74.7,91.6,49,7.5,77.5
Tahoe-7300 Sugar Pine Point,8/1/24,1.1,68.6,85.3,76,3.4,75.4
SOK-257 Reno Park,8/1/24,6.5,77.9,93.9,48,8.4,79.9
SMP8700-Firecamp,8/1/24,1,67.8,91,82,,
TAH5201-Fairway,8/1/24,1.8,67.6,83.3,83,,
TPZ1261 Cunningham,8/1/24,4.1,77.6,93.6,64,,
MUL1296-Sorensens,8/1/24,2.1,64,83.7,82,,
POR32 4th Avenue,8/1/24,1.8,71.6,93.5,82,11,78.8
GLS7600-Walden,7/31/24,0,2.9,13,28,7.8,73.4
TAH7300-DL Bliss,7/31/24,1.2,68.8,79.6,64,2,79.2
MUL1296-Woodfords,7/31/24,2.7,74.1,89.7,47,0.3,77.7
BKY4201-Summit,7/31/24,1.9,,,100,6.8,71.6
TPZ1261–Park Ranch,7/31/24,3.8,78.4,94,60,6,77.2
TPZ1261-Walker,7/31/24,5.6,75.2,88.6,58,4.4,73.6
Meyers3400-Uplands,7/31/24,1.7,68.8,80.1,49,2.2,68.9
111Line-Columbine Trail,7/31/24,0.9,66.2,84.7,68,1.7,68
POR31-Iron Horse,7/31/24,1.9,69,90.8,80,7.5,78.4
619Line-Sierra Valley West,7/31/24,3.7,69.7,91.7,80,8.1,72
CEM41-Garbage Pit Rd,7/31/24,4.1,72,91.5,67,5,79.3
CAL204-Dog Valley,7/31/24,3.4,81.9,93.4,39,7.8,82
TRK7203-Northstar Golf Course,7/31/24,2.7,64.1,88.2,91,11.9,74.9
SRB51-Smithneck Rd,7/31/24,5.5,71.9,90.8,61,14,78.4
Muller1296-Emigrant Trail,7/31/24,6.9,73.8,87.6,52,0.3,90.6
STL3101 Ledge Ct.,7/31/24,1,67.8,80.9,60,2.4,71
TAH7300-Homewood,7/31/24,1.2,65.8,83.3,74,5.3,72.4
7400-Glenshire,7/31/24,2.3,65.4,88.4,79,1.9,75.8
MEY3300-Grass Lake Road,7/31/24,1.5,63.5,81.1,83,4.5,65.1
WSH201-Floriston,7/31/24,1.8,79.8,91.6,53,5.5,91.7
Washoe204-Fariad,7/31/24,6.3,77.8,90.8,63,9.4,75.8
MEY3400-Camp Richardson,7/31/24,2.6,71.5,83.5,69,3.5,74.5
MEY3500-STPD Office,7/31/24,1,63.6,83.1,78,6.1,78.8
621Line-I-80 Gravel Pit,7/31/24,3.1,76.9,89.1,66,2.4,83
MUL1296-Markleeville,7/31/24,0.2,69.7,91.1,74,3.6,75.1
TPZ1261-Eastside Lane,7/31/24,10.4,76,89.5,36,5.5,82.3
MEY3300-Tolteca,7/31/24,2,67.7,82.5,55,,
TAH-5201 Lake Forest,7/31/24,0.7,66.7,84.1,72,7.5,74.1
Tahoe-7300 Sugar Pine Point,7/31/24,1,66.6,84.7,67,3.4,74
SOK-257 Reno Park,7/31/24,6.8,74.2,91.2,54,8.4,78.7
SMP8700-Firecamp,7/31/24,0.6,65.7,89.5,86,,
TAH5201-Fairway,7/31/24,1.5,65.1,82,72,,
TPZ1261 Cunningham,7/31/24,4.5,74,90.6,66,,
MUL1296-Sorensens,7/31/24,1.7,61.7,82.4,80,,
POR32 4th Avenue,7/31/24,2,69.3,92.2,85,10.9,76.9
GLS7600-Walden,7/30/24,0,3.1,13.5,28,7.8,71.5
TAH7300-DL Bliss,7/30/24,1.2,64.7,75,54,2.1,77.8
MUL1296-Woodfords,7/30/24,4.2,70.1,84.8,35,0.3,77.5
BKY4201-Summit,7/30/24,2,123.4,,100,6.8,70.6
TPZ1261–Park Ranch,7/30/24,3.1,72.1,88.7,76,5.9,75.5
TPZ1261-Walker,7/30/24,5,70.6,84.8,42,4.3,72.7
Meyers3400-Uplands,7/30/24,2.7,65,75,62,2.2,68.1
111Line-Columbine Trail,7/30/24,1.3,62.3,79.7,48,1.7,67.3
POR31-Iron Horse,7/30/24,2.8,72,82.3,70,6.9,79.5
619Line-Sierra Valley West,7/30/24,7.6,74.1,83.5,64,8.2,73.1
CEM41-Garbage Pit Rd,7/30/24,7.3,74.6,84.2,47,5,79.9
CAL204-Dog Valley,7/30/24,3.5,70.1,86.4,47,7.7,80
TRK7203-Northstar Golf Course,7/30/24,3.5,59.3,79.3,74,11.8,73.2
SRB51-Smithneck Rd,7/30/24,6.3,66.9,83.7,51,14,77.7
Muller1296-Emigrant Trail,7/30/24,6,69.2,84.5,49,0,87.4
STL3101 Ledge Ct.,7/30/24,2,65,73.9,46,2.4,70.3
TAH7300-Homewood,7/30/24,1.3,62.4,76.9,58,5.3,72.2
7400-Glenshire,7/30/24,2.9,60.5,86,69,1.9,75
MEY3300-Grass Lake Road,7/30/24,1.5,58.4,76.7,71,4.5,64.3
WSH201-Floriston,7/30/24,2.5,65.5,84,63,5.3,84.2
Washoe204-Fariad,7/30/24,6.5,68,84.7,57,0.1,79.2
MEY3500-STPD Office,7/30/24,1.4,59.5,77.8,71,6.2,78.1
MUL1296-Markleeville,7/30/24,0.1,65.2,85.2,64,3.5,73.6
TPZ1261-Eastside Lane,7/30/24,8.8,72.5,85.6,32,5.4,80.3
MEY3300-Tolteca,7/30/24,2.1,64.3,76.9,52,,
TAH-5201 Lake Forest,7/30/24,1.1,62.2,79,48,7.6,73.2
Tahoe-7300 Sugar Pine Point,7/30/24,1,62.7,78.6,63,3.4,72.5
SOK-257 Reno Park,7/30/24,8,69.4,83.9,47,8.5,77.9
SMP8700-Firecamp,7/30/24,0.8,61,82.1,76,,
TAH5201-Fairway,7/30/24,1.8,61.2,76.9,56,,
TPZ1261 Cunningham,7/30/24,4.3,68.5,86.5,70,,
MUL1296-Sorensens,7/30/24,2.6,56,74.9,69,,
POR32 4th Avenue,7/30/24,3.2,73.4,83.5,67,11,77.7
TAH7300-DL Bliss,7/29/24,1.5,62.3,71.9,66,2.1,77.4
MUL1296-Woodfords,7/29/24,7.9,69.3,80.2,32,0.3,77.8
BKY4201-Summit,7/29/24,1.5,57.5,,100,6.8,70.4
TPZ1261–Park Ranch,7/29/24,4.3,72.6,85.8,81,5.8,75.4
TPZ1261-Walker,7/29/24,6.6,69.8,83.4,55,4.3,72.3
Meyers3400-Uplands,7/29/24,3.2,61.8,71.7,52,2.3,68.2
111Line-Columbine Trail,7/29/24,1.8,59.6,75.5,58,1.8,67.5
CEM41-Garbage Pit Rd,7/29/24,4.8,64.1,80.8,67,4.9,77.4
CAL204-Dog Valley,7/29/24,5.1,68.9,81.8,48,7.7,79.6
TRK7203-Northstar Golf Course,7/29/24,4.3,57.9,77,88,11.8,72.8
SRB51-Smithneck Rd,7/29/24,6.6,64.1,80,51,14.1,77.6
Muller1296-Emigrant Trail,7/29/24,7.1,69.4,84.1,48,0.1,86.8
STL3101 Ledge Ct.,7/29/24,2.6,63.1,75.5,48,2.4,70.1
TAH7300-Homewood,7/29/24,2.1,60.7,73.7,62,5.3,72.5
7400-Glenshire,7/29/24,3.6,58.7,76.4,77,1.9,74.9
MEY3300-Grass Lake Road,7/29/24,1.2,56.9,74.8,79,4.5,64.7
WSH201-Floriston,7/29/24,2.6,63.6,79.7,72,5.3,84
Washoe204-Fariad,7/29/24,7.5,66.9,80.5,62,0.1,78.5
MEY3500-STPD Office,7/29/24,1.6,58.5,75.4,76,6.2,78.2
MUL1296-Markleeville,7/29/24,1.5,65.3,81.1,74,3.5,73.5
TPZ1261-Eastside Lane,7/29/24,7.1,71.8,85,42,5.3,79.8
MEY3300-Tolteca,7/29/24,2.3,61.1,73.4,60,,
TAH-5201 Lake Forest,7/29/24,1.4,60.2,75.4,56,7.6,73.2
Tahoe-7300 Sugar Pine Point,7/29/24,1.1,60.8,75.6,62,3.3,72.6
SOK-257 Reno Park,7/29/24,9.4,69.8,81.6,37,8.5,79.6
SMP8700-Firecamp,7/29/24,1.3,58.4,77.5,86,,
TAH5201-Fairway,7/29/24,2.6,59.5,72.2,61,,
TPZ1261 Cunningham,7/29/24,5.1,69.2,84.7,81,,
MUL1296-Sorensens,7/29/24,2.2,54.9,72.6,76,,
POR32 4th Avenue,7/29/24,2.3,61.1,79.8,83,10.8,74.8
GLS7600-Walden,7/28/24,1,5.6,117.9,88,7.9,70.3
TAH7300-DL Bliss,7/28/24,1.3,60.8,70.8,62,2.1,77.1
MUL1296-Woodfords,7/28/24,5.4,68.1,80,37,0.3,77.6
BKY4201-Summit,7/28/24,1.4,,,100,6.8,70.7
TPZ1261–Park Ranch,7/28/24,3.8,71.4,86.4,70,5.7,74.6
TPZ1261-Walker,7/28/24,5.9,68.3,82.6,53,4.2,71.4
Meyers3400-Uplands,7/28/24,3.5,60.9,71.1,59,2.3,68.2
111Line-Columbine Trail,7/28/24,1.5,58.7,74.8,66,1.8,67.6
CEM41-Garbage Pit Rd,7/28/24,4.3,62.5,79.1,57,4.9,77.6
CAL204-Dog Valley,7/28/24,5,66.1,80.7,47,7.8,80
TRK7203-Northstar Golf Course,7/28/24,4.1,55.9,75.9,92,11.8,72.4
SRB51-Smithneck Rd,7/28/24,5.9,63.2,78.4,51,14.2,78.3
Muller1296-Emigrant Trail,7/28/24,7,68.2,84.2,50,0.2,86.5
STL3101 Ledge Ct.,7/28/24,2.2,61.3,73,54,2.4,70.2
TAH7300-Homewood,7/28/24,1.5,59.1,73,71,5.3,72.8
7400-Glenshire,7/28/24,3.3,56.6,76.1,77,1.9,75.2
MEY3300-Grass Lake Road,7/28/24,1.2,56.8,73.9,78,4.6,64.8
WSH201-Floriston,7/28/24,2.5,61.9,79.5,67,5.3,83.2
Washoe204-Fariad,7/28/24,7.4,64.3,79.5,62,0.1,77.4
MEY3500-STPD Office,7/28/24,1.4,57.1,74.5,75,6.2,78.3
MUL1296-Markleeville,7/28/24,0.7,63.9,81.4,69,3.5,72.6
TPZ1261-Eastside Lane,7/28/24,7.7,69.6,83.6,42,5.1,78.1
MEY3300-Tolteca,7/28/24,2.3,60,72.9,64,,
TAH-5201 Lake Forest,7/28/24,1.2,59,74.3,58,7.7,73.3
Tahoe-7300 Sugar Pine Point,7/28/24,1.1,59.4,75.2,63,3.3,72.5
SMP8700-Firecamp,7/28/24,1,56.4,76.1,79,,
TAH5201-Fairway,7/28/24,2,57.5,72,64,,
TPZ1261 Cunningham,7/28/24,5.1,67.4,84.3,70,,
MUL1296-Sorensens,7/28/24,1.9,55.1,74.1,73,,
POR32 4th Avenue,7/28/24,2,60.2,,77,10.8,75.2
GLS7600-Walden,7/27/24,0,5.4,13.5,28,7.9,70.4
TAH7300-DL Bliss,7/27/24,3.3,60.8,66.8,41,2.1,79.4
MUL1296-Woodfords,7/27/24,6.1,67.3,75.7,41,0.4,79.1
BKY4201-Summit,7/27/24,1.7,,,100,6.9,72.7
TPZ1261–Park Ranch,7/27/24,5.9,73.1,81.8,55,5.5,74.8
TPZ1261-Walker,7/27/24,9.5,69.8,80,44,4.2,71.8
Meyers3400-Uplands,7/27/24,6.3,59.9,67.7,44,2.3,69.2
111Line-Columbine Trail,7/27/24,2.5,60.1,70.6,51,1.8,69
CEM41-Garbage Pit Rd,7/27/24,5.8,66,76.3,58,5,79.7
CAL204-Dog Valley,7/27/24,4.9,67.4,77.3,49,7.9,82.7
TRK7203-Northstar Golf Course,7/27/24,6.1,60,72.2,70,11.9,75
SRB51-Smithneck Rd,7/27/24,6.8,65.2,75.4,48,14.4,79.6
Muller1296-Emigrant Trail,7/27/24,11,69.2,79.2,40,0.1,86.5
STL3101 Ledge Ct.,7/27/24,3.4,61.5,70.7,41,2.5,72.6
TAH7300-Homewood,7/27/24,3,61.5,69.9,53,5.3,73.4
7400-Glenshire,7/27/24,4.1,59.8,71.6,63,2,77.4
MEY3300-Grass Lake Road,7/27/24,2.4,57.6,70,76,4.6,66.3
WSH201-Floriston,7/27/24,3.1,63.8,75.5,59,5.4,86.1
Washoe204-Fariad,7/27/24,8,66,75.2,54,0.1,79.7
MEY3500-STPD Office,7/27/24,2.1,58.9,71.3,71,6.2,80.1
MUL1296-Markleeville,7/27/24,1.9,63.6,76.4,71,3.6,72.9
TPZ1261-Eastside Lane,7/27/24,8.9,71,80.3,41,5,78.8
MEY3300-Tolteca,7/27/24,3.1,61.7,70.1,54,,
TAH-5201 Lake Forest,7/27/24,1.6,60.1,70.2,49,7.7,75.6
Tahoe-7300 Sugar Pine Point,7/27/24,1.6,63,71.3,59,3.3,74.4
SMP8700-Firecamp,7/27/24,1.7,58.9,72.8,76,,
TAH5201-Fairway,7/27/24,3.7,59.7,68,56,,
TPZ1261 Cunningham,7/27/24,6.7,69.1,80.5,60,,
MUL1296-Sorensens,7/27/24,1.9,55.9,68.3,69,,
POR32 4th Avenue,7/27/24,2.4,62.8,,70,11,77.7
GLS7600-Walden,7/26/24,1,2.6,11.6,27,8,73.8
TAH7300-DL Bliss,7/26/24,2.3,70.1,78.5,41,2.2,85.3
MUL1296-Woodfords,7/26/24,7,76.7,85.6,42,0.4,79.4
BKY4201-Summit,7/26/24,2,,,100,6.9,73.5
TPZ1261–Park Ranch,7/26/24,3.9,76,89.1,73,5.3,73.9
TPZ1261-Walker,7/26/24,8,74.4,86.3,54,4.2,71.4
Meyers3400-Uplands,7/26/24,5,67.7,76.8,38,2.3,71.1
111Line-Columbine Trail,7/26/24,2.1,68.4,83.1,43,1.8,69.4
CEM41-Garbage Pit Rd,7/26/24,8,74.2,88,49,5,80.7
CAL204-Dog Valley,7/26/24,6.2,76.1,88.9,40,8,84
TRK7203-Northstar Golf Course,7/26/24,6.1,64.6,83,82,12,76.4
SRB51-Smithneck Rd,7/26/24,6.7,72.8,86.6,42,14.5,80.1
Muller1296-Emigrant Trail,7/26/24,10.3,77.9,89.4,52,0.2,92.3
STL3101 Ledge Ct.,7/26/24,4.5,70.4,81.2,41,2.5,74.5
7400-Glenshire,7/26/24,3.8,66.6,83.3,59,2,78.6
MEY3300-Grass Lake Road,7/26/24,1.3,63.9,80.4,71,4.7,67.9
WSH201-Floriston,7/26/24,3.8,70.4,86.6,62,5.5,88.3
Washoe204-Fariad,7/26/24,8.5,74.2,86.7,51,0.1,83.7
MEY3400-Camp Richardson,7/26/24,4.1,72.6,83.2,46,4.4,76.4
MEY3500-STPD Office,7/26/24,2.7,71.3,81.3,61,6.3,81.8
MUL1296-Markleeville,7/26/24,0.7,72.3,85.9,69,3.6,76.5
TPZ1261-Eastside Lane,7/26/24,8.4,75.4,87.1,45,4.7,79
MEY3300-Tolteca,7/26/24,3.3,70.2,80,41,,
TAH-5201 Lake Forest,7/26/24,1.4,66.8,81,46,7.8,77
Tahoe-7300 Sugar Pine Point,7/26/24,1,68.7,83.2,47,1.6,76.2
SMP8700-Firecamp,7/26/24,1.6,64.5,83.7,71,,
TAH5201-Fairway,7/26/24,3.2,66.9,79,56,,
TPZ1261 Cunningham,7/26/24,5.7,72.5,87.8,70,,
MUL1296-Sorensens,7/26/24,1.9,62.2,78.4,77,,
POR32 4th Avenue,7/26/24,2.6,68.1,86.4,73,11,78.7
GLS7600-Walden,7/25/24,0.9,5.2,11.6,28,8,74.3
TAH7300-DL Bliss,7/25/24,3.1,70.7,78,72,2.1,83.5
MUL1296-Woodfords,7/25/24,6.2,76,84.7,56,0.4,79.6
BKY4201-Summit,7/25/24,1.8,,,100,6.9,74.4
TPZ1261–Park Ranch,7/25/24,4.6,77.4,90.6,92,4.9,72.2
TPZ1261-Walker,7/25/24,7.3,75.9,87.1,78,4.2,70.1
111Line-Columbine Trail,7/25/24,3.4,72.9,80.9,51,1.8,69
CEM41-Garbage Pit Rd,7/25/24,9.3,77.3,87.7,58,5,81.2
CAL204-Dog Valley,7/25/24,6.5,78,88.5,59,8.1,85.8
TRK7203-Northstar Golf Course,7/25/24,6.4,68,83.4,89,12.2,78.4
SRB51-Smithneck Rd,7/25/24,7.7,75.3,86.4,60,14.6,80.5
Muller1296-Emigrant Trail,7/25/24,11,78.1,89.6,58,0.2,92.1
STL3101 Ledge Ct.,7/25/24,5.6,70.4,85.9,48,2.6,77.1
7400-Glenshire,7/25/24,3.6,69.4,83.5,79,2,79.4
MEY3300-Grass Lake Road,7/25/24,3,71.9,79.9,73,4.8,69.4
WSH201-Floriston,7/25/24,6,74.2,86.3,68,5.5,89.7
Washoe204-Fariad,7/25/24,9.8,77.7,87,63,0.2,87.8
MEY3400-Camp Richardson,7/25/24,3.8,70.9,82.8,79,4.8,77
MUL1296-Markleeville,7/25/24,2,72.6,86.9,79,3.6,76.5
TPZ1261-Eastside Lane,7/25/24,8.2,78.7,87.8,58,4.6,85.1
MEY3300-Tolteca,7/25/24,4.5,73.5,80.9,53,,
TAH-5201 Lake Forest,7/25/24,1.8,68.9,,71,7.9,78.1
Tahoe-7300 Sugar Pine Point,7/25/24,1.3,70.2,82.1,69,1.7,77.1
SMP8700-Firecamp,7/25/24,2.1,68.2,83.8,86,,
TAH5201-Fairway,7/25/24,3,68.2,78.6,73,,
TPZ1261 Cunningham,7/25/24,6,73.8,88.4,92,,
MUL1296-Sorensens,7/25/24,2.1,64.6,77,84,,
POR32 4th Avenue,7/25/24,3.2,72.1,88.6,87,11.1,80.1
GLS7600-Walden,7/24/24,1,3.1,11.3,28,8.2,76.3
TAH7300-DL Bliss,7/24/24,1.1,72.2,80.3,69,2.1,84.5
MUL1296-Woodfords,7/24/24,3.1,77.4,89.5,46,0.4,80.5
BKY4201-Summit,7/24/24,1.2,,,100,7,75.2
TPZ1261–Park Ranch,7/24/24,3.4,73.3,87.1,89,4.3,71.7
TPZ1261-Walker,7/24/24,4.3,70.7,82.6,80,4.1,69.6
CEM41-Garbage Pit Rd,7/24/24,5.5,77.3,91.4,78,5,81.2
CAL204-Dog Valley,7/24/24,4.4,80.2,92.5,56,8.2,86.2
TRK7203-Northstar Golf Course,7/24/24,4.6,70.7,86.6,88,12.2,79.3
SRB51-Smithneck Rd,7/24/24,6,77.9,90.9,61,14.7,80.3
Muller1296-Emigrant Trail,7/24/24,5.8,79.7,93.8,57,0.2,103.4
STL3101 Ledge Ct.,7/24/24,2,72.7,84.2,65,2.6,75.2
7400-Glenshire,7/24/24,3.3,71.6,86.8,79,2,78.9
WSH201-Floriston,7/24/24,2.8,76,90.8,68,5.6,90.4
Washoe204-Fariad,7/24/24,8.3,77.8,91,66,0.2,88.4
MEY3400-Camp Richardson,7/24/24,2.4,71.2,86.1,78,5.1,76.6
MUL1296-Markleeville,7/24/24,0.2,75.2,91.5,73,3.7,78.9
TPZ1261-Eastside Lane,7/24/24,10,72.8,84.5,73,3.2,
MEY3300-Tolteca,7/24/24,2.2,72.4,83.1,59,,32
TAH-5201 Lake Forest,7/24/24,1.2,70.6,83.8,75,7.9,78.5
Tahoe-7300 Sugar Pine Point,7/24/24,1.1,70.7,85.3,71,1.7,76.9
SMP8700-Firecamp,7/24/24,1.4,71.3,87.7,82,,
TAH5201-Fairway,7/24/24,2.2,69.9,82.7,76,,
TPZ1261 Cunningham,7/24/24,3.7,69.3,84,90,,
MUL1296-Sorensens,7/24/24,1.8,66.8,84.9,75,,
POR32 4th Avenue,7/24/24,2.6,74,90.6,88,11,79.3
GLS7600-Walden,7/23/24,0,1.8,11.2,27,8.2,76.7
TAH7300-DL Bliss,7/23/24,1.1,73.4,83.6,74,2,84.4
BKY4201-Summit,7/23/24,1.4,,,100,7,74.8
TPZ1261–Park Ranch,7/23/24,6.4,71.9,89.4,80,4.1,76.5
TPZ1261-Walker,7/23/24,7.4,71.5,88.2,76,4.2,71.5
CEM41-Garbage Pit Rd,7/23/24,4.8,78.2,94.5,77,4.9,80
CAL204-Dog Valley,7/23/24,4,81.6,95.6,59,8.2,84.9
TRK7203-Northstar Golf Course,7/23/24,4.2,72.2,89.2,91,12.1,77.7
SRB51-Smithneck Rd,7/23/24,6.1,79.1,94.2,60,14.8,79.2
STL3101 Ledge Ct.,7/23/24,1.1,73.9,86.8,65,2.5,73.8
7400-Glenshire,7/23/24,2.9,72.3,89.3,84,2,77.5
WSH201-Floriston,7/23/24,2.8,76.8,94.1,72,5.6,89
Washoe204-Fariad,7/23/24,7.8,78.9,93.4,69,0.2,87.3
MEY3400-Camp Richardson,7/23/24,2.4,72.3,88.1,85,5.4,76
MUL1296-Markleeville,7/23/24,1,74.6,93.8,81,3.7,75.6
TPZ1261-Eastside Lane,7/23/24,13.8,75.4,91.2,65,2.8,
MEY3300-Tolteca,7/23/24,2.4,74.2,86.2,68,,32
TAH-5201 Lake Forest,7/23/24,1,72.5,88.1,73,7.9,78.1
Tahoe-7300 Sugar Pine Point,7/23/24,0.9,72.2,88.3,78,1.7,77.3
SMP8700-Firecamp,7/23/24,1.1,72.1,91,88,,
TAH5201-Fairway,7/23/24,2.1,71.2,85.3,76,,
TPZ1261 Cunningham,7/23/24,7.2,68.7,90.9,81,,
POR32 4th Avenue,7/23/24,1.7,73.8,92.8,89,10.8,78.2
GLS7600-Walden,7/22/24,0,2.7,11.8,27,8.2,75.5
TAH7300-DL Bliss,7/22/24,1,73.8,84.4,75,1.9,83.4
BKY4201-Summit,7/22/24,1.4,,,100,7,74.6
TPZ1261–Park Ranch,7/22/24,3.9,79.8,96.1,83,3.5,75.2
TPZ1261-Walker,7/22/24,4.5,76.5,91.1,71,4.2,71.7
CEM41-Garbage Pit Rd,7/22/24,4.3,77,92.7,78,4.8,79.2
CAL204-Dog Valley,7/22/24,3.4,79.5,93.9,62,8.2,84.3
TRK7203-Northstar Golf Course,7/22/24,3.4,70.5,91.1,86,12.2,78.9
SRB51-Smithneck Rd,7/22/24,5.2,76.8,92.3,66,14.9,79
STL3101 Ledge Ct.,7/22/24,0.9,73,85.6,65,2.5,72.3
7400-Glenshire,7/22/24,2.2,70.8,89.7,86,2.1,78.5
WSH201-Floriston,7/22/24,1.6,75.6,93.4,69,5.5,87.4
Washoe204-Fariad,7/22/24,5.6,77.5,93.2,66,0.2,83.7
MEY3400-Camp Richardson,7/22/24,2.1,71.7,87.8,82,5.7,75
MUL1296-Markleeville,7/22/24,0.8,74.3,93,85,3.6,73.9
MEY3300-Tolteca,7/22/24,1.8,73.2,86.2,67,,32
TAH-5201 Lake Forest,7/22/24,0.7,71.8,88.7,70,7.9,77.3
Tahoe-7300 Sugar Pine Point,7/22/24,0.9,71.8,88.5,73,1.8,76.6
SMP8700-Firecamp,7/22/24,0.8,70.7,91,87,,32
TAH5201-Fairway,7/22/24,1.6,70.1,85.4,78,,32
TPZ1261 Cunningham,7/22/24,3.8,75.8,92.9,83,,32
POR32 4th Avenue,7/22/24,1.7,74.7,93.4,89,10.7,78.7
GLS7600-Walden,7/21/24,0,6.4,11.8,28,8.4,76.2
TAH7300-DL Bliss,7/21/24,1,73.3,84.3,69,1.8,81
BKY4201-Summit,7/21/24,1.1,,,100,7,73.8
TPZ1261–Park Ranch,7/21/24,5,75.2,92.1,88,3.5,75.9
TPZ1261-Walker,7/21/24,4.8,72.8,89.2,78,4.2,73.4
CEM41-Garbage Pit Rd,7/21/24,4.3,77.1,106.7,79,4.7,78.8
CAL204-Dog Valley,7/21/24,3.6,80.1,96.3,54,8.2,83.6
TRK7203-Northstar Golf Course,7/21/24,4.2,71.8,91.3,84,12.3,79.3
SRB51-Smithneck Rd,7/21/24,4.8,77.7,94.7,62,15,78.4
STL3101 Ledge Ct.,7/21/24,1.2,72.9,85.5,61,2.5,71.2
7400-Glenshire,7/21/24,2.6,72.5,91.5,72,2.1,78.4
WSH201-Floriston,7/21/24,2.8,75.8,93.3,67,5.6,87.3
Washoe204-Fariad,7/21/24,5.7,77.9,94.4,65,0.2,85.6
MEY3400-Camp Richardson,7/21/24,2.2,70.8,87.3,81,6.1,73.6
MUL1296-Markleeville,7/21/24,0.5,72.6,92.7,97,3.6,72.3
MEY3300-Tolteca,7/21/24,1.6,72.3,85.5,66,,32
TAH-5201 Lake Forest,7/21/24,0.6,71,86.6,74,7.9,75.5
Tahoe-7300 Sugar Pine Point,7/21/24,0.8,70.9,87.5,69,1.8,74.2
SMP8700-Firecamp,7/21/24,0.9,71,92.9,88,,32
TAH5201-Fairway,7/21/24,1.4,69.3,85.8,77,,32
TPZ1261 Cunningham,7/21/24,4.5,71.5,89,87,,32
POR32 4th Avenue,7/21/24,1.6,73.5,95,99,10.3,76.4
GLS7600-Walden,7/20/24,0,2.1,11.3,27,8.5,76.2
TAH7300-DL Bliss,7/20/24,1.6,71.8,81.7,68,1.7,79.2
BKY4201-Summit,7/20/24,2,,,100,7.1,73.1
TPZ1261–Park Ranch,7/20/24,4.5,77.7,95.7,85,3.6,81.1
TPZ1261-Walker,7/20/24,4.7,74.2,91.1,90,4.3,75.2
CEM41-Garbage Pit Rd,7/20/24,4.7,75,95.7,71,4.7,80.7
CAL204-Dog Valley,7/20/24,3,78.3,96,46,8.2,83
TRK7203-Northstar Golf Course,7/20/24,4.1,70.5,91.4,85,12.2,77.7
SRB51-Smithneck Rd,7/20/24,5.7,75.3,95.8,69,15.1,78.4
STL3101 Ledge Ct.,7/20/24,2,71.4,81.6,66,2.5,71.6
7400-Glenshire,7/20/24,2.8,71.4,91.7,71,2.1,77.5
WSH201-Floriston,7/20/24,2.3,73.9,93.1,69,5.6,86.8
Washoe204-Fariad,7/20/24,6,76.5,93.8,60,0.2,83.3
MEY3400-Camp Richardson,7/20/24,2.6,69.3,82,74,6.5,72.7
MUL1296-Markleeville,7/20/24,0.3,69.2,92,96,3.5,73.2
MEY3300-Tolteca,7/20/24,2.2,69.5,84,84,,32
TAH-5201 Lake Forest,7/20/24,0.7,70,85.4,64,7.9,74.8
Tahoe-7300 Sugar Pine Point,7/20/24,0.9,68.1,86.3,75,1.8,74.4
SMP8700-Firecamp,7/20/24,0.7,66.5,93.3,90,,32
TAH5201-Fairway,7/20/24,1.6,67.9,83.4,70,,32
TPZ1261 Cunningham,7/20/24,4.9,74,91.9,87,,32
POR32 4th Avenue,7/20/24,1.6,68.1,,97,10,77.8
GLS7600-Walden,7/19/24,0,3.1,13.4,29,8.5,73.9
TAH7300-DL Bliss,7/19/24,1.3,71.2,82,72,1.7,79.4
BKY4201-Summit,7/19/24,1.5,,,100,7.1,72.3
TPZ1261–Park Ranch,7/19/24,3.8,80.9,94.3,75,3.6,80
TPZ1261-Walker,7/19/24,5,77.9,91,58,4.3,74
CEM41-Garbage Pit Rd,7/19/24,4.5,75.2,92.6,60,4.7,80.9
CAL204-Dog Valley,7/19/24,3,77.4,93.6,46,8.2,82.3
TRK7203-Northstar Golf Course,7/19/24,3.2,68.1,88,78,12.2,76.8
SRB51-Smithneck Rd,7/19/24,6.3,75,91.9,47,15.2,77.8
STL3101 Ledge Ct.,7/19/24,1,71,82.3,62,2.6,71.5
7400-Glenshire,7/19/24,2.5,69.2,101.5,67,2.1,76.7
WSH201-Floriston,7/19/24,2.4,73.8,91.8,59,5.6,87.8
Washoe204-Fariad,7/19/24,6.1,75.7,92.6,57,0.3,83.6
MEY3400-Camp Richardson,7/19/24,2,69.1,87,76,6.8,71.8
MUL1296-Markleeville,7/19/24,0.1,74.2,91.7,76,3.5,72.9
MEY3300-Tolteca,7/19/24,1.6,71.5,84.5,58,,32
TAH-5201 Lake Forest,7/19/24,0.6,69.8,,63,7.8,73.8
Tahoe-7300 Sugar Pine Point,7/19/24,0.8,69.9,86.1,67,1.9,74.5
SMP8700-Firecamp,7/19/24,0.9,68.8,89.3,67,,32
TAH5201-Fairway,7/19/24,1.6,68.3,83.8,68,,32
TPZ1261 Cunningham,7/19/24,4.7,77.5,91,81,,32
POR32 4th Avenue,7/19/24,2,72.6,,100,10,78.2
TAH7300-DL Bliss,7/18/24,1.2,68.4,80.1,66,1.6,77
BKY4201-Summit,7/18/24,1.6,,,100,7.1,71
TPZ1261–Park Ranch,7/18/24,3.3,76.6,92.4,74,3.6,80.1
TPZ1261-Walker,7/18/24,4.2,74.9,88.5,55,4.3,73.6
CEM41-Garbage Pit Rd,7/18/24,4.2,71.3,109.5,52,4.7,79.5
CAL204-Dog Valley,7/18/24,3.2,73.9,93.2,46,8.2,80.9
TRK7203-Northstar Golf Course,7/18/24,3.3,64,87.4,86,12.1,74.4
SRB51-Smithneck Rd,7/18/24,5,71.8,91.4,43,15.4,76.9
STL3101 Ledge Ct.,7/18/24,0.9,68.1,81.7,52,2.6,70.6
7400-Glenshire,7/18/24,2.8,65.4,87.4,69,2.1,75.2
WSH201-Floriston,7/18/24,3.1,70.3,89.9,59,5.6,85.7
Washoe204-Fariad,7/18/24,7.4,72.8,91.2,53,0.3,81.1
MEY3400-Camp Richardson,7/18/24,1.9,66,83.8,72,7.1,70.4
MUL1296-Markleeville,7/18/24,0.1,70.6,86.9,68,3.4,70.1
MEY3300-Tolteca,7/18/24,1.8,67.7,80.4,55,,32
TAH-5201 Lake Forest,7/18/24,0.7,66,83,64,7.8,72
Tahoe-7300 Sugar Pine Point,7/18/24,0.9,66.6,84.5,62,1.9,73
SMP8700-Firecamp,7/18/24,0.8,64.9,88.4,74,,32
TAH5201-Fairway,7/18/24,1.7,64.7,82,83,,32
TPZ1261 Cunningham,7/18/24,3.3,72.3,88.2,71,,32
POR32 4th Avenue,7/18/24,2.1,68.4,,71,9.8,76.1
GLS7600-Walden,7/17/24,0,5,12.5,28,8.5,70.9
TAH7300-DL Bliss,7/17/24,1.3,66.4,76.3,67,1.5,75.2
BKY4201-Summit,7/17/24,1.6,,,100,7.1,70.8
TPZ1261–Park Ranch,7/17/24,3.4,77,91.9,72,3.6,79.8
TPZ1261-Walker,7/17/24,5.8,75.4,89.8,46,4.3,73.2
CEM41-Garbage Pit Rd,7/17/24,6.2,70.6,86.8,59,4.7,79.2
CAL204-Dog Valley,7/17/24,4.7,73.5,87.2,45,8.2,80.9
TRK7203-Northstar Golf Course,7/17/24,4.7,62.3,81.5,87,12.1,74.5
SRB51-Smithneck Rd,7/17/24,6.3,71.3,85.4,38,15.6,76.4
STL3101 Ledge Ct.,7/17/24,1.8,67.4,79.8,45,2.6,69.9
7400-Glenshire,7/17/24,2.9,63.6,82.3,65,2.1,74.7
WSH201-Floriston,7/17/24,3.7,68.6,85.6,59,5.6,85.5
Washoe204-Fariad,7/17/24,7.4,72,85.7,55,0.5,80.2
MEY3400-Camp Richardson,7/17/24,2.4,64.5,80.4,73,7.4,70.3
MUL1296-Markleeville,7/17/24,1,69.2,86,79,3.4,70.2
MEY3300-Tolteca,7/17/24,2.2,66,78.8,53,,32
TAH-5201 Lake Forest,7/17/24,1.2,64.3,,73,7.8,71.1
Tahoe-7300 Sugar Pine Point,7/17/24,1.1,64.4,82,56,2,71.8
SMP8700-Firecamp,7/17/24,1.3,63,82.9,74,,32
TAH5201-Fairway,7/17/24,2.1,62.6,77.6,74,,32
TPZ1261 Cunningham,7/17/24,4.7,73.3,89.2,69,,32
POR32 4th Avenue,7/17/24,2.2,65.8,85.4,82,9.8,75.4
GLS7600-Walden,7/16/24,1,3.5,12.9,28,8.6,71.2
TAH7300-DL Bliss,7/16/24,1.2,65.8,75.3,79,1.4,73.2
BKY4201-Summit,7/16/24,1.4,,,100,7.1,70.7
TPZ1261–Park Ranch,7/16/24,4.7,78.2,90.5,74,3.6,78.1
TPZ1261-Walker,7/16/24,7.3,74,85.4,57,4.2,72.1
CEM41-Garbage Pit Rd,7/16/24,5.1,71.6,87.3,73,4.7,79.1
CAL204-Dog Valley,7/16/24,4.1,74.6,88.6,62,8.2,79.1
TRK7203-Northstar Golf Course,7/16/24,4.6,65.4,82.2,93,12.2,74.7
SRB51-Smithneck Rd,7/16/24,5.5,71.6,86.3,64,15.8,76.3
STL3101 Ledge Ct.,7/16/24,2.2,66.5,77.9,71,2.6,67.2
7400-Glenshire,7/16/24,2.9,65.8,81.2,88,2.1,73.7
WSH201-Floriston,7/16/24,3.3,70.9,85.6,77,5.6,85
Washoe204-Fariad,7/16/24,8.2,73,86,74,0.9,77.9
MEY3400-Camp Richardson,7/16/24,2.3,64.6,79.9,96,7.7,70.3
MUL1296-Markleeville,7/16/24,0.8,69.3,84.8,95,3.4,69.2
MEY3300-Tolteca,7/16/24,2.2,66.3,78.6,73,,32
TAH-5201 Lake Forest,7/16/24,0.9,65.1,79.2,88,7.7,70
Tahoe-7300 Sugar Pine Point,7/16/24,0.9,64.7,80.3,81,1.9,69.5
SMP8700-Firecamp,7/16/24,1.1,65.3,83.4,88,,32
TAH5201-Fairway,7/16/24,2.1,63.7,76.8,96,,32
TPZ1261 Cunningham,7/16/24,6.3,74.3,88.2,76,,32
POR32 4th Avenue,7/16/24,2.1,68.8,86.5,94,9.8,75.7
GLS7600-Walden,7/15/24,0,3.5,13.3,28,8.6,70.8
TAH7300-DL Bliss,7/15/24,0.7,62.5,73.9,89,1.4,73.1
BKY4201-Summit,7/15/24,1.5,,,100,7.1,69.7
TPZ1261–Park Ranch,7/15/24,5.3,72.9,86.1,73,3.6,77.6
TPZ1261-Walker,7/15/24,5.4,69.1,82.1,62,4.3,71.9
CEM41-Garbage Pit Rd,7/15/24,4.9,69.3,96.6,81,4.7,79.1
CAL204-Dog Valley,7/15/24,3.2,70,89.3,85,8.1,77.8
TRK7203-Northstar Golf Course,7/15/24,2.9,61.2,81.9,98,12,72.8
SRB51-Smithneck Rd,7/15/24,6.4,69.3,87.4,70,16,76.9
STL3101 Ledge Ct.,7/15/24,0.9,63,73.3,69,2.7,66.9
7400-Glenshire,7/15/24,2.1,62.5,82.7,92,2.1,73.5
WSH201-Floriston,7/15/24,2.8,67.8,86.5,83,5.5,82.2
Washoe204-Fariad,7/15/24,7,69.3,87.5,81,1.3,72.2
MEY3400-Camp Richardson,7/15/24,1.7,58.7,72.4,94,6.8,70.2
MUL1296-Markleeville,7/15/24,0.1,61.1,83.8,92,3.3,68
MEY3300-Tolteca,7/15/24,1.2,62,74.3,75,,32
TAH-5201 Lake Forest,7/15/24,0.4,60.9,75.8,92,7.7,70.1
Tahoe-7300 Sugar Pine Point,7/15/24,0.7,60.3,72.5,90,1.7,68.2
SMP8700-Firecamp,7/15/24,0.8,61.3,84.4,97,,32
TAH5201-Fairway,7/15/24,1.1,59.2,74,94,,32
TPZ1261 Cunningham,7/15/24,4.6,68.4,83,80,,32
POR32 4th Avenue,7/15/24,1.5,66.1,88.6,92,10,77.6
GLS7600-Walden,7/14/24,0,7.2,12.6,28,8.6,69.6
TAH7300-DL Bliss,7/14/24,0.9,65,71,76,1.4,75.3
BKY4201-Summit,7/14/24,0.9,,,100,7.2,71.7
TPZ1261–Park Ranch,7/14/24,7,75.6,84.3,78,3.6,79.7
TPZ1261-Walker,7/14/24,5.7,72.7,81.2,65,4.3,72.9
CEM41-Garbage Pit Rd,7/14/24,4.7,72.3,82.4,68,4.7,80.9
CAL204-Dog Valley,7/14/24,2,68.7,82.6,87,8.3,82.3
TRK7203-Northstar Golf Course,7/14/24,2.4,63.1,76.7,91,12.2,74.4
SRB51-Smithneck Rd,7/14/24,6.1,71.8,81.2,74,16.3,78.5
STL3101 Ledge Ct.,7/14/24,0.8,64.8,73.5,77,3,70
7400-Glenshire,7/14/24,1.6,64.4,76.4,80,2.2,76.1
WSH201-Floriston,7/14/24,1.8,67.8,79.8,69,5.5,83.8
Washoe204-Fariad,7/14/24,3.7,68,80,86,0.6,73.4
MEY3400-Camp Richardson,7/14/24,1.5,62.4,73.4,93,5.4,72.6
MUL1296-Markleeville,7/14/24,0.5,67.1,82.7,89,3.4,71.3
MEY3300-Tolteca,7/14/24,1.5,64.4,73.8,80,,32
TAH-5201 Lake Forest,7/14/24,0.3,63.4,76.1,92,7.9,73.6
Tahoe-7300 Sugar Pine Point,7/14/24,0.7,63.1,76.6,81,1.7,71.9
SMP8700-Firecamp,7/14/24,0.6,61.4,77.9,94,,32
TAH5201-Fairway,7/14/24,0.9,61.7,74.4,91,,32
TPZ1261 Cunningham,7/14/24,5.3,72.2,82.6,75,,32
POR32 4th Avenue,7/14/24,1.8,69.6,,75,10.2,79.9
GLS7600-Walden,7/13/24,0,4.8,11.2,28,8.7,74.3
TAH7300-DL Bliss,7/13/24,2.3,70.2,82.3,79,1.5,82.9
BKY4201-Summit,7/13/24,1.8,,,100,7.3,74.2
TPZ1261–Park Ranch,7/13/24,6.4,80.2,95.2,69,3.7,80.9
TPZ1261-Walker,7/13/24,6.6,77.5,92,56,4.4,75.4
CEM41-Garbage Pit Rd,7/13/24,6.8,81.1,94.1,46,4.8,83.1
CAL204-Dog Valley,7/13/24,3.9,79.4,94.9,50,8.5,85.6
TRK7203-Northstar Golf Course,7/13/24,5.1,71.2,90.3,69,12.5,78.5
SRB51-Smithneck Rd,7/13/24,6.2,80.5,93.2,38,16.5,79.1
STL3101 Ledge Ct.,7/13/24,2.2,70.3,83,75,2.4,74.9
7400-Glenshire,7/13/24,3.4,71.9,88.1,61,2.3,78.2
WSH201-Floriston,7/13/24,2.6,76.1,93,56,5.8,89.5
Washoe204-Fariad,7/13/24,5.2,77,93.3,67,0.3,83.7
MEY3400-Camp Richardson,7/13/24,2.7,67.5,85.6,94,2.9,76.4
MUL1296-Markleeville,7/13/24,0.2,68.5,92.3,84,3.5,75.6
MEY3300-Tolteca,7/13/24,2.2,68.5,85.9,90,,32
TAH-5201 Lake Forest,7/13/24,0.8,70.4,85.5,65,8,77.4
Tahoe-7300 Sugar Pine Point,7/13/24,1.3,67.9,85.9,91,1.7,77.1
SMP8700-Firecamp,7/13/24,1.2,71.7,90.8,64,,32
TAH5201-Fairway,7/13/24,2.3,69,83.8,72,,32
TPZ1261 Cunningham,7/13/24,5.7,76.6,91,64,,32
POR32 4th Avenue,7/13/24,2.4,78.7,,57,10.4,82.8
GLS7600-Walden,7/12/24,0.3,2.9,11.1,27,8.9,76.1
TAH7300-DL Bliss,7/12/24,1.5,73.6,84.8,62,1.6,85.2
BKY4201-Summit,7/12/24,1.5,,,100,7.3,74
TPZ1261–Park Ranch,7/12/24,5,80.6,96,66,3.7,82.6
TPZ1261-Walker,7/12/24,5.1,78.5,94.1,39,4.4,76.8
CEM41-Garbage Pit Rd,7/12/24,5,78.6,97.9,47,4.8,82.5
CAL204-Dog Valley,7/12/24,2.9,80.9,98.4,40,8.6,85.1
TRK7203-Northstar Golf Course,7/12/24,3.1,69.9,92.9,78,12.6,79.3
SRB51-Smithneck Rd,7/12/24,5.4,79.1,97.1,39,16.7,78.4
STL3101 Ledge Ct.,7/12/24,1.5,72.8,87.7,50,1.7,76.2
7400-Glenshire,7/12/24,2.4,71.4,93,60,2.3,77.9
WSH201-Floriston,7/12/24,3,76.7,96,56,5.8,90.1
Washoe204-Fariad,7/12/24,6.5,78.8,96.9,52,0.1,87.9
MEY3400-Camp Richardson,7/12/24,2.2,69.8,88.4,63,2.5,77.1
MUL1296-Markleeville,7/12/24,0.1,71,94.2,72,3.5,77.2
MEY3300-Tolteca,7/12/24,1.7,72.6,87.8,47,,32
TAH-5201 Lake Forest,7/12/24,0.4,70.4,86,64,8.1,77.7
Tahoe-7300 Sugar Pine Point,7/12/24,1.2,70.4,88.3,60,1.8,77.4
SMP8700-Firecamp,7/12/24,0.9,71.7,94.1,65,,32
TAH5201-Fairway,7/12/24,1.2,69.2,85.9,65,,32
TPZ1261 Cunningham,7/12/24,4.9,76.8,93.4,63,,32
POR32 4th Avenue,7/12/24,2.1,74.8,97.2,65,10.4,81.5
GLS7600-Walden,7/11/24,0,0.3,11.9,28,9,74.6
TAH7300-DL Bliss,7/11/24,1.4,73.8,86.7,70,1.6,84.9
BKY4201-Summit,7/11/24,1.4,,,100,7.3,73.5
TPZ1261–Park Ranch,7/11/24,4.1,83.2,100,60,3.8,83.8
TPZ1261-Walker,7/11/24,6.7,81.5,95.8,31,4.4,76.8
CEM41-Garbage Pit Rd,7/11/24,4.9,76.8,105.9,59,4.8,82.3
CAL204-Dog Valley,7/11/24,4,79.3,96.9,49,8.6,84.6
TRK7203-Northstar Golf Course,7/11/24,4.2,68.6,92.1,87,12.7,79
SRB51-Smithneck Rd,7/11/24,6.4,77.6,95.7,52,17.1,78
STL3101 Ledge Ct.,7/11/24,1.4,74.5,89.9,49,1.7,76.4
7400-Glenshire,7/11/24,2.7,70.1,91.8,75,2.3,77.7
WSH201-Floriston,7/11/24,3.7,74.8,94.7,63,5.9,89.8
Washoe204-Fariad,7/11/24,7.7,77.3,95.3,61,0.1,86.5
MEY3400-Camp Richardson,7/11/24,2.6,70.3,90.5,79,2.6,76.8
MUL1296-Markleeville,7/11/24,0.7,74.2,95.4,64,3.6,78.8
MEY3300-Tolteca,7/11/24,1.7,73.7,89.5,54,,32
TAH-5201 Lake Forest,7/11/24,0.7,71,90.5,69,8.1,77.3
Tahoe-7300 Sugar Pine Point,7/11/24,1,71.3,90.6,65,1.8,77
SMP8700-Firecamp,7/11/24,1.2,69.7,92.3,86,,32
TAH5201-Fairway,7/11/24,1.8,69.4,88.3,70,,32
TPZ1261 Cunningham,7/11/24,4.3,78.6,96.4,65,,32
POR32 4th Avenue,7/11/24,2.2,72.5,96.8,66,10.4,81
GLS7600-Walden,7/10/24,0,3.5,12.4,27,9,74.3
TAH7300-DL Bliss,7/10/24,1.2,72,85.1,69,1.6,84.7
BKY4201-Summit,7/10/24,1.4,,,100,7.4,73.2
TPZ1261–Park Ranch,7/10/24,4,84,100.2,60,3.8,83.8
TPZ1261-Walker,7/10/24,6.5,81.1,96.8,43,4.5,76.7
CEM41-Garbage Pit Rd,7/10/24,4.7,75.6,96.2,51,4.8,82
CAL204-Dog Valley,7/10/24,4.2,78.2,96.6,44,8.7,84.5
TRK7203-Northstar Golf Course,7/10/24,3.2,67.3,90.6,78,12.8,79
SRB51-Smithneck Rd,7/10/24,6.2,76.3,94.9,44,17.4,77.7
STL3101 Ledge Ct.,7/10/24,1.1,72.3,86.1,41,1.7,76.3
7400-Glenshire,7/10/24,2.7,68.5,90.4,70,2.4,77.4
WSH201-Floriston,7/10/24,3.3,73.9,94.6,61,5.9,90
Washoe204-Fariad,7/10/24,7.4,76.6,94.4,58,0.1,86.2
MEY3400-Camp Richardson,7/10/24,2.5,68.7,89.5,65,2.7,76.7
MUL1296-Markleeville,7/10/24,0.7,75.1,96.1,65,3.6,78.7
MEY3300-Tolteca,7/10/24,2,72.1,88.1,50,,32
TAH-5201 Lake Forest,7/10/24,0.7,68.9,88.9,67,8.2,76.8
Tahoe-7300 Sugar Pine Point,7/10/24,1.2,69.3,89,62,1.9,76.6
SMP8700-Firecamp,7/10/24,0.9,68.2,91.9,89,,32
TAH5201-Fairway,7/10/24,1.7,67.6,86.7,60,,32
TPZ1261 Cunningham,7/10/24,4.1,79.5,98.5,60,,32
POR32 4th Avenue,7/10/24,2,72.1,94.2,69,10.5,81.1
GLS7600-Walden,7/9/24,0,5,11.6,27,9.2,74.1
TAH7300-DL Bliss,7/9/24,1.2,72.8,84.6,68,1.6,85.1
BKY4201-Summit,7/9/24,1.5,,,100,7.5,73.5
TPZ1261–Park Ranch,7/9/24,4.4,83.4,100.5,70,3.9,83.4
TPZ1261-Walker,7/9/24,6.8,81.9,95.8,38,4.5,76.5
CEM41-Garbage Pit Rd,7/9/24,5.1,76.8,105.9,57,4.9,82.4
CAL204-Dog Valley,7/9/24,4.3,78.9,95.8,41,8.7,84.9
TRK7203-Northstar Golf Course,7/9/24,3.9,67.8,90.5,85,12.9,79.5
SRB51-Smithneck Rd,7/9/24,7.1,78.5,93.8,49,17.7,77.5
STL3101 Ledge Ct.,7/9/24,1.2,73.2,86.4,47,1.8,76.6
7400-Glenshire,7/9/24,3,68.9,90,73,2.4,77.7
WSH201-Floriston,7/9/24,3.5,74.1,93.5,63,6,90.4
Washoe204-Fariad,7/9/24,6.9,76.7,93.5,60,0.1,86.4
MEY3400-Camp Richardson,7/9/24,2.4,68.9,88.5,62,2.7,76.6
MUL1296-Markleeville,7/9/24,0.5,74.2,95,68,3.6,78.1
MEY3300-Tolteca,7/9/24,1.8,72.7,87.1,45,,32
TAH-5201 Lake Forest,7/9/24,0.8,69.4,88,67,8.3,77.2
Tahoe-7300 Sugar Pine Point,7/9/24,1,69.9,88.7,68,1.9,77
SMP8700-Firecamp,7/9/24,1.1,68.6,91.5,73,,32
TAH5201-Fairway,7/9/24,1.6,68,85.8,69,,32
TPZ1261 Cunningham,7/9/24,5.6,79.8,97.2,53,,32
POR32 4th Avenue,7/9/24,2.2,72.8,93.9,74,10.6,81.5
GLS7600-Walden,7/8/24,0,1.2,12.2,27,9.4,74.5
TAH7300-DL Bliss,7/8/24,1.2,73.6,86,68,1.7,85.3
BKY4201-Summit,7/8/24,1.2,64.4,,100,7.5,73.5
TPZ1261–Park Ranch,7/8/24,3,84.6,99.9,62,3.9,83.8
TPZ1261-Walker,7/8/24,9.4,82.6,96,49,4.6,78.2
CEM41-Garbage Pit Rd,7/8/24,3.7,78,97.2,64,4.9,82.6
CAL204-Dog Valley,7/8/24,4.1,80.1,97.6,45,8.8,85
TRK7203-Northstar Golf Course,7/8/24,3.3,69,91.9,90,13,79.9
SRB51-Smithneck Rd,7/8/24,5.9,78.8,95.8,48,18,77
STL3101 Ledge Ct.,7/8/24,1.5,74,88.8,50,1.8,76.7
7400-Glenshire,7/8/24,2.3,70.3,92.5,79,2.4,77.7
WSH201-Floriston,7/8/24,3.3,75.1,96.1,64,6,90.7
Washoe204-Fariad,7/8/24,7.6,77.4,95.3,61,0.1,87
MEY3400-Camp Richardson,7/8/24,2.6,70.6,90.1,69,2.8,76.5
MUL1296-Markleeville,7/8/24,0.6,74.5,95.2,70,3.6,78.4
MEY3300-Tolteca,7/8/24,1.8,73.5,89,52,,32
TAH-5201 Lake Forest,7/8/24,0.7,70.1,89.9,64,8.3,77.3
Tahoe-7300 Sugar Pine Point,7/8/24,1,70.6,90.1,67,2,77.3
SMP8700-Firecamp,7/8/24,1,69.8,93.4,72,,32
TAH5201-Fairway,7/8/24,1.5,68.8,87.6,67,,32
TPZ1261 Cunningham,7/8/24,5.7,81.2,96.9,53,,32
POR32 4th Avenue,7/8/24,1.9,74.7,96.9,76,10.7,81.6
TAH7300-DL Bliss,7/7/24,1.1,74.8,86.5,67,1.7,85.1
BKY4201-Summit,7/7/24,1.4,,,100,7.6,73.2
TPZ1261–Park Ranch,7/7/24,4.5,85.5,100.1,60,3.9,83.6
TPZ1261-Walker,7/7/24,5.2,82.5,95,39,4.5,75.8
CEM41-Garbage Pit Rd,7/7/24,5,79.5,119.7,53,5,82.3
CAL204-Dog Valley,7/7/24,3.7,81.3,98.9,43,8.8,84.5
TRK7203-Northstar Golf Course,7/7/24,2.7,69.5,93.8,88,13.1,80
SRB51-Smithneck Rd,7/7/24,6.8,80.2,96.4,37,18.3,76.5
STL3101 Ledge Ct.,7/7/24,1,75,87.1,49,1.9,76.3
7400-Glenshire,7/7/24,2.4,71,93.1,73,2.5,77.2
WSH201-Floriston,7/7/24,3.1,76.3,96.1,60,6.1,90.8
Washoe204-Fariad,7/7/24,8.2,78.7,96.2,58,0.1,86.9
MEY3400-Camp Richardson,7/7/24,2.4,70.9,91.2,68,2.9,76.1
MUL1296-Markleeville,7/7/24,0.5,75.2,96.3,65,3.6,78
MEY3300-Tolteca,7/7/24,1.5,74.4,89.4,52,,32
TAH-5201 Lake Forest,7/7/24,0.7,70.6,90.8,64,8.4,77
Tahoe-7300 Sugar Pine Point,7/7/24,1,71.3,90.5,69,2.1,77.1
SMP8700-Firecamp,7/7/24,0.8,71,94.6,73,,32
TAH5201-Fairway,7/7/24,1.6,69.5,89.5,64,,32
TPZ1261 Cunningham,7/7/24,4.2,80.4,96.7,56,,32
POR32 4th Avenue,7/7/24,2.2,75.5,98.1,70,10.7,81.1
GLS7600-Walden,7/6/24,0,-3.1,11.6,27,9.6,74.1
TAH7300-DL Bliss,7/6/24,1.8,75.7,86.3,61,1.8,84.5
BKY4201-Summit,7/6/24,1.7,62.5,,100,7.6,72.4
TPZ1261–Park Ranch,7/6/24,3.9,83.2,100.1,53,3.9,82.3
TPZ1261-Walker,7/6/24,4.7,80.7,95.8,46,4.5,74.9
CEM41-Garbage Pit Rd,7/6/24,4.5,79.1,97.3,57,5,81.3
CAL204-Dog Valley,7/6/24,3.5,79.7,99,39,8.8,83.2
TRK7203-Northstar Golf Course,7/6/24,3.1,69.8,93.4,94,13.2,79.5
SRB51-Smithneck Rd,7/6/24,6.9,79.3,96.8,37,18.6,75.6
STL3101 Ledge Ct.,7/6/24,1,75,88.7,51,1.9,75.4
7400-Glenshire,7/6/24,2.3,70.9,93.3,74,2.5,76.6
WSH201-Floriston,7/6/24,2.1,75.3,97.7,63,6.1,90.2
Washoe204-Fariad,7/6/24,5.3,77.3,96.8,59,0.1,84.9
MEY3400-Camp Richardson,7/6/24,2.2,71.2,91,79,2.9,75.4
MUL1296-Markleeville,7/6/24,0.1,74.5,97.3,70,3.6,77.2
MEY3300-Tolteca,7/6/24,1.8,74.7,89,55,,32
TAH-5201 Lake Forest,7/6/24,0.5,71.1,89.5,66,8.4,76.5
Tahoe-7300 Sugar Pine Point,7/6/24,1.1,71.6,90.2,69,2.1,76.9
SMP8700-Firecamp,7/6/24,0.7,70.5,94.3,69,,32
TAH5201-Fairway,7/6/24,1.4,70.2,88.4,65,,32
TPZ1261 Cunningham,7/6/24,4.5,79.1,96.7,56,,32
POR32 4th Avenue,7/6/24,2,75,99.3,63,10.7,79.9
GLS7600-Walden,7/5/24,0,4.3,11.8,28,9.7,72.9
TAH7300-DL Bliss,7/5/24,1.1,73.4,84.6,69,1.8,83
BKY4201-Summit,7/5/24,1.6,,,100,7.7,71.5
TPZ1261–Park Ranch,7/5/24,4.8,81.8,97.4,67,4,81.7
TPZ1261-Walker,7/5/24,5.5,79,92.9,45,4.6,74.4
CEM41-Garbage Pit Rd,7/5/24,3.4,77,95.6,57,5,80.4
CAL204-Dog Valley,7/5/24,2.8,77.2,96.5,50,8.9,82.6
TRK7203-Northstar Golf Course,7/5/24,2.4,68.6,92.3,95,13.2,78.7
SRB51-Smithneck Rd,7/5/24,6.7,77.1,94.6,47,18.9,74.9
STL3101 Ledge Ct.,7/5/24,1,72.6,86.2,53,2,74.2
7400-Glenshire,7/5/24,2.1,69.4,91.5,82,2.5,76.3
WSH201-Floriston,7/5/24,2.3,74.3,94.8,69,6.1,89.7
Washoe204-Fariad,7/5/24,6.3,75.7,94.3,66,0.1,83.7
MEY3400-Camp Richardson,7/5/24,1.7,68.9,88.1,85,3,74.7
MUL1296-Markleeville,7/5/24,0,72.8,95.1,78,3.6,76.7
MEY3300-Tolteca,7/5/24,1.4,72.4,87.2,60,,32
TAH-5201 Lake Forest,7/5/24,0.5,70.1,88.6,70,8.5,75.6
Tahoe-7300 Sugar Pine Point,7/5/24,0.9,70.4,88.1,77,2.2,76
SMP8700-Firecamp,7/5/24,0.8,69,92.3,76,,32
TAH5201-Fairway,7/5/24,1,68.9,86.8,70,,32
TPZ1261 Cunningham,7/5/24,4.8,76.8,93.8,70,,32
POR32 4th Avenue,7/5/24,1.5,73.4,96.9,76,10.8,79.1
GLS7600-Walden,7/4/24,0,2.3,19.3,33,9.8,72.4
TAH7300-DL Bliss,7/4/24,1.6,70.8,81.3,73,1.9,81.9
BKY4201-Summit,7/4/24,1.5,,,100,7.7,70.7
TPZ1261–Park Ranch,7/4/24,4.2,79.7,95.6,61,4,80.8
TPZ1261-Walker,7/4/24,4.9,76.6,90.5,49,4.6,73.7
CEM41-Garbage Pit Rd,7/4/24,3.3,75,92.7,58,5,79.5
CAL204-Dog Valley,7/4/24,3.2,75.4,93.9,46,8.9,81.5
TRK7203-Northstar Golf Course,7/4/24,2.7,66.5,87.9,90,13.3,77.6
SRB51-Smithneck Rd,7/4/24,5.7,75.1,92.1,46,19.4,74.2
STL3101 Ledge Ct.,7/4/24,1.2,70.6,83,56,2,73.5
7400-Glenshire,7/4/24,2.2,67.8,88.4,80,2.5,75.4
WSH201-Floriston,7/4/24,1.9,72.4,91.8,72,6.2,88.8
Washoe204-Fariad,7/4/24,4.5,74.2,91.8,67,0.1,83
MEY3400-Camp Richardson,7/4/24,1.9,67.5,84.3,84,3,74.2
MUL1296-Markleeville,7/4/24,0,71.5,92.7,75,3.6,75.6
MEY3300-Tolteca,7/4/24,1.5,70.4,85.5,59,,32
TAH-5201 Lake Forest,7/4/24,0.5,67.9,86.1,69,8.6,74.8
Tahoe-7300 Sugar Pine Point,7/4/24,1,68.2,86.8,71,2.3,75.1
SMP8700-Firecamp,7/4/24,0.8,67.4,89.3,79,,32
TAH5201-Fairway,7/4/24,1.5,66.7,84.6,76,,32
TPZ1261 Cunningham,7/4/24,4.2,74.2,91.7,70,,32
POR32 4th Avenue,7/4/24,1.9,71.6,93.5,76,10.8,78.2
GLS7600-Walden,7/3/24,0,4.7,12.4,28,10,71.4
TAH7300-DL Bliss,7/3/24,1.1,70.7,81.3,64,1.9,80.8
BKY4201-Summit,7/3/24,1.6,,,100,7.8,70.1
TPZ1261–Park Ranch,7/3/24,4.7,77.2,91.1,64,4,79.8
TPZ1261-Walker,7/3/24,5.2,74.6,88,51,4.6,73.2
CEM41-Garbage Pit Rd,7/3/24,3.2,73.4,91.5,46,5,78.3
CAL204-Dog Valley,7/3/24,2.9,72.9,91.8,44,8.9,80.8
TRK7203-Northstar Golf Course,7/3/24,2.6,65.3,89.3,90,13.3,76.7
SRB51-Smithneck Rd,7/3/24,6.1,72.8,90.9,40,19.8,73.3
STL3101 Ledge Ct.,7/3/24,1.1,70.1,82.5,45,2.1,72.8
7400-Glenshire,7/3/24,2.2,66.3,88.8,72,2.5,74.8
WSH201-Floriston,7/3/24,1.9,70.1,91.8,69,6.2,87.7
Washoe204-Fariad,7/3/24,4.7,71.3,89.7,66,0.1,79.4
MEY3400-Camp Richardson,7/3/24,2,66.5,84.8,73,3,73.5
MUL1296-Markleeville,7/3/24,0,69.8,91.3,79,3.6,74.8
MEY3300-Tolteca,7/3/24,1.6,69.9,85.3,61,,32
TAH-5201 Lake Forest,7/3/24,0.6,67.3,85,63,8.6,74.3
Tahoe-7300 Sugar Pine Point,7/3/24,1,67.8,85.8,61,2.4,74.4
SMP8700-Firecamp,7/3/24,0.7,65.8,88.4,72,,32
TAH5201-Fairway,7/3/24,1.3,66.4,84,61,,32
TPZ1261 Cunningham,7/3/24,5,73.3,88.3,58,,32
POR32 4th Avenue,7/3/24,1.7,71,,63,10.8,77.1
GLS7600-Walden,7/2/24,0,4.1,13.8,28,10,70.3
TAH7300-DL Bliss,7/2/24,1.8,68.5,78,41,2,79.4
BKY4201-Summit,7/2/24,2.3,,,100,7.9,69.3
TPZ1261–Park Ranch,7/2/24,4.2,76.1,90.7,50,4,79.1
TPZ1261-Walker,7/2/24,5,73.1,87,46,4.6,72.9
CEM41-Garbage Pit Rd,7/2/24,5.1,72.5,88.9,47,5,77.5
CAL204-Dog Valley,7/2/24,3.8,72.4,90.9,46,8.9,80.1
TRK7203-Northstar Golf Course,7/2/24,3,64.2,86.1,84,13.3,75.5
SRB51-Smithneck Rd,7/2/24,5.5,71.3,88.3,49,20.2,72.8
STL3101 Ledge Ct.,7/2/24,2.2,69.7,80.7,42,2.1,71.8
7400-Glenshire,7/2/24,2.2,64.9,86.2,72,2.5,74
WSH201-Floriston,7/2/24,1.8,69,89.3,66,6.2,86.9
Washoe204-Fariad,7/2/24,4,70.3,88.5,62,0.1,79.2
MEY3400-Camp Richardson,7/2/24,2.2,66,82.4,69,3.1,73
MUL1296-Markleeville,7/2/24,0,68.2,88.8,76,3.6,74.1
MEY3300-Tolteca,7/2/24,1.7,68.9,82.3,58,,32
TAH-5201 Lake Forest,7/2/24,0.6,66.8,80,52,8.7,73.5
Tahoe-7300 Sugar Pine Point,7/2/24,1,67.3,81.7,60,2.4,73.7
SMP8700-Firecamp,7/2/24,1,65.1,85.7,76,,32
TAH5201-Fairway,7/2/24,1.7,65.1,80.9,67,,32
TPZ1261 Cunningham,7/2/24,4.4,71.9,88.4,59,,32
POR32 4th Avenue,7/2/24,2.1,70.3,90.3,63,10.8,76.3
GLS7600-Walden,7/1/24,0,5.2,14.2,29,10.2,69.4
TAH7300-DL Bliss,7/1/24,1.4,64.4,75,82,2.1,77.9
BKY4201-Summit,7/1/24,2.1,,,100,7.9,68.7
TPZ1261–Park Ranch,7/1/24,4.8,75,88.5,65,4,78.9
TPZ1261-Walker,7/1/24,5.8,71.4,84,67,4.6,72.6
CEM41-Garbage Pit Rd,7/1/24,4.9,68.9,84.4,72,5,76.6
CAL204-Dog Valley,7/1/24,3.1,69.4,85.7,64,9,79.6
TRK7203-Northstar Golf Course,7/1/24,2.7,61.2,81.9,98,13.4,74.6
SRB51-Smithneck Rd,7/1/24,5.8,68.2,84.2,62,20.6,72.3
STL3101 Ledge Ct.,7/1/24,1.4,64.3,75.8,71,2.1,70.6
7400-Glenshire,7/1/24,2.3,62.5,80.5,93,2.6,73.8
WSH201-Floriston,7/1/24,2.6,67.4,84.6,81,6.2,85.6
Washoe204-Fariad,7/1/24,5.1,68.5,84.2,79,0.1,79.1
MEY3400-Camp Richardson,7/1/24,2,62.3,79.4,90,3.1,72.7
MUL1296-Markleeville,7/1/24,0,67.2,86.3,82,3.6,74
MEY3300-Tolteca,7/1/24,1.5,64.4,78.4,77,,32
TAH-5201 Lake Forest,7/1/24,0.8,63.1,77.3,81,8.7,72.6
Tahoe-7300 Sugar Pine Point,7/1/24,1,62.7,79.3,89,2.5,72.6
SMP8700-Firecamp,7/1/24,0.7,62.7,81.3,90,,32
TAH5201-Fairway,7/1/24,1.9,62.2,77.4,90,,32
TPZ1261 Cunningham,7/1/24,5.1,70.9,123.5,71,,32
POR32 4th Avenue,7/1/24,1.9,67.3,86.2,88,10.8,75.3
GLS7600-Walden,6/30/24,0,4.2,15.2,30,10.2,68.6
TAH7300-DL Bliss,6/30/24,1.8,62.5,71.9,66,2.1,77.5
BKY4201-Summit,6/30/24,1.8,,,100,8,68.4
TPZ1261–Park Ranch,6/30/24,4.8,74.1,87.6,72,4.1,78.5
TPZ1261-Walker,6/30/24,7.8,70.3,83.3,55,4.6,72.4
CEM41-Garbage Pit Rd,6/30/24,6.2,67.8,81.5,66,5,76.5
CAL204-Dog Valley,6/30/24,3.9,69.3,83.7,61,9,79.4
TRK7203-Northstar Golf Course,6/30/24,3.7,60.2,79.2,87,13.4,73.7
SRB51-Smithneck Rd,6/30/24,6.3,67,81.3,62,21,72.1
STL3101 Ledge Ct.,6/30/24,1.4,63.3,76.2,65,2.2,70.5
7400-Glenshire,6/30/24,3.4,61.1,77.1,78,2.6,73.8
WSH201-Floriston,6/30/24,2.1,65.3,81.1,68,6.3,84.6
Washoe204-Fariad,6/30/24,5.9,67.3,81.4,66,0.1,80.3
MEY3400-Camp Richardson,6/30/24,2.6,61.3,75.9,93,3.2,72.6
MUL1296-Markleeville,6/30/24,0.7,65.9,81.3,81,3.6,73.7
MEY3300-Tolteca,6/30/24,1.9,62.4,73.8,68,,32
TAH-5201 Lake Forest,6/30/24,1,61.3,76.2,71,8.8,72.4
Tahoe-7300 Sugar Pine Point,6/30/24,1.1,61.5,76.7,71,2.6,72.1
SMP8700-Firecamp,6/30/24,1,60.4,78.4,83,,32
TAH5201-Fairway,6/30/24,2.2,60.4,73.8,75,,32
TPZ1261 Cunningham,6/30/24,5.7,69.1,83.7,76,,32
POR32 4th Avenue,6/30/24,2.1,65.8,,82,10.9,75.7
GLS7600-Walden,6/29/24,0,8.4,13.1,28,10.4,68.6
TAH7300-DL Bliss,6/29/24,1.3,63,73.1,76,2.2,77.7
BKY4201-Summit,6/29/24,1.4,,,100,8.1,68.3
TPZ1261–Park Ranch,6/29/24,6.3,77.2,90.9,61,4.1,78.9
TPZ1261-Walker,6/29/24,6.7,72.4,86.9,60,4.6,72.3
CEM41-Garbage Pit Rd,6/29/24,5.2,67,82.4,71,5.1,76.1
CAL204-Dog Valley,6/29/24,5.4,69.8,83.5,57,9.1,79.2
TRK7203-Northstar Golf Course,6/29/24,4.9,59.6,77.5,92,13.5,73.3
SRB51-Smithneck Rd,6/29/24,5.8,66.8,81.4,59,21.3,71.7
STL3101 Ledge Ct.,6/29/24,2.6,63.8,76.7,61,2.2,70.4
7400-Glenshire,6/29/24,3.3,60.9,78.2,83,2.6,73.4
WSH201-Floriston,6/29/24,3,65.7,81.4,71,6.3,84.6
Washoe204-Fariad,6/29/24,8.3,67.8,81.9,66,0.2,80.1
MEY3400-Camp Richardson,6/29/24,2.9,60.9,76.6,84,3.2,72.6
MUL1296-Markleeville,6/29/24,1.6,66.7,82.9,75,3.6,73.7
MEY3300-Tolteca,6/29/24,2.3,62.8,75.3,59,,32
TAH-5201 Lake Forest,6/29/24,1.1,61.1,76.1,78,8.9,72.4
Tahoe-7300 Sugar Pine Point,6/29/24,1.2,61.1,77.4,76,2.6,72.1
SMP8700-Firecamp,6/29/24,1.4,60.5,78.7,85,,32
TAH5201-Fairway,6/29/24,2.2,59.8,74.6,76,,32
TPZ1261 Cunningham,6/29/24,5.6,72,86.9,80,,32
POR32 4th Avenue,6/29/24,2.7,64.4,81.2,84,10.9,74.3
GLS7600-Walden,6/28/24,0,6.4,14.8,29,10.5,68.3
TAH7300-DL Bliss,6/28/24,1.1,62.4,74.3,71,2.2,76.9
BKY4201-Summit,6/28/24,1.6,,,100,8.1,68
TPZ1261–Park Ranch,6/28/24,4.8,73.9,89,65,4.1,78.3
TPZ1261-Walker,6/28/24,5.3,69.7,84.3,56,4.6,71.9
CEM41-Garbage Pit Rd,6/28/24,4.5,64.7,84.4,74,5.1,75.1
CAL204-Dog Valley,6/28/24,3.4,67.6,86,57,9.1,78.7
TRK7203-Northstar Golf Course,6/28/24,3.5,59,79.7,92,13.5,73.1
SRB51-Smithneck Rd,6/28/24,5.8,64.9,83.4,57,21.8,71.3
STL3101 Ledge Ct.,6/28/24,1.1,62.3,75.9,54,2.3,69.9
7400-Glenshire,6/28/24,3.2,59.6,91.3,82,2.6,72.9
WSH201-Floriston,6/28/24,1.5,64.4,83.1,72,6.3,83.7
Washoe204-Fariad,6/28/24,5.4,66.2,83.4,69,0.3,78.6
MEY3400-Camp Richardson,6/28/24,2.4,60.2,76.7,84,3.3,72.9
MUL1296-Markleeville,6/28/24,0.4,65.4,85.1,75,3.6,73.3
MEY3300-Tolteca,6/28/24,2.2,62.2,76.2,58,,32
TAH-5201 Lake Forest,6/28/24,0.9,60.7,77.5,73,9,72.1
Tahoe-7300 Sugar Pine Point,6/28/24,1.1,61,78.6,71,2.7,72
SMP8700-Firecamp,6/28/24,1.1,59.3,81.2,83,,32
TAH5201-Fairway,6/28/24,1.8,59.6,75.3,82,,32
TPZ1261 Cunningham,6/28/24,4.4,69,85.6,71,,32
POR32 4th Avenue,6/28/24,2.1,62.1,,78,10.9,73.3
GLS7600-Walden,6/27/24,0,7.4,13.3,28,10.6,67.7
TAH7300-DL Bliss,6/27/24,4,63.1,71.2,58,2.3,76.6
BKY4201-Summit,6/27/24,2.7,,,100,8.2,68.2
TPZ1261–Park Ranch,6/27/24,6.2,77.1,87.9,63,4.2,79.2
TPZ1261-Walker,6/27/24,11.2,74.2,88.2,67,4.7,73.3
CEM41-Garbage Pit Rd,6/27/24,7.2,66,78.8,64,5.1,75.6
CAL204-Dog Valley,6/27/24,5.5,70.1,81.6,44,9.2,80
TRK7203-Northstar Golf Course,6/27/24,5.9,61,75.2,77,13.7,73.4
SRB51-Smithneck Rd,6/27/24,5.8,65.4,79,53,22.2,71.7
STL3101 Ledge Ct.,6/27/24,4.1,63.7,75.2,67,2.3,70.3
7400-Glenshire,6/27/24,4.2,61.8,75.4,76,2.7,74
WSH201-Floriston,6/27/24,3.9,65.5,79.4,62,6.3,83.1
Washoe204-Fariad,6/27/24,9.3,69.2,79.1,47,0.2,80.1
MEY3400-Camp Richardson,6/27/24,4.3,64.9,75.1,66,3.4,73.6
MUL1296-Markleeville,6/27/24,2,69.2,80.5,61,3.7,74.7
MEY3300-Tolteca,6/27/24,3.9,63.7,73.8,62,,32
TAH-5201 Lake Forest,6/27/24,1.4,61.7,74.4,65,9,72.7
Tahoe-7300 Sugar Pine Point,6/27/24,1.3,62.6,75.4,67,2.8,72.5
SMP8700-Firecamp,6/27/24,1.9,59.6,76.2,82,,32
TAH5201-Fairway,6/27/24,3.7,60.5,71.8,64,,32
TPZ1261 Cunningham,6/27/24,6.2,71.4,83.4,69,,32
POR32 4th Avenue,6/27/24,2.2,61.6,,74,11.1,74.6
GLS7600-Walden,6/26/24,2.6,4,13.5,29,10.8,68.2
TAH7300-DL Bliss,6/26/24,3.2,65.6,72.4,60,2.4,78.3
BKY4201-Summit,6/26/24,2.3,77.9,,100,8.4,69
TPZ1261–Park Ranch,6/26/24,4.7,77.4,90.4,87,4.2,79.4
CEM41-Garbage Pit Rd,6/26/24,9.4,72.3,82.6,62,5.1,76.3
CAL204-Dog Valley,6/26/24,6.3,74,82.4,60,9.3,81.1
TRK7203-Northstar Golf Course,6/26/24,7.3,64.8,77.7,88,13.9,74.9
SRB51-Smithneck Rd,6/26/24,6.2,71,80.6,68,22.9,72.1
STL3101 Ledge Ct.,6/26/24,4.1,67,77.7,62,2.4,71.8
7400-Glenshire,6/26/24,3.9,65.2,76.8,84,2.7,74.9
WSH201-Floriston,6/26/24,5.8,69.4,79.9,70,6.4,84.5
Washoe204-Fariad,6/26/24,8.9,71.9,79.7,63,0.2,81.6
MEY3400-Camp Richardson,6/26/24,4.4,67.8,76.4,65,3.5,73.5
MUL1296-Markleeville,6/26/24,1.8,72.2,82.1,68,3.7,75.9
MEY3300-Tolteca,6/26/24,3,66.6,74.5,56,,32
TAH-5201 Lake Forest,6/26/24,1.8,64.3,74.9,78,9.2,74
Tahoe-7300 Sugar Pine Point,6/26/24,1.3,64.8,77.2,73,2.8,73.6
SMP8700-Firecamp,6/26/24,2.1,64,76.9,100,,32
TAH5201-Fairway,6/26/24,3.7,63.6,73.7,79,,32
TPZ1261 Cunningham,6/26/24,6.5,73.8,85.6,86,,32
POR32 4th Avenue,6/26/24,2.9,67.6,80.9,77,11.3,76.1
GLS7600-Walden,6/25/24,0.3,4.5,11.8,27,11.1,70.5
TAH7300-DL Bliss,6/25/24,1.4,67.4,76.9,73,2.5,78.1
BKY4201-Summit,6/25/24,1.7,,,100,8.5,68.8
TPZ1261–Park Ranch,6/25/24,5.4,77.6,93.6,74,4.3,79.6
CEM41-Garbage Pit Rd,6/25/24,5.2,69.8,86.1,70,5.1,75
CAL204-Dog Valley,6/25/24,3.4,73.7,87.4,67,9.4,80
TRK7203-Northstar Golf Course,6/25/24,3.9,65.5,82.6,94,13.9,73.6
SRB51-Smithneck Rd,6/25/24,4.7,70,84.8,69,23.7,71.8
STL3101 Ledge Ct.,6/25/24,2.1,68.8,80.2,67,2.4,71.9
7400-Glenshire,6/25/24,3,66.1,82.2,90,2.7,74.1
WSH201-Floriston,6/25/24,3.9,70.6,87.4,70,6.5,84.5
Washoe204-Fariad,6/25/24,4.6,72.2,85.9,68,0.2,81.2
MEY3400-Camp Richardson,6/25/24,2.5,68.4,80.4,86,3.6,72.8
MUL1296-Markleeville,6/25/24,0.5,72.8,86.7,80,3.7,75.3
MEY3300-Tolteca,6/25/24,3,70,80.8,66,,32
TAH-5201 Lake Forest,6/25/24,0.8,67,80,75,9.2,73.6
Tahoe-7300 Sugar Pine Point,6/25/24,1.1,66.4,81.5,78,3,73.6
SMP8700-Firecamp,6/25/24,1,65.3,83.8,89,,32
TAH5201-Fairway,6/25/24,2.3,65.7,78,81,,32
TPZ1261 Cunningham,6/25/24,5.1,73.6,87.3,78,,32
POR32 4th Avenue,6/25/24,2,66.4,83.9,71,11.2,73.8
GLS7600-Walden,6/24/24,1,3.4,12.6,28,11.3,69.6
TAH7300-DL Bliss,6/24/24,2.9,67.9,76,70,2.6,78
BKY4201-Summit,6/24/24,2.6,,,100,8.6,68.6
TPZ1261–Park Ranch,6/24/24,5.5,80.8,92.8,60,4.3,79
TPZ1261-Walker,6/24/24,9,76.8,87.1,59,4.7,71.9
CEM41-Garbage Pit Rd,6/24/24,6.6,69.8,85.9,71,5.2,76
CAL204-Dog Valley,6/24/24,4.6,73.5,86.3,56,9.4,79.7
TRK7203-Northstar Golf Course,6/24/24,6.5,63,80.3,90,14,73.1
SRB51-Smithneck Rd,6/24/24,7.3,69.9,84.9,53,24.4,71.8
STL3101 Ledge Ct.,6/24/24,3.1,68.9,80.3,63,2.4,70.9
7400-Glenshire,6/24/24,3.6,64.3,81,84,2.7,73.4
WSH201-Floriston,6/24/24,6.7,69,83.7,71,6.5,84.3
Washoe204-Fariad,6/24/24,7.4,71.5,84.2,71,0.2,81.2
MEY3400-Camp Richardson,6/24/24,4.8,70.5,79.6,70,3.7,72.2
MUL1296-Markleeville,6/24/24,1.8,72.9,84.3,64,3.7,75
MEY3300-Tolteca,6/24/24,3.8,69.9,79.1,57,,32
TAH-5201 Lake Forest,6/24/24,1.5,65.6,78.8,67,9.3,72.9
Tahoe-7300 Sugar Pine Point,6/24/24,1.2,67.2,80.4,73,3,72.5
SMP8700-Firecamp,6/24/24,1.9,63.8,82.4,83,,32
TAH5201-Fairway,6/24/24,3.4,65.5,77.9,71,,32
TPZ1261 Cunningham,6/24/24,6.6,76.8,87.7,61,,32
POR32 4th Avenue,6/24/24,2.6,65.9,,80,11.4,74.9
GLS7600-Walden,6/23/24,2.8,3.1,11.5,27,11.4,69.2
TAH7300-DL Bliss,6/23/24,3,68.3,76.5,63,2.7,78
BKY4201-Summit,6/23/24,1.7,-2.4,,100,8.7,68.4
TPZ1261–Park Ranch,6/23/24,4.8,79.9,93.3,55,4.4,78.4
TPZ1261-Walker,6/23/24,9.7,78.9,87.8,38,4.7,72.6
CEM41-Garbage Pit Rd,6/23/24,6.3,70.1,86.5,66,5.2,76.1
CAL204-Dog Valley,6/23/24,4,74.8,87.4,59,9.5,79.4
TRK7203-Northstar Golf Course,6/23/24,5.7,63.2,81.3,93,14.1,73.4
SRB51-Smithneck Rd,6/23/24,7,70.9,84.8,54,26.1,71.5
STL3101 Ledge Ct.,6/23/24,3.1,69.2,81.1,45,2.5,70.4
7400-Glenshire,6/23/24,3.3,64.6,81.8,84,2.7,73.1
WSH201-Floriston,6/23/24,5.3,69.5,85,74,6.6,84.9
Washoe204-Fariad,6/23/24,9,72.3,85,69,0.2,81.5
MEY3400-Camp Richardson,6/23/24,4,68,80.7,93,3.8,71
MUL1296-Markleeville,6/23/24,2.1,73.7,85.4,54,3.7,73.7
MEY3300-Tolteca,6/23/24,4.4,70.5,79.4,42,,32
TAH-5201 Lake Forest,6/23/24,1.2,66,,73,9.4,72.6
Tahoe-7300 Sugar Pine Point,6/23/24,1.2,66.9,81.9,84,3.2,72.3
SMP8700-Firecamp,6/23/24,1.6,64.1,82.9,88,,32
TAH5201-Fairway,6/23/24,2.8,64.8,78.2,71,,32
TPZ1261 Cunningham,6/23/24,6.2,75.2,88,60,,32
POR32 4th Avenue,6/23/24,2.8,66.3,85.2,83,11.4,74.6
GLS7600-Walden,6/22/24,1.3,3.4,13,28,11.7,68.9
TAH7300-DL Bliss,6/22/24,1.7,69,80.4,64,2.8,77.8
BKY4201-Summit,6/22/24,1.5,11.3,,100,8.8,67.5
TPZ1261–Park Ranch,6/22/24,6,81.1,96.7,50,4.4,76.8
TPZ1261-Walker,6/22/24,7.2,75.9,91.1,51,4.7,70.2
CEM41-Garbage Pit Rd,6/22/24,5.6,72.6,91.5,67,5.2,75.9
CAL204-Dog Valley,6/22/24,4.3,74.7,92.5,55,9.4,77.5
TRK7203-Northstar Golf Course,6/22/24,4.6,64.6,85.9,97,14.3,73.6
SRB51-Smithneck Rd,6/22/24,7.1,72.8,89.7,53,28.6,70.8
STL3101 Ledge Ct.,6/22/24,2.5,69.2,82.6,54,2.4,69
7400-Glenshire,6/22/24,2.7,65.8,86.5,90,2.7,72
WSH201-Floriston,6/22/24,4.1,70.7,89.6,73,6.7,84.4
Washoe204-Fariad,6/22/24,8.2,73.2,89.6,71,0.2,80.3
MEY3400-Camp Richardson,6/22/24,2.6,65.3,84.2,81,3.9,69.9
MUL1296-Markleeville,6/22/24,0.3,71.2,90,77,3.6,71.8
MEY3300-Tolteca,6/22/24,2.3,68.7,82.5,63,,32
TAH-5201 Lake Forest,6/22/24,0.8,65.4,84.4,78,9.5,71.6
Tahoe-7300 Sugar Pine Point,6/22/24,1.1,66.1,84.9,74,3.3,71.6
SMP8700-Firecamp,6/22/24,1.4,65.2,86.9,82,,32
TAH5201-Fairway,6/22/24,1.8,64.4,82.5,77,,32
TPZ1261 Cunningham,6/22/24,5.2,75.5,93.5,68,,32
POR32 4th Avenue,6/22/24,2.4,68.6,91,80,11.5,74.2
GLS7600-Walden,6/21/24,0,6.7,,98,12,67.7
TAH7300-DL Bliss,6/21/24,1.3,66.8,76.9,71,2.8,75.7
BKY4201-Summit,6/21/24,2.6,-2.7,,100,8.9,65.8
TPZ1261–Park Ranch,6/21/24,4.1,75.9,91.2,56,4.4,74.1
TPZ1261-Walker,6/21/24,4.7,72,84.9,42,4.7,69.1
CEM41-Garbage Pit Rd,6/21/24,3.4,70.1,87.7,69,5.2,74.5
CAL204-Dog Valley,6/21/24,2.7,70.5,88.5,54,9.4,75.3
TRK7203-Northstar Golf Course,6/21/24,2.5,62.2,83.9,97,14.2,71.8
SRB51-Smithneck Rd,6/21/24,6.4,70,87.3,54,31,69.8
STL3101 Ledge Ct.,6/21/24,1,65.7,78.6,58,2.4,66.6
7400-Glenshire,6/21/24,1.9,63,98.9,92,2.7,70.1
WSH201-Floriston,6/21/24,2.4,67.6,87.3,78,6.6,82.5
Washoe204-Fariad,6/21/24,6.1,69.1,85.9,74,0.2,76
MEY3400-Camp Richardson,6/21/24,1.7,62,79.6,85,4,68.7
MUL1296-Markleeville,6/21/24,0,65.8,87.4,81,3.6,70.6
MEY3300-Tolteca,6/21/24,1.5,65.5,80.5,69,,32
TAH-5201 Lake Forest,6/21/24,0.3,63.4,80.1,76,9.6,69.4
Tahoe-7300 Sugar Pine Point,6/21/24,0.9,63.8,80.5,72,3.4,69.5
SMP8700-Firecamp,6/21/24,0.7,62.8,84.3,87,,32
TAH5201-Fairway,6/21/24,1.2,62.6,80,76,,32
TPZ1261 Cunningham,6/21/24,4.7,71.5,86.6,62,,32
POR32 4th Avenue,6/21/24,1.6,67,89,91,11.5,72.5
GLS7600-Walden,6/20/24,0,57,74.2,63,12.2,66.1
TAH7300-DL Bliss,6/20/24,0.6,62.6,70.7,75,2.9,77.4
BKY4201-Summit,6/20/24,2.1,,,100,9,64.3
TPZ1261–Park Ranch,6/20/24,4.3,70,83.5,63,4.3,72.2
TPZ1261-Walker,6/20/24,5.3,66.9,79.7,52,4.7,68
CEM41-Garbage Pit Rd,6/20/24,3.4,65.7,83.7,75,5.2,73.2
CAL204-Dog Valley,6/20/24,3,65.6,83,62,9.4,73.8
TRK7203-Northstar Golf Course,6/20/24,2.9,57.8,77.5,95,14.2,69.7
SRB51-Smithneck Rd,6/20/24,5.9,65,82,59,32.2,69.1
STL3101 Ledge Ct.,6/20/24,1.3,60.3,71.5,68,2.4,64.9
7400-Glenshire,6/20/24,2.1,58.8,77.7,89,2.7,69.2
WSH201-Floriston,6/20/24,1.9,63.5,82,75,6.6,80.1
Washoe204-Fariad,6/20/24,6.8,64.9,80.8,72,0.2,72.3
MEY3400-Camp Richardson,6/20/24,1.6,58.5,73.9,86,4.1,67.8
MUL1296-Markleeville,6/20/24,0,62.2,81.4,83,3.6,69.1
MEY3300-Tolteca,6/20/24,1.8,60.2,75,71,,32
TAH-5201 Lake Forest,6/20/24,0.4,59.7,75.6,70,9.6,67.5
Tahoe-7300 Sugar Pine Point,6/20/24,1,59.4,74.1,77,3.5,67.5
SMP8700-Firecamp,6/20/24,0.7,57.8,79.3,88,,32
TAH5201-Fairway,6/20/24,1.4,59.1,74,77,,32
TPZ1261 Cunningham,6/20/24,4.9,65.8,80.4,59,,32
POR32 4th Avenue,6/20/24,1.6,62.7,,86,11.5,70.6
GLS7600-Walden,6/19/24,0,52.3,70.7,54,12.4,64.5
TAH7300-DL Bliss,6/19/24,1.5,56.6,66.2,63,3,71.7
BKY4201-Summit,6/19/24,1.8,45.2,,100,9,63.1
TPZ1261–Park Ranch,6/19/24,3.9,65,79.4,59,4.3,70.6
TPZ1261-Walker,6/19/24,4.8,62,75.3,44,4.7,67.2
CEM41-Garbage Pit Rd,6/19/24,3.1,60.1,77.5,67,5.2,72.2
CAL204-Dog Valley,6/19/24,2.8,60.6,78.4,66,9.4,72.5
TRK7203-Northstar Golf Course,6/19/24,2.9,52.7,72.4,91,14.1,67.6
SRB51-Smithneck Rd,6/19/24,6.2,60,75.9,57,32.8,68.6
STL3101 Ledge Ct.,6/19/24,1.1,55.7,67.5,60,2.4,63.6
7400-Glenshire,6/19/24,2.4,53.7,74,84,2.7,67.8
WSH201-Floriston,6/19/24,2.2,58.3,76.6,72,6.6,78.2
Washoe204-Fariad,6/19/24,6.5,60.1,76.9,67,0.1,70.7
MEY3400-Camp Richardson,6/19/24,2,54.1,70.2,81,4.2,67
MUL1296-Markleeville,6/19/24,0,57.9,78.6,77,3.6,67.6
MEY3300-Tolteca,6/19/24,1.7,56.1,69.6,74,,32
TAH-5201 Lake Forest,6/19/24,0.8,54.5,70.6,77,9.7,65.8
Tahoe-7300 Sugar Pine Point,6/19/24,1.1,55,69.9,71,3.6,66
SMP8700-Firecamp,6/19/24,0.7,53.3,74.2,82,,32
TAH5201-Fairway,6/19/24,1.5,53.9,70.2,80,,32
TPZ1261 Cunningham,6/19/24,4.1,60.7,75.8,66,,32
POR32 4th Avenue,6/19/24,2,57.7,77.3,87,11.4,69
GLS7600-Walden,6/18/24,0,45.6,,100,12.5,62.5
TAH7300-DL Bliss,6/18/24,1.6,51.3,60.7,46,3,71
BKY4201-Summit,6/18/24,1.8,,,100,9.1,63.1
TPZ1261–Park Ranch,6/18/24,4.2,59,74.9,51,4.3,69.6
TPZ1261-Walker,6/18/24,5.7,55.6,71.6,40,4.7,67.2
CEM41-Garbage Pit Rd,6/18/24,4.2,54.3,71.7,51,5.2,71.4
CAL204-Dog Valley,6/18/24,3.3,54.6,72,50,9.4,71.8
TRK7203-Northstar Golf Course,6/18/24,3,47,66.8,86,14.1,66.4
SRB51-Smithneck Rd,6/18/24,5.2,54.2,71,50,33.2,68.6
STL3101 Ledge Ct.,6/18/24,1.3,50.8,62.7,50,2.4,63.2
7400-Glenshire,6/18/24,2.6,48.1,66.5,70,2.7,67.7
WSH201-Floriston,6/18/24,1.7,51.9,70.3,71,6.6,76.8
Washoe204-Fariad,6/18/24,4.6,53.4,69.7,65,0.1,65.8
MEY3400-Camp Richardson,6/18/24,2.5,49.7,65.5,59,4.3,67
MUL1296-Markleeville,6/18/24,0.4,52.2,71.5,65,3.6,66.3
MEY3300-Tolteca,6/18/24,2,51.6,64,51,,32
TAH-5201 Lake Forest,6/18/24,1.1,49.5,63.6,57,9.8,65.8
Tahoe-7300 Sugar Pine Point,6/18/24,1.2,49.8,66.8,59,3.7,65.3
SMP8700-Firecamp,6/18/24,0.9,47.9,67.4,75,,32
TAH5201-Fairway,6/18/24,1.8,48.6,63.2,68,,32
TPZ1261 Cunningham,6/18/24,4.8,55.7,73.8,66,,32
POR32 4th Avenue,6/18/24,2.1,52.4,72.3,79,11.5,68.2
GLS7600-Walden,6/17/24,0,11,16.3,30,12.6,62.2
TAH7300-DL Bliss,6/17/24,2.8,50.1,56.4,65,3,72.6
BKY4201-Summit,6/17/24,3,,,100,9.2,64.8
TPZ1261–Park Ranch,6/17/24,7.6,61.7,67.6,49,4.4,72.3
TPZ1261-Walker,6/17/24,8.8,58.3,65.3,47,4.7,69
CEM41-Garbage Pit Rd,6/17/24,5.7,53.5,63.3,66,5.3,72.7
CAL204-Dog Valley,6/17/24,5.8,54.1,64.1,56,9.6,74.3
TRK7203-Northstar Golf Course,6/17/24,4.9,48.4,59.4,84,14.3,68.2
SRB51-Smithneck Rd,6/17/24,6,51.8,62.7,65,33.3,69.4
STL3101 Ledge Ct.,6/17/24,5,49.9,56.6,67,2.5,65.4
7400-Glenshire,6/17/24,3.4,49.3,59.9,79,2.8,69.7
WSH201-Floriston,6/17/24,2.8,52.4,62.5,66,6.7,79.4
Washoe204-Fariad,6/17/24,7.7,53.2,61.8,59,0.1,68.1
MEY3400-Camp Richardson,6/17/24,3.2,51.6,81.4,73,4.5,68.7
MUL1296-Markleeville,6/17/24,1.2,56.3,66.4,57,3.6,69.4
MEY3300-Tolteca,6/17/24,3.2,50.9,59.7,67,,32
TAH-5201 Lake Forest,6/17/24,1,49.8,60.1,71,9.9,68.3
Tahoe-7300 Sugar Pine Point,6/17/24,1.2,51.3,60.6,77,3.8,67.2
SMP8700-Firecamp,6/17/24,1.1,48.4,60.4,85,,32
TAH5201-Fairway,6/17/24,2.7,49,58.5,73,,32
TPZ1261 Cunningham,6/17/24,9,59.5,66,59,,32
POR32 4th Avenue,6/17/24,1.9,51.6,64.2,78,11.7,70.4
GLS7600-Walden,6/16/24,0.4,6.9,15.5,29,12.9,64.8
TAH7300-DL Bliss,6/16/24,2.5,55.8,66.8,68,3.1,74.3
BKY4201-Summit,6/16/24,2.2,,,100,9.4,65.7
TPZ1261–Park Ranch,6/16/24,5.1,67.7,81.3,55,4.4,74
TPZ1261-Walker,6/16/24,7.2,63.4,77.2,53,4.7,69.7
CEM41-Garbage Pit Rd,6/16/24,6.9,58.1,73.6,67,5.3,73.5
CAL204-Dog Valley,6/16/24,5.9,60.5,76.7,56,9.7,76
TRK7203-Northstar Golf Course,6/16/24,6.1,53.5,69.7,87,14.6,69.7
SRB51-Smithneck Rd,6/16/24,5.7,57.4,73.1,58,33.2,69.9
STL3101 Ledge Ct.,6/16/24,3,56.5,69.9,53,2.5,67.6
7400-Glenshire,6/16/24,4.1,54.2,70.3,87,2.8,70.6
WSH201-Floriston,6/16/24,4,58.2,74.2,76,6.8,80.2
Washoe204-Fariad,6/16/24,8,59.1,74.9,75,0.2,73.5
MEY3400-Camp Richardson,6/16/24,3,56.2,71.1,74,4.6,69.5
MUL1296-Markleeville,6/16/24,1.4,60,76.1,72,3.7,70.4
MEY3300-Tolteca,6/16/24,3.1,56.5,68.7,54,,32
TAH-5201 Lake Forest,6/16/24,1.5,54.3,70.3,61,10.1,69.6
Tahoe-7300 Sugar Pine Point,6/16/24,1.3,56,69.8,62,3.9,68.4
SMP8700-Firecamp,6/16/24,1.4,53.5,72.4,84,,32
TAH5201-Fairway,6/16/24,3,53.7,66.5,60,,32
TPZ1261 Cunningham,6/16/24,6.4,64,78.2,68,,32
POR32 4th Avenue,6/16/24,2.8,56.6,,78,11.8,71.1
GLS7600-Walden,6/15/24,0,5.2,14,29,13.2,66
TAH7300-DL Bliss,6/15/24,3.7,60.2,67,54,3.2,74.7
BKY4201-Summit,6/15/24,1.8,,,100,9.5,66.3
TPZ1261–Park Ranch,6/15/24,6,72.6,83.9,53,4.4,73.6
TPZ1261-Walker,6/15/24,8.1,68.8,80.5,46,4.8,69.8
CEM41-Garbage Pit Rd,6/15/24,6.4,62.1,76.2,64,5.3,74.2
CAL204-Dog Valley,6/15/24,5.4,66.6,77.5,39,9.9,77.4
TRK7203-Northstar Golf Course,6/15/24,4.9,55.7,71,74,14.8,70.5
SRB51-Smithneck Rd,6/15/24,7,61.5,75.2,51,33.3,70.4
STL3101 Ledge Ct.,6/15/24,5.1,61.2,72,40,2.6,68.7
7400-Glenshire,6/15/24,3.1,57.2,72.5,67,2.8,71
WSH201-Floriston,6/15/24,3.3,60.9,75.6,55,6.9,81.4
Washoe204-Fariad,6/15/24,8,65.1,74.6,50,0.2,76.4
MEY3400-Camp Richardson,6/15/24,4.8,62.4,71.3,58,4.7,69.8
MUL1296-Markleeville,6/15/24,1.7,67.4,79.3,49,3.7,72.3
MEY3300-Tolteca,6/15/24,3.6,60.8,70,45,,32
TAH-5201 Lake Forest,6/15/24,1.4,58.1,70.8,44,10.2,70.2
Tahoe-7300 Sugar Pine Point,6/15/24,1.4,59.3,71.5,50,4.1,69
SMP8700-Firecamp,6/15/24,1.7,55.6,72.7,70,,32
TAH5201-Fairway,6/15/24,4,57.3,68.3,51,,32
TPZ1261 Cunningham,6/15/24,5.7,68.6,81.1,65,,32
POR32 4th Avenue,6/15/24,2.8,57.5,,83,12,72.6
GLS7600-Walden,6/14/24,2.5,6.5,13.8,28,13.5,66.3
TAH7300-DL Bliss,6/14/24,4,62.3,70.9,66,3.3,77
BKY4201-Summit,6/14/24,1.8,,,100,9.7,67.3
TPZ1261–Park Ranch,6/14/24,5.1,73,85.4,68,4.4,73.2
TPZ1261-Walker,6/14/24,7.9,70.4,83.2,49,4.8,70
CEM41-Garbage Pit Rd,6/14/24,7.5,65.4,80.9,63,5.4,75.7
CAL204-Dog Valley,6/14/24,5.8,69,81.8,51,10,78.8
TRK7203-Northstar Golf Course,6/14/24,6.8,58.8,74.6,89,15.1,72.3
SRB51-Smithneck Rd,6/14/24,8.1,65.4,79.4,50,33.6,71.1
STL3101 Ledge Ct.,6/14/24,5,65.2,74.7,35,2.6,70.6
7400-Glenshire,6/14/24,3.7,59.3,76.9,80,2.9,72.1
WSH201-Floriston,6/14/24,5.4,64.3,79.1,70,7,82.9
Washoe204-Fariad,6/14/24,10.6,66.7,79.6,65,0.3,77.8
MEY3400-Camp Richardson,6/14/24,4.8,62.5,74.9,82,4.9,69.8
MUL1296-Markleeville,6/14/24,2.5,66.7,80.6,66,3.8,72.7
MEY3300-Tolteca,6/14/24,3.6,64,73.9,46,,32
TAH-5201 Lake Forest,6/14/24,1.3,60,74.2,63,10.4,71.7
Tahoe-7300 Sugar Pine Point,6/14/24,1.5,61.3,75.6,63,4.3,70.4
SMP8700-Firecamp,6/14/24,2.3,59.2,76.8,86,,32
TAH5201-Fairway,6/14/24,3,59.1,73,64,,32
TPZ1261 Cunningham,6/14/24,8,70.3,82.5,59,,32
POR32 4th Avenue,6/14/24,2.9,62.4,,83,12.3,74.7
GLS7600-Walden,6/13/24,0,4.2,12.1,28,13.9,68.1
TAH7300-DL Bliss,6/13/24,1.5,66.2,76.8,74,3.4,78.6
BKY4201-Summit,6/13/24,1.5,,,100,9.9,67.8
TPZ1261–Park Ranch,6/13/24,3.7,75.6,91.8,67,4.6,77.6
TPZ1261-Walker,6/13/24,4.8,72.3,86.7,48,4.8,70.6
CEM41-Garbage Pit Rd,6/13/24,5.7,69.1,86.8,81,5.5,76.6
CAL204-Dog Valley,6/13/24,4.6,72.7,89.3,69,10.2,79.3
TRK7203-Northstar Golf Course,6/13/24,3.9,62.1,82.7,94,15.4,74.2
SRB51-Smithneck Rd,6/13/24,6.9,69.1,85.5,58,34.3,71.4
STL3101 Ledge Ct.,6/13/24,2.5,67,80,65,2.7,70.9
7400-Glenshire,6/13/24,3.3,63.1,88,94,2.9,72.7
WSH201-Floriston,6/13/24,2.9,68.3,86.7,80,7.2,85.4
Washoe204-Fariad,6/13/24,8.2,70.9,87.5,77,0.4,80.5
MEY3400-Camp Richardson,6/13/24,2.5,66.3,80.1,88,5,71.8
MUL1296-Markleeville,6/13/24,0.7,70.2,88.8,81,3.8,73.6
MEY3300-Tolteca,6/13/24,2.4,66.8,79.7,61,,32
TAH-5201 Lake Forest,6/13/24,0.9,63.5,80.9,85,10.6,72.4
Tahoe-7300 Sugar Pine Point,6/13/24,1.3,63.9,81.1,75,4.5,71.4
SMP8700-Firecamp,6/13/24,1.1,63,84.8,94,,32
TAH5201-Fairway,6/13/24,2.3,62.6,77.8,83,,32
TPZ1261 Cunningham,6/13/24,5.2,72.8,88.2,54,,32
POR32 4th Avenue,6/13/24,2.8,66.3,,91,12.5,75.6
GLS7600-Walden,6/12/24,0,5.7,13.3,28,14.3,68.9
TAH7300-DL Bliss,6/12/24,1.3,67.6,79.5,68,3.5,78.1
BKY4201-Summit,6/12/24,1.3,,,100,10.1,67.5
TPZ1261–Park Ranch,6/12/24,3.1,79.1,94.3,74,4.6,77.9
TPZ1261-Walker,6/12/24,6,75.6,90.1,57,4.8,70.4
CEM41-Garbage Pit Rd,6/12/24,4.4,72.1,89.4,82,5.5,76.8
CAL204-Dog Valley,6/12/24,3.5,74.1,90.3,72,10.3,79
TRK7203-Northstar Golf Course,6/12/24,3.9,64.4,84.1,95,15.6,74.3
SRB51-Smithneck Rd,6/12/24,6.4,72.4,89.1,63,35.1,71.1
STL3101 Ledge Ct.,6/12/24,1.1,67.8,81.9,60,2.7,70.2
7400-Glenshire,6/12/24,2.7,65.5,84.9,91,2.9,72.4
WSH201-Floriston,6/12/24,2.8,70.4,88.5,77,7.2,85.5
Washoe204-Fariad,6/12/24,7.4,72.5,88.8,76,0.4,81.4
MEY3400-Camp Richardson,6/12/24,2.2,64.2,82.8,77,5.2,69
MUL1296-Markleeville,6/12/24,0.9,70.5,90.5,77,3.8,73.1
MEY3300-Tolteca,6/12/24,1.9,67.6,82,59,,32
TAH-5201 Lake Forest,6/12/24,0.8,64.2,82.3,77,10.8,72
Tahoe-7300 Sugar Pine Point,6/12/24,1.1,64.7,83.5,72,4.6,71.2
SMP8700-Firecamp,6/12/24,1.2,65,85.9,93,,32
TAH5201-Fairway,6/12/24,1.8,63.3,81.1,82,,32
TPZ1261 Cunningham,6/12/24,4.5,75.2,90.6,77,,32
POR32 4th Avenue,6/12/24,2.5,69.3,,93,12.7,76.3
GLS7600-Walden,6/11/24,0,7.8,128.9,94,14.8,68.1
TAH7300-DL Bliss,6/11/24,1.2,67.4,79.1,76,3.6,77.5
BKY4201-Summit,6/11/24,1.4,,,100,10.3,66.9
TPZ1261–Park Ranch,6/11/24,4.1,77.3,93.2,63,4.7,77.7
TPZ1261-Walker,6/11/24,5,73.9,89.5,71,4.8,70.6
CEM41-Garbage Pit Rd,6/11/24,3.9,72.6,89.6,87,5.5,76
CAL204-Dog Valley,6/11/24,3.4,73.9,92.1,68,10.3,78
TRK7203-Northstar Golf Course,6/11/24,3.1,65.2,85,98,15.8,74.1
SRB51-Smithneck Rd,6/11/24,6.3,72.2,88.8,70,36.4,70.4
STL3101 Ledge Ct.,6/11/24,0.9,67.6,80.4,73,2.7,69.3
7400-Glenshire,6/11/24,2.4,66.4,84.9,96,3,71.6
WSH201-Floriston,6/11/24,2.2,70.7,88.5,83,7.3,85.1
Washoe204-Fariad,6/11/24,7.6,73,88.4,82,0.4,81
MEY3400-Camp Richardson,6/11/24,2.2,64.8,83,92,5.3,68.6
MUL1296-Markleeville,6/11/24,0.8,70,89.8,87,3.8,72.6
MEY3300-Tolteca,6/11/24,1.6,67.8,82.5,78,,32
TAH-5201 Lake Forest,6/11/24,0.7,64.5,119,89,11,71.7
Tahoe-7300 Sugar Pine Point,6/11/24,1.1,65,82.9,86,4.8,71
SMP8700-Firecamp,6/11/24,1,65.9,87.2,100,,32
TAH5201-Fairway,6/11/24,1.4,63.8,81.6,92,,32
TPZ1261 Cunningham,6/11/24,5.5,72.4,88.3,72,,32
POR32 4th Avenue,6/11/24,2.1,69.9,,96,12.9,75.6
GLS7600-Walden,6/10/24,0,6.2,14.2,28,15.2,67.6
TAH7300-DL Bliss,6/10/24,1.5,64.4,75,71,3.7,75.6
BKY4201-Summit,6/10/24,1.8,,,100,10.5,65.3
TPZ1261–Park Ranch,6/10/24,3.5,74.2,89.8,68,4.7,76.6
TPZ1261-Walker,6/10/24,5.3,70.6,83.8,57,4.8,70
CEM41-Garbage Pit Rd,6/10/24,3.5,68.7,85.4,77,5.5,74.5
CAL204-Dog Valley,6/10/24,2.8,69.8,86.6,76,10.3,76.3
TRK7203-Northstar Golf Course,6/10/24,3,61.4,81.9,92,15.8,71.6
SRB51-Smithneck Rd,6/10/24,5.8,68.3,84.7,70,37.7,69.4
STL3101 Ledge Ct.,6/10/24,1.1,63.3,76.5,69,2.7,67.5
7400-Glenshire,6/10/24,2.3,62.5,83,89,3,70
WSH201-Floriston,6/10/24,2.1,67.1,85.5,73,7.3,82.5
Washoe204-Fariad,6/10/24,5.4,68.3,85.4,73,0.4,77.1
MEY3400-Camp Richardson,6/10/24,1.8,61.7,77.7,85,5.4,67.3
MUL1296-Markleeville,6/10/24,0.6,66.1,85.7,77,3.8,70.8
MEY3300-Tolteca,6/10/24,1.8,63.9,77.6,68,,32
TAH-5201 Lake Forest,6/10/24,0.5,63.3,79,80,11.1,69.8
Tahoe-7300 Sugar Pine Point,6/10/24,1,62.6,79.5,78,5,69
SMP8700-Firecamp,6/10/24,0.7,61.9,83.2,92,,32
TAH5201-Fairway,6/10/24,1.4,62.3,78.1,84,,32
TPZ1261 Cunningham,6/10/24,4.6,70.3,85.7,75,,32
POR32 4th Avenue,6/10/24,2,67.2,87.5,92,13,73.7
GLS7600-Walden,6/9/24,0,3.9,57.8,54,15.4,64.8
TAH7300-DL Bliss,6/9/24,1.4,61.3,71.3,71,3.8,75.6
BKY4201-Summit,6/9/24,2.4,,,100,10.7,64.6
TPZ1261–Park Ranch,6/9/24,3.8,74.1,86.3,75,4.8,76.6
TPZ1261-Walker,6/9/24,6.6,70.6,82.6,56,4.9,69.9
CEM41-Garbage Pit Rd,6/9/24,4.6,65.9,80.6,67,5.5,73.9
CAL204-Dog Valley,6/9/24,4.2,69.2,84.6,62,10.4,75.6
TRK7203-Northstar Golf Course,6/9/24,3.6,58.7,76.9,87,15.8,70.7
SRB51-Smithneck Rd,6/9/24,6.2,65.3,80.6,62,38.9,69
STL3101 Ledge Ct.,6/9/24,1,61.1,72.6,79,2.7,67.4
7400-Glenshire,6/9/24,2.9,59.7,76.8,85,3,69.2
WSH201-Floriston,6/9/24,2,64.1,81.1,72,7.3,80.6
Washoe204-Fariad,6/9/24,7.2,66.6,81.3,67,0.4,77.1
MEY3400-Camp Richardson,6/9/24,2.4,59.7,75.2,90,5.6,67
MUL1296-Markleeville,6/9/24,1.4,66.1,81.9,67,3.8,70.8
MEY3300-Tolteca,6/9/24,1.7,61.1,75,63,,32
TAH-5201 Lake Forest,6/9/24,0.8,59.1,75.3,62,11.3,68.7
Tahoe-7300 Sugar Pine Point,6/9/24,1.1,60.1,75.3,68,5.1,68.4
SMP8700-Firecamp,6/9/24,0.9,59.7,78.8,88,,32
TAH5201-Fairway,6/9/24,1.7,58.1,73,67,,32
TPZ1261 Cunningham,6/9/24,4.6,70.4,84.1,76,,32
POR32 4th Avenue,6/9/24,2.4,63.8,,87,13.1,73.6
GLS7600-Walden,6/8/24,0,-38.2,27.2,38,15.6,63.6
TAH7300-DL Bliss,6/8/24,1.5,62.5,73.2,77,3.9,75.4
BKY4201-Summit,6/8/24,1.1,,,100,10.9,64.9
TPZ1261–Park Ranch,6/8/24,4.7,75.2,90.5,69,4.8,75.9
TPZ1261-Walker,6/8/24,6.4,72.6,88.7,49,4.8,69.1
CEM41-Garbage Pit Rd,6/8/24,4.1,67,85.2,70,5.6,74
CAL204-Dog Valley,6/8/24,3.6,69.8,85.5,63,10.5,75.2
TRK7203-Northstar Golf Course,6/8/24,3.5,59.1,78.9,94,16,70.7
SRB51-Smithneck Rd,6/8/24,6.5,68,83.5,58,39.9,69.4
STL3101 Ledge Ct.,6/8/24,1.4,62.3,74.6,57,2.8,67.8
7400-Glenshire,6/8/24,2.4,59.6,79.8,92,3,69.7
WSH201-Floriston,6/8/24,2.6,64.8,82.9,77,7.3,79.3
Washoe204-Fariad,6/8/24,8.4,67.7,82.9,73,0.4,76
MEY3400-Camp Richardson,6/8/24,2,59.5,75.9,83,5.6,66.5
MUL1296-Markleeville,6/8/24,1.3,66.4,85.4,76,3.8,69.8
MEY3300-Tolteca,6/8/24,2.1,62.8,78,62,,32
TAH-5201 Lake Forest,6/8/24,0.5,59.3,77.2,76,11.5,69.1
Tahoe-7300 Sugar Pine Point,6/8/24,1,60.1,76.2,71,5.2,67.5
SMP8700-Firecamp,6/8/24,1,59.7,80.1,91,,32
TAH5201-Fairway,6/8/24,1.7,58.7,74.9,84,,32
TPZ1261 Cunningham,6/8/24,5.1,72.2,88.2,63,,32
POR32 4th Avenue,6/8/24,2,65.1,85.3,89,13.4,74.2
GLS7600-Walden,6/7/24,0,-32,13.7,28,16,65.1
TAH7300-DL Bliss,6/7/24,1.7,65.7,77.9,68,4.1,76.4
BKY4201-Summit,6/7/24,1.5,,,100,11.2,65.8
TPZ1261–Park Ranch,6/7/24,4.3,76.8,92.2,76,4.9,76.2
TPZ1261-Walker,6/7/24,7.4,74.3,88.6,50,4.9,68.8
CEM41-Garbage Pit Rd,6/7/24,4.7,70.2,88.2,82,5.6,74.6
CAL204-Dog Valley,6/7/24,4.4,72.5,89,70,10.6,75.2
TRK7203-Northstar Golf Course,6/7/24,4.2,62.5,82.8,94,16.4,72.3
SRB51-Smithneck Rd,6/7/24,6.2,70.6,87.3,70,40.6,69.3
STL3101 Ledge Ct.,6/7/24,1.2,65.9,80.9,58,2.8,68.5
7400-Glenshire,6/7/24,2.8,63.6,83.7,92,3.1,70.7
WSH201-Floriston,6/7/24,3.5,68.2,87.5,78,7.5,82
Washoe204-Fariad,6/7/24,8.6,70.9,87.7,74,0.5,78.3
MEY3400-Camp Richardson,6/7/24,2.2,62.2,81.5,88,5.6,66.7
MUL1296-Markleeville,6/7/24,0.7,68.5,88.4,80,3.9,71
MEY3300-Tolteca,6/7/24,2,65.7,81.1,62,,32
TAH-5201 Lake Forest,6/7/24,0.9,62.5,81.1,80,11.8,70.6
Tahoe-7300 Sugar Pine Point,6/7/24,1.1,63.2,82.9,80,5.5,70.1
SMP8700-Firecamp,6/7/24,1.3,63.2,84.6,92,,32
TAH5201-Fairway,6/7/24,1.9,61.5,80,88,,32
TPZ1261 Cunningham,6/7/24,5.3,72.7,89.1,72,,32
POR32 4th Avenue,6/7/24,2.4,67.6,,93,13.6,74.7
GLS7600-Walden,6/6/24,0.9,3.8,,100,16.1,64.7
TAH7300-DL Bliss,6/6/24,1.4,68,79.1,70,4.2,76.1
BKY4201-Summit,6/6/24,1.4,,,100,11.5,65.4
TPZ1261–Park Ranch,6/6/24,3,79.1,92.8,66,4.9,75.1
TPZ1261-Walker,6/6/24,7.5,75.4,88.6,67,4.9,68
CEM41-Garbage Pit Rd,6/6/24,4.5,72.9,89.5,78,5.7,74.4
CAL204-Dog Valley,6/6/24,4.1,74,89.9,82,10.6,74.3
TRK7203-Northstar Golf Course,6/6/24,4.3,65.8,84.2,94,16.7,72.5
SRB51-Smithneck Rd,6/6/24,6.2,73.2,88.2,70,41.3,68.6
STL3101 Ledge Ct.,6/6/24,1.4,68.4,80.7,59,2.8,67.7
7400-Glenshire,6/6/24,2.6,66.5,84.8,94,3.1,70.3
WSH201-Floriston,6/6/24,2.8,70.5,87.6,79,7.5,80.7
Washoe204-Fariad,6/6/24,8.1,73,88.1,76,0.5,77.7
MEY3400-Camp Richardson,6/6/24,2.1,64.3,81.7,91,5.2,66.8
MUL1296-Markleeville,6/6/24,0.7,69.7,87.7,88,3.9,70.4
MEY3300-Tolteca,6/6/24,2,67.6,81.1,64,,32
TAH-5201 Lake Forest,6/6/24,0.8,65.4,82.3,81,12,70.2
Tahoe-7300 Sugar Pine Point,6/6/24,1,65.8,83,74,5.7,70.3
SMP8700-Firecamp,6/6/24,1.2,65.6,85.6,92,,32
TAH5201-Fairway,6/6/24,1.8,64.2,80.6,82,,32
TPZ1261 Cunningham,6/6/24,5.2,75.6,89.3,73,,32
POR32 4th Avenue,6/6/24,2.2,71.1,88.7,84,13.9,74.6
GLS7600-Walden,6/5/24,0,63,83.1,79,16,65.8
TAH7300-DL Bliss,6/5/24,0.9,66.8,76.9,76,4.3,73.4
BKY4201-Summit,6/5/24,1.2,,,100,11.8,63
TPZ1261–Park Ranch,6/5/24,2.6,75.8,91.9,70,5,73.8
TPZ1261-Walker,6/5/24,4.9,72.5,87.2,68,4.8,66.5
CEM41-Garbage Pit Rd,6/5/24,3,71.9,89.8,78,5.7,72.1
CAL204-Dog Valley,6/5/24,2.7,70,91.4,86,10.7,74.5
TRK7203-Northstar Golf Course,6/5/24,2.4,65.2,86.1,98,16.8,70.7
SRB51-Smithneck Rd,6/5/24,5.9,72,88.3,72,41.6,67.1
STL3101 Ledge Ct.,6/5/24,1,66.4,78.7,68,2.8,65.4
7400-Glenshire,6/5/24,2,65.5,86.3,94,3.1,68
WSH201-Floriston,6/5/24,2.5,68.6,89.5,81,7.5,79.4
Washoe204-Fariad,6/5/24,6.3,69.9,89.3,78,0.5,74.3
MEY3400-Camp Richardson,6/5/24,1.6,61.9,81,91,4.8,65.6
MUL1296-Markleeville,6/5/24,0.1,67.1,90.1,85,3.9,68.9
MEY3300-Tolteca,6/5/24,1.3,66.5,81.6,71,,32
TAH-5201 Lake Forest,6/5/24,0.4,63.4,80.3,86,12.2,67.6
Tahoe-7300 Sugar Pine Point,6/5/24,0.9,63.9,81.9,89,5.8,68
SMP8700-Firecamp,6/5/24,0.6,63.9,86.8,94,,32
TAH5201-Fairway,6/5/24,1.1,62.7,80.2,88,,32
TPZ1261 Cunningham,6/5/24,3.9,71.6,89.2,81,,32
POR32 4th Avenue,6/5/24,2,69.5,,93,14,71.5
GLS7600-Walden,6/4/24,0,62.3,76.9,96,16.2,64
TAH7300-DL Bliss,6/4/24,1,60.6,71.9,92,4.4,69.2
BKY4201-Summit,6/4/24,1.6,,,100,12.1,60.1
TPZ1261–Park Ranch,6/4/24,4.3,69.7,85,76,5,71
TPZ1261-Walker,6/4/24,4.9,66.5,80.3,77,4.8,64.8
CEM41-Garbage Pit Rd,6/4/24,2.7,65.3,82.4,92,5.6,68.6
CAL204-Dog Valley,6/4/24,2.9,65.6,84.7,83,10.7,71.8
TRK7203-Northstar Golf Course,6/4/24,2.5,58.9,79.3,98,16.7,66.7
SRB51-Smithneck Rd,6/4/24,5.8,64.5,82.2,85,41.9,65.3
STL3101 Ledge Ct.,6/4/24,1.4,60,73.9,90,2.8,62.6
7400-Glenshire,6/4/24,2.5,59.2,79,98,3.1,65.1
WSH201-Floriston,6/4/24,2.9,62.7,82.6,91,7.4,75.2
Washoe204-Fariad,6/4/24,5.9,64.2,81.5,90,0.5,69.8
MEY3400-Camp Richardson,6/4/24,1.6,58.8,76.7,99,4.8,63.8
MUL1296-Markleeville,6/4/24,0.1,62,82.1,92,3.9,67.5
MEY3300-Tolteca,6/4/24,1.9,60.8,,90,,32
TAH-5201 Lake Forest,6/4/24,0.4,57.7,73.7,91,12.5,64.5
Tahoe-7300 Sugar Pine Point,6/4/24,0.9,58.1,74.5,97,5.9,64.9
SMP8700-Firecamp,6/4/24,0.8,59.4,79.9,95,,32
TAH5201-Fairway,6/4/24,1.1,57,73.3,94,,32
TPZ1261 Cunningham,6/4/24,4.5,66.5,81.5,76,,32
POR32 4th Avenue,6/4/24,1.6,63.2,84.2,97,14,67.6
GLS7600-Walden,6/3/24,0,47,60,88,16.2,60.2
TAH7300-DL Bliss,6/3/24,3.4,55,59.2,86,4.5,67.7
BKY4201-Summit,6/3/24,2,,,100,12.3,60.5
TPZ1261–Park Ranch,6/3/24,5.5,69.6,75.5,73,5,71.3
TPZ1261-Walker,6/3/24,8,66.5,73,73,4.8,65.1
CEM41-Garbage Pit Rd,6/3/24,6.1,60.5,65.4,80,5.6,69.2
CAL204-Dog Valley,6/3/24,5.8,63.2,67.7,71,10.9,73
TRK7203-Northstar Golf Course,6/3/24,6.3,55.9,62.6,91,16.8,65.5
SRB51-Smithneck Rd,6/3/24,5.1,59.6,65.5,80,42.2,66.1
STL3101 Ledge Ct.,6/3/24,4.3,55.6,61.5,78,2.8,63.6
7400-Glenshire,6/3/24,3.3,55.2,61.9,93,3.1,66.1
WSH201-Floriston,6/3/24,3.4,59.4,65.1,81,7.4,72.8
Washoe204-Fariad,6/3/24,10,61.4,65.1,78,0.5,68.5
MEY3400-Camp Richardson,6/3/24,4.5,57.1,62.3,94,5,64.1
MUL1296-Markleeville,6/3/24,3,62.2,70.4,84,3.9,67.9
MEY3300-Tolteca,6/3/24,3.4,56.1,62.9,85,,32
TAH-5201 Lake Forest,6/3/24,1.9,54.9,60.6,85,12.7,65.2
Tahoe-7300 Sugar Pine Point,6/3/24,1.2,55.4,63,92,6.1,64
SMP8700-Firecamp,6/3/24,2.1,55.3,62.8,92,,32
TAH5201-Fairway,6/3/24,3.2,54.5,60.7,86,,32
TPZ1261 Cunningham,6/3/24,8.9,67,72.5,75,,32
POR32 4th Avenue,6/3/24,2.5,57.4,62.9,94,14.2,67.7
GLS7600-Walden,6/2/24,1.4,56.9,64.7,69,16.5,63.5
TAH7300-DL Bliss,6/2/24,1.9,58.4,67.6,73,4.6,70.6
BKY4201-Summit,6/2/24,2.2,,,100,12.5,61.3
TPZ1261–Park Ranch,6/2/24,4.4,70,82.3,75,5.1,71.5
TPZ1261-Walker,6/2/24,5,66.5,79.7,61,4.9,65.3
CEM41-Garbage Pit Rd,6/2/24,4.8,62.8,75,72,5.7,70.3
CAL204-Dog Valley,6/2/24,5,66.2,78,59,11,73.1
TRK7203-Northstar Golf Course,6/2/24,4.2,56.4,71.6,88,17.1,67.2
SRB51-Smithneck Rd,6/2/24,6.8,62.5,74.9,65,42.2,66
STL3101 Ledge Ct.,6/2/24,2,58.8,69.8,67,2.8,63.4
7400-Glenshire,6/2/24,3.5,57.3,72.6,82,3.1,66.4
WSH201-Floriston,6/2/24,2.5,61.7,75.7,71,7.6,77.8
Washoe204-Fariad,6/2/24,7,63.9,76.2,68,0.5,73
MEY3400-Camp Richardson,6/2/24,2.6,57.8,71.7,75,5.2,64.2
MUL1296-Markleeville,6/2/24,1.6,64.9,78.3,69,3.9,67.5
MEY3300-Tolteca,6/2/24,2.9,59.2,69.6,66,,32
TAH-5201 Lake Forest,6/2/24,0.8,57.2,72.4,70,13,65.7
Tahoe-7300 Sugar Pine Point,6/2/24,1.3,57.7,71.2,71,6.4,64.9
SMP8700-Firecamp,6/2/24,0.9,57.1,72.5,88,,32
TAH5201-Fairway,6/2/24,2.6,56.6,69.6,73,,32
TPZ1261 Cunningham,6/2/24,4.3,65.8,80.1,74,,32
POR32 4th Avenue,6/2/24,2.5,61.1,,91,14.5,69.5
GLS7600-Walden,6/1/24,0,-37.8,,100,16.9,62.7
TAH7300-DL Bliss,6/1/24,2.1,57,67,81,4.7,69.8
BKY4201-Summit,6/1/24,1.1,,,100,12.8,60.4
TPZ1261–Park Ranch,6/1/24,5,69.3,80.5,78,5.1,71
TPZ1261-Walker,6/1/24,7.3,66,77.7,59,4.9,64.6
CEM41-Garbage Pit Rd,6/1/24,5.3,62.3,76.1,83,5.7,69.6
CAL204-Dog Valley,6/1/24,5.2,64.9,77.5,74,11.2,72.1
TRK7203-Northstar Golf Course,6/1/24,4.4,55.3,72,97,17.4,67
SRB51-Smithneck Rd,6/1/24,6.6,62.7,75.4,67,42.4,65.4
STL3101 Ledge Ct.,6/1/24,2.7,57.7,70.1,73,2.9,62.6
7400-Glenshire,6/1/24,3.4,56.3,72,94,3.2,65.5
WSH201-Floriston,6/1/24,3.7,61.2,75.7,80,7.7,77.5
Washoe204-Fariad,6/1/24,9,62.9,75.5,78,0.5,71.2
MEY3400-Camp Richardson,6/1/24,2.7,56.2,71.2,92,5.4,63.5
MUL1296-Markleeville,6/1/24,2.1,61.2,76.2,87,3.9,65.8
MEY3300-Tolteca,6/1/24,2.7,57.1,69.1,73,,32
TAH-5201 Lake Forest,6/1/24,1,55.3,70.3,82,13.3,65.2
Tahoe-7300 Sugar Pine Point,6/1/24,1.4,55.9,,100,6.6,64.1
SMP8700-Firecamp,6/1/24,1.1,55.8,73.4,95,,32
TAH5201-Fairway,6/1/24,2.4,54.5,68.4,88,,32
TPZ1261 Cunningham,6/1/24,5.8,65.7,77.9,76,,32
POR32 4th Avenue,6/1/24,2.7,60.4,,94,14.7,68.5
TAH7300-DL Bliss,5/31/24,1.4,57.9,66.1,67,4.8,69.5
BKY4201-Summit,5/31/24,1.4,,,100,13.1,59.7
TPZ1261–Park Ranch,5/31/24,3.7,66.3,79.6,78,5.2,69.6
TPZ1261-Walker,5/31/24,5.1,63.3,77.2,57,4.9,63.6
CEM41-Garbage Pit Rd,5/31/24,4.5,60.8,78.8,65,5.7,68.6
CAL204-Dog Valley,5/31/24,3.3,62.7,79.4,59,11.3,70.8
TRK7203-Northstar Golf Course,5/31/24,3.4,55.3,74.7,93,17.6,66.1
SRB51-Smithneck Rd,5/31/24,5.6,60.6,78.1,62,42.4,65
STL3101 Ledge Ct.,5/31/24,1,57.5,68.5,57,2.9,62.3
7400-Glenshire,5/31/24,2.5,55.9,74.6,88,3.2,64.7
WSH201-Floriston,5/31/24,1.6,59.5,78.2,79,7.8,77.1
Washoe204-Fariad,5/31/24,5,61.1,78.7,75,0.5,67.9
MEY3400-Camp Richardson,5/31/24,2.1,55.1,70.8,80,5.6,63.1
MUL1296-Markleeville,5/31/24,0.2,58.9,79,84,3.9,64.4
MEY3300-Tolteca,5/31/24,1.9,57.6,,64,,32
TAH-5201 Lake Forest,5/31/24,0.8,56.6,71,72,13.6,64.6
Tahoe-7300 Sugar Pine Point,5/31/24,1.2,56.5,,100,6.8,63.6
SMP8700-Firecamp,5/31/24,0.8,55.1,76.5,89,,32
TAH5201-Fairway,5/31/24,1.5,55.7,70.6,75,,32
TPZ1261 Cunningham,5/31/24,5.4,63.3,77.1,64,,32
POR32 4th Avenue,5/31/24,1.8,59,79.9,83,14.9,67.4
GLS7600-Walden,5/30/24,0,-38.1,-12.1,12,17.7,60.7
TAH7300-DL Bliss,5/30/24,1.4,56.8,65,72,4.9,68.9
BKY4201-Summit,5/30/24,1.7,,,100,13.4,59.8
TPZ1261–Park Ranch,5/30/24,5,63.4,77.8,58,5.2,68.9
TPZ1261-Walker,5/30/24,4.9,60.1,73.6,52,4.9,63.4
CEM41-Garbage Pit Rd,5/30/24,5.3,59.3,76.2,62,5.7,67.7
CAL204-Dog Valley,5/30/24,2.8,59.1,76.5,57,11.5,70.1
TRK7203-Northstar Golf Course,5/30/24,2.1,53,73.5,93,17.9,65.4
SRB51-Smithneck Rd,5/30/24,5.8,58.5,75.5,58,42.5,64.5
STL3101 Ledge Ct.,5/30/24,1.2,56.5,67.3,54,2.9,61.5
7400-Glenshire,5/30/24,2.2,53.8,73.6,87,3.3,63.6
WSH201-Floriston,5/30/24,2.5,57.2,75.5,80,7.8,76
Washoe204-Fariad,5/30/24,6,58.2,74.6,77,0.5,65.2
MEY3400-Camp Richardson,5/30/24,2,54.6,70,80,5.8,62.6
MUL1296-Markleeville,5/30/24,0.2,56,74.6,83,3.9,64.3
MEY3300-Tolteca,5/30/24,1.8,56.8,68.3,71,,32
TAH-5201 Lake Forest,5/30/24,0.6,54.4,68.9,67,13.9,63.8
Tahoe-7300 Sugar Pine Point,5/30/24,1,54.9,,100,7,63
SMP8700-Firecamp,5/30/24,0.7,54,73.4,86,,32
TAH5201-Fairway,5/30/24,1.1,53.9,68.4,74,,32
TPZ1261 Cunningham,5/30/24,5,60.3,75.1,64,,32
POR32 4th Avenue,5/30/24,1.9,57.3,77.2,74,15.2,66.7
GLS7600-Walden,5/29/24,0,-38.2,-29.2,5,18,60.1
TAH7300-DL Bliss,5/29/24,1.3,55.1,64.2,67,5,68.1
BKY4201-Summit,5/29/24,2,,,100,13.7,59.4
TPZ1261–Park Ranch,5/29/24,4.2,64.4,77.5,73,5.3,68.6
TPZ1261-Walker,5/29/24,6.2,61.8,74.6,55,4.9,63.1
CEM41-Garbage Pit Rd,5/29/24,4.5,57.6,73.1,82,5.7,67.8
CAL204-Dog Valley,5/29/24,3.4,59.1,74,73,11.8,70.6
TRK7203-Northstar Golf Course,5/29/24,2.7,52.7,71.1,96,18.2,64.6
SRB51-Smithneck Rd,5/29/24,6.1,56.9,72.4,69,42.5,64.2
STL3101 Ledge Ct.,5/29/24,2.3,56.3,65.9,61,2.9,60.8
7400-Glenshire,5/29/24,2.1,52.9,70.3,94,3.3,63.8
WSH201-Floriston,5/29/24,3,58,73.1,80,7.8,75.8
Washoe204-Fariad,5/29/24,6.1,58.3,71.8,79,0.6,66.5
MEY3400-Camp Richardson,5/29/24,2.5,55,67.4,79,6.1,62.4
MUL1296-Markleeville,5/29/24,0.7,60.2,76.1,72,4,65.2
MEY3300-Tolteca,5/29/24,2,57,,63,,32
TAH-5201 Lake Forest,5/29/24,0.9,53.4,66.4,76,14.2,63.4
Tahoe-7300 Sugar Pine Point,5/29/24,1,53.8,,94,7.2,62.5
SMP8700-Firecamp,5/29/24,0.8,53.7,70.3,95,,32
TAH5201-Fairway,5/29/24,1.8,53.2,67.1,80,,32
TPZ1261 Cunningham,5/29/24,5.7,61.2,80.6,75,,32
POR32 4th Avenue,5/29/24,1.4,56.5,,94,15.5,67
GLS7600-Walden,5/28/24,0,-38.2,-22.7,10,18.3,59.2
TAH7300-DL Bliss,5/28/24,2.1,55.8,65.2,75,5.2,68.1
BKY4201-Summit,5/28/24,1.4,,,100,14.1,59.2
TPZ1261–Park Ranch,5/28/24,4.5,67.8,80.9,85,5.3,68.3
TPZ1261-Walker,5/28/24,6.8,64,76.8,69,4.9,63.2
CEM41-Garbage Pit Rd,5/28/24,5.2,59.5,75.9,78,5.7,67.5
CAL204-Dog Valley,5/28/24,4.9,63.7,77.8,65,12,70.7
TRK7203-Northstar Golf Course,5/28/24,4.9,53.2,70.7,97,18.7,64
SRB51-Smithneck Rd,5/28/24,6.3,59.8,74.8,69,42.6,63.7
STL3101 Ledge Ct.,5/28/24,2.7,56.3,69.7,77,3,60.4
7400-Glenshire,5/28/24,3.2,54.3,71.7,95,3.4,63.6
WSH201-Floriston,5/28/24,3.1,59,75.6,79,7.9,75
Washoe204-Fariad,5/28/24,9.2,61.2,75.1,76,0.7,69.6
MEY3400-Camp Richardson,5/28/24,3.1,55.4,69.6,94,6.4,61.9
MUL1296-Markleeville,5/28/24,2.3,61,75.6,81,4,64.8
MEY3300-Tolteca,5/28/24,3,56.5,68.1,71,,32
TAH-5201 Lake Forest,5/28/24,1.1,54.1,69.5,87,14.4,63.4
Tahoe-7300 Sugar Pine Point,5/28/24,1.2,54.4,69.8,85,7.4,62.2
SMP8700-Firecamp,5/28/24,1.7,54.3,71.9,95,,32
TAH5201-Fairway,5/28/24,2.3,52.9,67.8,92,,32
TPZ1261 Cunningham,5/28/24,5.6,63.9,78,79,,32
POR32 4th Avenue,5/28/24,2.6,56.6,,96,15.8,66.8
GLS7600-Walden,5/27/24,0,-38.2,76.8,63,18.7,59.2
TAH7300-DL Bliss,5/27/24,1.2,56.4,67.6,86,5.3,66.6
BKY4201-Summit,5/27/24,1.5,,,100,14.4,57.8
TPZ1261–Park Ranch,5/27/24,4.5,66.5,81.5,68,5.4,67.5
TPZ1261-Walker,5/27/24,5.5,63.7,78.6,72,4.9,62.1
CEM41-Garbage Pit Rd,5/27/24,5,61.1,78.9,89,5.7,67
CAL204-Dog Valley,5/27/24,3.5,63.6,79.3,83,12.2,69.1
TRK7203-Northstar Golf Course,5/27/24,3.8,54.5,73.7,97,19.2,63.4
SRB51-Smithneck Rd,5/27/24,6.1,61.2,79,78,42.7,63
STL3101 Ledge Ct.,5/27/24,1,55.8,68.1,78,3,58.5
7400-Glenshire,5/27/24,2.9,55.2,74.6,95,3.5,62.7
WSH201-Floriston,5/27/24,2.7,60,76.9,83,7.9,73.8
Washoe204-Fariad,5/27/24,7,61.7,77.4,83,0.7,68.1
MEY3400-Camp Richardson,5/27/24,2,54.4,71.6,96,6.8,60.6
MUL1296-Markleeville,5/27/24,0.9,60.2,78.6,92,4,63.5
MEY3300-Tolteca,5/27/24,1.7,56.5,,82,,32
TAH-5201 Lake Forest,5/27/24,0.7,55.2,71.4,90,14.7,61.8
Tahoe-7300 Sugar Pine Point,5/27/24,1.1,54.6,70.9,90,7.6,61
SMP8700-Firecamp,5/27/24,1,55.1,76.1,95,,32
TAH5201-Fairway,5/27/24,1.6,53.7,69.6,92,,32
TPZ1261 Cunningham,5/27/24,4.5,63.3,107.3,79,,32
POR32 4th Avenue,5/27/24,2.2,58.6,,96,16.1,66.3
GLS7600-Walden,5/26/24,0,-37.8,27.2,39,19.1,57.5
TAH7300-DL Bliss,5/26/24,1.2,50.4,62,90,5.3,63
BKY4201-Summit,5/26/24,1.6,,,100,14.8,55.9
TPZ1261–Park Ranch,5/26/24,4,61.7,76.5,65,5.4,65.2
TPZ1261-Walker,5/26/24,5.4,58.4,73.4,63,4.9,60.7
CEM41-Garbage Pit Rd,5/26/24,4.1,55.1,72.4,85,5.6,65.1
CAL204-Dog Valley,5/26/24,2.5,57.4,76,79,12.4,67.1
TRK7203-Northstar Golf Course,5/26/24,2.6,49.1,69.4,96,19.5,60.6
SRB51-Smithneck Rd,5/26/24,5.8,55,71.9,76,42.8,61.8
STL3101 Ledge Ct.,5/26/24,1.1,50,63.2,86,3,56
7400-Glenshire,5/26/24,2.4,49.9,71.1,94,3.5,61
WSH201-Floriston,5/26/24,2.4,54.2,73.7,97,7.9,70.8
Washoe204-Fariad,5/26/24,6.6,56,74.2,83,0.7,64.7
MEY3400-Camp Richardson,5/26/24,1.8,48.9,81.5,96,7,59.3
MUL1296-Markleeville,5/26/24,0.2,54.5,74.2,87,4,61
MEY3300-Tolteca,5/26/24,1.7,51,66.5,85,,32
TAH-5201 Lake Forest,5/26/24,0.5,48.8,66.1,90,15,59.4
Tahoe-7300 Sugar Pine Point,5/26/24,1,49,66.1,92,7.7,58.2
SMP8700-Firecamp,5/26/24,0.6,50.1,71.5,95,,32
TAH5201-Fairway,5/26/24,1.3,47.7,65.3,93,,32
TPZ1261 Cunningham,5/26/24,4.9,58.2,74.7,68,,32
POR32 4th Avenue,5/26/24,1.9,53.7,,97,16.3,63.7
GLS7600-Walden,5/25/24,0,-38.2,-38.1,1,19.3,54.9
TAH7300-DL Bliss,5/25/24,3.3,46.5,54,82,5.4,61.4
BKY4201-Summit,5/25/24,1.7,-38.4,-23.8,4,15,55.2
TPZ1261–Park Ranch,5/25/24,5.6,59.4,70.6,66,5.4,64.1
TPZ1261-Walker,5/25/24,7.1,55.6,67.5,64,4.9,60.2
CEM41-Garbage Pit Rd,5/25/24,7.5,52,63.8,71,5.6,64.9
CAL204-Dog Valley,5/25/24,4.6,54.9,65,66,12.7,66.8
TRK7203-Northstar Golf Course,5/25/24,4.9,44.6,57.8,94,20,58.7
SRB51-Smithneck Rd,5/25/24,7,51.4,62.8,70,42.9,61.5
STL3101 Ledge Ct.,5/25/24,3.5,47.6,58.8,82,3,55.5
7400-Glenshire,5/25/24,4.3,45.5,58.8,91,3.5,60.1
WSH201-Floriston,5/25/24,2.7,49.5,62.5,74,7.9,68.9
Washoe204-Fariad,5/25/24,8.6,51.8,62.6,71,0.7,62.9
MEY3400-Camp Richardson,5/25/24,4,48.6,82.9,93,7.3,58.9
MUL1296-Markleeville,5/25/24,3.1,53.3,64.5,81,4,59.9
MEY3300-Tolteca,5/25/24,2.7,47.3,,82,,32
TAH-5201 Lake Forest,5/25/24,1.6,44.7,56.2,84,15.2,59
Tahoe-7300 Sugar Pine Point,5/25/24,1.4,45.9,,100,7.8,56.7
SMP8700-Firecamp,5/25/24,1.8,45.3,60.2,94,,32
TAH5201-Fairway,5/25/24,3.3,44,54.1,87,,32
TPZ1261 Cunningham,5/25/24,5.2,55.2,68.2,77,,32
POR32 4th Avenue,5/25/24,3,49.1,62,93,16.6,63.8
GLS7600-Walden,5/24/24,0,-38.2,1.8,22,19.6,54.9
TAH7300-DL Bliss,5/24/24,2.3,46.8,55.5,94,5.5,61.3
BKY4201-Summit,5/24/24,1.3,-38.4,-27.4,3,15.3,55.4
TPZ1261–Park Ranch,5/24/24,5,58.8,71.2,72,5.4,63.8
TPZ1261-Walker,5/24/24,7.1,54.8,68.6,76,4.9,60.3
CEM41-Garbage Pit Rd,5/24/24,5.4,53.7,67,82,5.7,65.3
CAL204-Dog Valley,5/24/24,4.5,55,68.1,79,13,66.6
TRK7203-Northstar Golf Course,5/24/24,4.7,46.1,60.4,98,20.6,58.4
SRB51-Smithneck Rd,5/24/24,5.8,53.9,65,81,43,61.8
STL3101 Ledge Ct.,5/24/24,2.3,47.3,58.6,88,3,55.4
7400-Glenshire,5/24/24,3.4,47.3,61.9,97,3.6,59.4
WSH201-Floriston,5/24/24,2.6,51.5,64.8,87,7.9,67.9
Washoe204-Fariad,5/24/24,7.5,52.3,65.9,84,0.7,62.7
MEY3400-Camp Richardson,5/24/24,2.6,48,60.8,99,7.5,58.6
MUL1296-Markleeville,5/24/24,1.7,51.9,66.9,96,4.1,58.7
MEY3300-Tolteca,5/24/24,2.6,47.8,,88,,32
TAH-5201 Lake Forest,5/24/24,1.1,46.9,59.8,93,15.4,58.5
Tahoe-7300 Sugar Pine Point,5/24/24,1.1,47,59.8,96,7.9,55.3
SMP8700-Firecamp,5/24/24,1.3,47.5,63,95,,32
TAH5201-Fairway,5/24/24,2.3,46.2,57.9,96,,32
TPZ1261 Cunningham,5/24/24,5.7,55.3,68.2,84,,32
POR32 4th Avenue,5/24/24,3,51.4,67,92,17,64.4
GLS7600-Walden,5/23/24,0,-38.2,,100,19.9,55.4
TAH7300-DL Bliss,5/23/24,1.6,46,53.1,87,5.6,62.6
BKY4201-Summit,5/23/24,1.8,-38.4,-38.4,1,15.6,56
TPZ1261–Park Ranch,5/23/24,5.6,55.5,67,76,5.5,64.7
TPZ1261-Walker,5/23/24,6.1,51,63.1,65,5,60.6
CEM41-Garbage Pit Rd,5/23/24,6.5,53.6,65.4,65,5.7,64.9
CAL204-Dog Valley,5/23/24,3.7,53.2,64.9,71,13.3,66.5
TRK7203-Northstar Golf Course,5/23/24,2.9,45.7,59.8,96,21.4,59.6
SRB51-Smithneck Rd,5/23/24,5.1,52.4,65.1,66,43,61.6
STL3101 Ledge Ct.,5/23/24,1.3,46.3,58.2,82,3.1,56.6
7400-Glenshire,5/23/24,2.3,46.2,60,92,3.7,60.8
WSH201-Floriston,5/23/24,3,50.3,62.3,77,8,69.2
Washoe204-Fariad,5/23/24,7.7,51.7,62.5,76,0.7,60.1
MEY3400-Camp Richardson,5/23/24,1.9,45.1,57.6,96,7.6,59.8
MUL1296-Markleeville,5/23/24,0.1,48.6,63.8,94,4.1,60
MEY3300-Tolteca,5/23/24,1.5,46.8,57,83,,32
TAH-5201 Lake Forest,5/23/24,0.5,44.9,54.2,88,15.7,59.1
Tahoe-7300 Sugar Pine Point,5/23/24,0.8,45,57,92,8.1,56.6
SMP8700-Firecamp,5/23/24,0.8,47.2,61.8,89,,32
TAH5201-Fairway,5/23/24,1.5,44.5,53.9,90,,32
TPZ1261 Cunningham,5/23/24,5.7,51.4,64.2,74,,32
POR32 4th Avenue,5/23/24,2.2,52.4,66.8,79,17.3,63.7
GLS7600-Walden,5/22/24,0.9,44.4,60,69,20.4,56
TAH7300-DL Bliss,5/22/24,3.6,50.6,58,62,5.7,63.2
BKY4201-Summit,5/22/24,1.9,-38.4,,100,15.9,55.8
TPZ1261–Park Ranch,5/22/24,5.4,60.4,73.5,78,5.6,64.2
TPZ1261-Walker,5/22/24,8.8,58,69.5,64,5,60.4
CEM41-Garbage Pit Rd,5/22/24,7.9,55.6,67.9,61,5.7,64.8
CAL204-Dog Valley,5/22/24,6.3,57.6,68.2,57,13.7,66
TRK7203-Northstar Golf Course,5/22/24,6.5,48,62.5,92,22.4,60.2
SRB51-Smithneck Rd,5/22/24,6.7,54.5,66.9,61,43.1,61.3
STL3101 Ledge Ct.,5/22/24,5.2,52,62.1,56,3.2,57.5
7400-Glenshire,5/22/24,4.7,49.2,63.1,90,3.8,60.8
WSH201-Floriston,5/22/24,4.1,53.1,66.6,74,8.2,70.5
Washoe204-Fariad,5/22/24,10.1,55,66,71,0.8,62.2
MEY3400-Camp Richardson,5/22/24,4.2,51.1,62.3,83,8,59.8
MUL1296-Markleeville,5/22/24,3.5,54,66.9,83,4.1,60.6
MEY3300-Tolteca,5/22/24,4.3,51.5,66.4,66,,32
TAH-5201 Lake Forest,5/22/24,1.8,48.9,61.8,80,16,59.5
Tahoe-7300 Sugar Pine Point,5/22/24,1.5,50.1,63.2,79,8.3,58.5
SMP8700-Firecamp,5/22/24,1.8,48.1,64.8,93,,32
TAH5201-Fairway,5/22/24,4.2,48.2,59.1,84,,32
TPZ1261 Cunningham,5/22/24,6.3,57.4,70.2,78,,32
POR32 4th Avenue,5/22/24,3.6,52,67.6,90,17.6,63
GLS7600-Walden,5/21/24,0,45.9,61.3,55,20.8,55.8
TAH7300-DL Bliss,5/21/24,2.1,47.4,55.9,60,5.8,62.8
BKY4201-Summit,5/21/24,2.1,-38.4,84.7,81,16.2,55.1
TPZ1261–Park Ranch,5/21/24,4.9,54.6,68.3,64,5.6,62.6
TPZ1261-Walker,5/21/24,5.1,51.3,64.7,56,5,60.3
CEM41-Garbage Pit Rd,5/21/24,6.1,51.9,66.2,55,5.6,63.9
CAL204-Dog Valley,5/21/24,4,50.9,67.2,56,14,65.3
TRK7203-Northstar Golf Course,5/21/24,3.7,45.2,64,89,23.4,59.6
SRB51-Smithneck Rd,5/21/24,5.9,51.5,65.5,56,43.1,61.2
STL3101 Ledge Ct.,5/21/24,2.8,47.1,56.6,54,3.2,57.2
7400-Glenshire,5/21/24,2.7,46.3,63.2,80,3.9,59.4
WSH201-Floriston,5/21/24,1.7,49.1,66.2,84,8.3,70
Washoe204-Fariad,5/21/24,6.7,51,64.2,69,0.8,58.9
MEY3400-Camp Richardson,5/21/24,2.6,46.6,59.4,76,8.4,59.6
MUL1296-Markleeville,5/21/24,0.7,48.5,66.5,79,4.2,59.6
MEY3300-Tolteca,5/21/24,2.3,48.5,,67,,32
TAH-5201 Lake Forest,5/21/24,0.9,48.1,59.1,66,16.2,58
Tahoe-7300 Sugar Pine Point,5/21/24,1.1,48.7,58.8,62,8.5,57.8
SMP8700-Firecamp,5/21/24,1.1,46.2,63.5,82,,32
TAH5201-Fairway,5/21/24,2.4,47.5,58,72,,32
TPZ1261 Cunningham,5/21/24,5.3,51.8,66.5,56,,32
POR32 4th Avenue,5/21/24,2.1,49.5,66.8,82,17.9,62
GLS7600-Walden,5/20/24,0,38.6,,100,21.2,55.1
TAH7300-DL Bliss,5/20/24,2.3,45.8,54.5,82,5.9,63.4
BKY4201-Summit,5/20/24,2.7,-38.4,,100,16.5,56.4
TPZ1261–Park Ranch,5/20/24,5.1,54.1,63.3,74,5.7,64.9
TPZ1261-Walker,5/20/24,5.2,50,61.3,79,5,61.5
CEM41-Garbage Pit Rd,5/20/24,6.2,49.2,61.5,71,5.6,64.7
CAL204-Dog Valley,5/20/24,4.1,50.3,62.4,66,14.4,66.6
TRK7203-Northstar Golf Course,5/20/24,3.2,43.4,58.4,97,24.6,61
SRB51-Smithneck Rd,5/20/24,5.9,47.6,60.1,72,43.2,61.7
STL3101 Ledge Ct.,5/20/24,1.7,46.4,57.2,81,3.3,58.4
7400-Glenshire,5/20/24,2.6,43.8,57.9,95,4.1,61.3
WSH201-Floriston,5/20/24,2.7,47.4,60.3,90,8.4,70.7
Washoe204-Fariad,5/20/24,6.5,49,60.1,89,0.9,59.9
MEY3400-Camp Richardson,5/20/24,2.8,47.2,71.2,93,8.8,60.2
MUL1296-Markleeville,5/20/24,0.7,48.2,63.5,90,4.2,60.5
MEY3300-Tolteca,5/20/24,2.1,46.8,58.4,78,,32
TAH-5201 Lake Forest,5/20/24,0.8,44.1,54.9,85,16.5,59.7
Tahoe-7300 Sugar Pine Point,5/20/24,1.1,46,58.6,86,8.7,57.5
SMP8700-Firecamp,5/20/24,0.8,43.9,58.3,94,,32
TAH5201-Fairway,5/20/24,2,43.9,56.5,90,,32
TPZ1261 Cunningham,5/20/24,5.6,50,61.4,77,,32
POR32 4th Avenue,5/20/24,1.9,47.6,62.8,79,18.4,63.6
GLS7600-Walden,5/19/24,0,39.6,,100,21.7,56.7
TAH7300-DL Bliss,5/19/24,3.5,52.1,59.4,66,6.1,65.6
BKY4201-Summit,5/19/24,1.6,-38.4,-38.4,1,17,58.2
TPZ1261–Park Ranch,5/19/24,6.2,63,73.4,59,5.8,67.8
TPZ1261-Walker,5/19/24,9.2,59.4,69.6,50,5.1,62.7
CEM41-Garbage Pit Rd,5/19/24,6.6,56.4,68.2,82,5.7,66.8
CAL204-Dog Valley,5/19/24,6.1,59.6,68.8,67,15,68.7
TRK7203-Northstar Golf Course,5/19/24,6.3,49.8,63.3,98,25.9,62.6
SRB51-Smithneck Rd,5/19/24,6.4,55.5,66.6,78,43.3,62.6
STL3101 Ledge Ct.,5/19/24,4.3,53.4,63.6,78,3.4,60.5
7400-Glenshire,5/19/24,4.6,51.2,64,95,4.3,62.9
WSH201-Floriston,5/19/24,2.5,54.5,67.2,86,8.5,72.6
Washoe204-Fariad,5/19/24,9.3,56.8,66.9,81,1,65.2
MEY3400-Camp Richardson,5/19/24,3.6,53.3,63,85,9.3,60.8
MUL1296-Markleeville,5/19/24,3.7,58,69.3,78,4.3,63.7
MEY3300-Tolteca,5/19/24,3.7,53.4,62.1,80,,32
TAH-5201 Lake Forest,5/19/24,1.9,50.9,62.1,82,16.8,62.4
Tahoe-7300 Sugar Pine Point,5/19/24,1.3,51.5,62.8,87,8.9,59.9
SMP8700-Firecamp,5/19/24,1.8,50,65.1,96,,32
TAH5201-Fairway,5/19/24,3.7,50.2,60.1,88,,32
TPZ1261 Cunningham,5/19/24,8.6,59.5,70.3,72,,32
POR32 4th Avenue,5/19/24,3.1,54.2,67.7,96,19,66.4
GLS7600-Walden,5/18/24,0,49.6,,100,22.3,58.8
TAH7300-DL Bliss,5/18/24,2.1,55.6,66.1,82,6.3,67.4
BKY4201-Summit,5/18/24,2,-38.4,-38.4,1,17.5,58.4
TPZ1261–Park Ranch,5/18/24,5.9,67.4,81.7,75,5.9,68.8
TPZ1261-Walker,5/18/24,6.7,63.6,77.6,66,5.1,63
CEM41-Garbage Pit Rd,5/18/24,6.1,60.8,76.6,89,5.7,67.5
CAL204-Dog Valley,5/18/24,4.1,62.6,78.7,73,15.5,68.7
TRK7203-Northstar Golf Course,5/18/24,4.6,53.6,72.2,98,27.4,64.3
SRB51-Smithneck Rd,5/18/24,6.5,60.9,75.7,74,43.4,62.6
STL3101 Ledge Ct.,5/18/24,2.1,56.4,69.6,78,3.5,61.1
7400-Glenshire,5/18/24,3.3,54.6,72.9,95,4.6,63.1
WSH201-Floriston,5/18/24,2.8,59.3,75.5,84,8.8,74.4
Washoe204-Fariad,5/18/24,7.8,61.2,76,84,1.1,68
MEY3400-Camp Richardson,5/18/24,2.9,54.9,70.6,96,9.8,60.4
MUL1296-Markleeville,5/18/24,1.1,59.8,77.4,91,4.4,63.5
MEY3300-Tolteca,5/18/24,2.7,56.1,69.4,80,,32
TAH-5201 Lake Forest,5/18/24,0.7,53.7,71.5,89,17.1,62.6
Tahoe-7300 Sugar Pine Point,5/18/24,1.1,53.8,71.1,88,9.1,60.7
SMP8700-Firecamp,5/18/24,0.9,54.3,74.1,95,,32
TAH5201-Fairway,5/18/24,2,52.5,69,93,,32
TPZ1261 Cunningham,5/18/24,4.5,63.8,78.9,74,,32
POR32 4th Avenue,5/18/24,2.7,59.3,76.9,96,19.6,67.2
GLS7600-Walden,5/17/24,0,50.4,,100,22.9,59.1
TAH7300-DL Bliss,5/17/24,1.9,57.8,68.1,71,6.4,67.1
BKY4201-Summit,5/17/24,2,-38.4,-38.4,1,18,57.7
TPZ1261–Park Ranch,5/17/24,4.1,69,82.3,65,6,68.3
TPZ1261-Walker,5/17/24,5.4,65.8,78.9,67,5.1,62.4
CEM41-Garbage Pit Rd,5/17/24,5,62.6,77.2,81,5.7,67.1
CAL204-Dog Valley,5/17/24,3.8,64.6,79.2,67,16.1,68.1
TRK7203-Northstar Golf Course,5/17/24,3.2,54.5,72.6,96,28.7,64.1
SRB51-Smithneck Rd,5/17/24,7.2,62.7,76.4,65,43.5,62.1
STL3101 Ledge Ct.,5/17/24,1.1,57.6,68.8,67,3.6,60.5
7400-Glenshire,5/17/24,2.9,55.4,73.7,95,4.8,62.6
WSH201-Floriston,5/17/24,2.9,60.3,77.2,80,9.1,74.1
Washoe204-Fariad,5/17/24,5.7,62.3,77.5,79,1.3,68.2
MEY3400-Camp Richardson,5/17/24,2.4,55,71,87,10.3,59.6
MUL1296-Markleeville,5/17/24,0.7,60,79.2,83,4.5,62.6
MEY3300-Tolteca,5/17/24,2.2,57.9,,74,,32
TAH-5201 Lake Forest,5/17/24,0.7,54.4,71.6,84,17.4,61.9
Tahoe-7300 Sugar Pine Point,5/17/24,1,54.8,,100,9.4,60.2
SMP8700-Firecamp,5/17/24,0.8,55.3,75.3,95,,32
TAH5201-Fairway,5/17/24,1.7,53.2,70.4,87,,32
TPZ1261 Cunningham,5/17/24,5.1,66,80.2,71,,32
POR32 4th Avenue,5/17/24,2.5,60,,96,20.2,67.1
GLS7600-Walden,5/16/24,0,52.2,127.9,82,23.6,58.2
TAH7300-DL Bliss,5/16/24,1.5,58.7,69.2,66,6.6,66.5
BKY4201-Summit,5/16/24,1.6,-38.4,-29,9,18.6,56.8
TPZ1261–Park Ranch,5/16/24,5.6,68.8,82.4,61,6.1,66.9
TPZ1261-Walker,5/16/24,5.6,65,79,53,5.2,61.4
CEM41-Garbage Pit Rd,5/16/24,4.9,62,79.1,69,5.7,66
CAL204-Dog Valley,5/16/24,3.8,63.8,80.4,61,16.7,66.6
TRK7203-Northstar Golf Course,5/16/24,3.9,54.8,73.9,93,30,63.6
SRB51-Smithneck Rd,5/16/24,6.4,62.6,78.1,60,43.7,61.4
STL3101 Ledge Ct.,5/16/24,1,58.5,71.1,59,3.7,59.7
7400-Glenshire,5/16/24,3,55.5,75.3,88,5.1,61.7
WSH201-Floriston,5/16/24,2.6,60.2,78.4,72,9.5,73.2
Washoe204-Fariad,5/16/24,7.4,62.4,79.3,71,1.4,66.2
MEY3400-Camp Richardson,5/16/24,2.6,54.8,72.6,81,11,58.6
MUL1296-Markleeville,5/16/24,0.6,59.6,79.4,83,4.5,60.9
MEY3300-Tolteca,5/16/24,2.3,57.9,71.3,59,,32
TAH-5201 Lake Forest,5/16/24,0.9,55,72.9,74,17.6,61.3
Tahoe-7300 Sugar Pine Point,5/16/24,1.1,55.3,74.1,72,9.6,59.5
SMP8700-Firecamp,5/16/24,0.9,55.1,76,90,,32
TAH5201-Fairway,5/16/24,1.8,53.6,71.7,84,,32
TPZ1261 Cunningham,5/16/24,4.1,64.6,79.9,73,,32
POR32 4th Avenue,5/16/24,2.8,60.7,79.3,87,20.7,65.8
GLS7600-Walden,5/15/24,0,56,86.7,60,24.3,57.1
TAH7300-DL Bliss,5/15/24,1.8,59.3,67.2,54,6.9,65.8
BKY4201-Summit,5/15/24,1.9,-38.4,-38.4,1,19.2,56.2
TPZ1261–Park Ranch,5/15/24,4.8,65.4,78.6,61,6.1,65.9
TPZ1261-Walker,5/15/24,5.3,62.5,75.7,58,5.2,60.9
CEM41-Garbage Pit Rd,5/15/24,4.4,61.8,77,69,5.7,65.4
CAL204-Dog Valley,5/15/24,2.8,61.2,78.4,68,17.3,65.7
TRK7203-Northstar Golf Course,5/15/24,2.8,54.9,74.1,96,31.1,63.3
SRB51-Smithneck Rd,5/15/24,6.3,61.5,76.9,63,44,60.8
STL3101 Ledge Ct.,5/15/24,1.2,58.1,68.4,64,3.8,58.5
7400-Glenshire,5/15/24,2.3,55.4,74.6,93,5.4,61.1
WSH201-Floriston,5/15/24,3,59.1,76.6,80,10,72.4
Washoe204-Fariad,5/15/24,5.6,60.2,75.8,80,1.6,63.9
MEY3400-Camp Richardson,5/15/24,1.8,55,70.6,92,11.8,58
MUL1296-Markleeville,5/15/24,0.2,57.2,77.1,89,4.6,60.2
MEY3300-Tolteca,5/15/24,1.9,57.7,70.9,83,,32
TAH-5201 Lake Forest,5/15/24,0.6,55.7,70.3,75,17.9,60.4
Tahoe-7300 Sugar Pine Point,5/15/24,1,55.6,,79,9.9,59.2
SMP8700-Firecamp,5/15/24,1.1,55.3,74.5,93,,32
TAH5201-Fairway,5/15/24,1.1,54.4,70.4,83,,32
TPZ1261 Cunningham,5/15/24,5.9,62.8,87.4,56,,32
POR32 4th Avenue,5/15/24,1.8,59.1,,91,21.3,65
GLS7600-Walden,5/14/24,0,53.2,94.2,80,25.2,57.4
TAH7300-DL Bliss,5/14/24,1.3,56.8,67.4,78,7.1,64.1
BKY4201-Summit,5/14/24,1.6,-38.4,-38.4,1,19.8,55.4
TPZ1261–Park Ranch,5/14/24,4.8,66.4,80,73,6.2,64.5
TPZ1261-Walker,5/14/24,5.4,63.2,76.7,68,5.2,59.9
CEM41-Garbage Pit Rd,5/14/24,4.3,60.8,77.9,85,5.7,64.7
CAL204-Dog Valley,5/14/24,2.8,61.9,78.8,80,17.9,64.2
TRK7203-Northstar Golf Course,5/14/24,2.4,55,74.4,97,31.9,62.2
SRB51-Smithneck Rd,5/14/24,6.6,60.7,76.7,75,44.2,60.1
STL3101 Ledge Ct.,5/14/24,0.8,55.6,68.8,79,3.8,56.5
7400-Glenshire,5/14/24,2.2,55.4,74.5,95,5.7,60.6
WSH201-Floriston,5/14/24,2.6,59.4,77.2,83,10.6,71.2
Washoe204-Fariad,5/14/24,6.5,60.7,75.9,83,1.8,63.7
MEY3400-Camp Richardson,5/14/24,1.9,54.1,70.7,99,13.3,57.2
MUL1296-Markleeville,5/14/24,0.1,58.6,78.4,95,4.8,58.7
MEY3300-Tolteca,5/14/24,1.9,56.3,70.9,80,,32
TAH-5201 Lake Forest,5/14/24,0.4,54.1,69.1,88,18.2,59.2
Tahoe-7300 Sugar Pine Point,5/14/24,1,54,,87,10.3,58.2
SMP8700-Firecamp,5/14/24,0.7,55.2,76.3,96,,32
TAH5201-Fairway,5/14/24,1.3,52.6,68.4,94,,32
TPZ1261 Cunningham,5/14/24,6.2,63.9,78.4,69,,32
POR32 4th Avenue,5/14/24,1.6,59,79.1,96,21.8,64.5
GLS7600-Walden,5/13/24,0,48,70.9,72,26.1,57.1
TAH7300-DL Bliss,5/13/24,1.8,54.5,65.8,78,7.3,62
BKY4201-Summit,5/13/24,1.8,-38.4,-38.4,1,20.6,54.1
TPZ1261–Park Ranch,5/13/24,5.3,65.2,78.1,74,6.2,64
TPZ1261-Walker,5/13/24,6.1,60.9,73.2,73,5.2,59.5
CEM41-Garbage Pit Rd,5/13/24,5,59.8,76.1,87,5.8,63.7
CAL204-Dog Valley,5/13/24,3,62.2,76.5,74,18.5,62.8
TRK7203-Northstar Golf Course,5/13/24,3.9,53.8,72.4,97,32.4,60.5
SRB51-Smithneck Rd,5/13/24,7.6,60.1,75.9,72,44.4,59
STL3101 Ledge Ct.,5/13/24,1.7,53.8,67,86,3.9,55.9
7400-Glenshire,5/13/24,2.8,54.5,73.8,96,6,59.5
WSH201-Floriston,5/13/24,3.3,59,76.6,82,11.3,70.7
Washoe204-Fariad,5/13/24,7.1,60.6,76.8,80,2,63.8
MEY3400-Camp Richardson,5/13/24,2.7,52,70.1,98,11.3,56.5
MUL1296-Markleeville,5/13/24,0.4,55.1,76.2,88,4.9,57.8
MEY3300-Tolteca,5/13/24,2.1,55,,73,,32
TAH-5201 Lake Forest,5/13/24,0.6,53.4,71.4,87,18.5,57.1
Tahoe-7300 Sugar Pine Point,5/13/24,1.2,52.8,,100,10.6,56.4
SMP8700-Firecamp,5/13/24,0.8,54.1,74.1,95,,32
TAH5201-Fairway,5/13/24,1.5,51.6,69.6,93,,32
TPZ1261 Cunningham,5/13/24,5.9,61.9,75.8,68,,32
POR32 4th Avenue,5/13/24,1.8,58.1,78.1,96,22.2,63.8
GLS7600-Walden,5/12/24,0,46.6,69.4,71,27.1,54.8
TAH7300-DL Bliss,5/12/24,1.5,53.8,64.8,76,7.6,59.8
BKY4201-Summit,5/12/24,1.8,-38.4,-38.4,1,21.3,52.1
TPZ1261–Park Ranch,5/12/24,4.9,65.3,78.8,68,6.3,62.8
TPZ1261-Walker,5/12/24,5.4,61.9,75.7,65,5.2,58.2
CEM41-Garbage Pit Rd,5/12/24,4.8,59.6,75.2,79,5.8,62.4
CAL204-Dog Valley,5/12/24,3.3,62,76.1,71,19.2,62.1
TRK7203-Northstar Golf Course,5/12/24,3.3,52.2,71.1,97,32.9,59.1
SRB51-Smithneck Rd,5/12/24,7.2,60.1,73.7,62,44.7,58.3
STL3101 Ledge Ct.,5/12/24,0.9,53.7,66,69,4,53.8
7400-Glenshire,5/12/24,2.6,53.1,72,95,6.3,57.8
WSH201-Floriston,5/12/24,3.4,57.7,75.3,81,12.2,69.2
Washoe204-Fariad,5/12/24,7.8,60.1,75.8,78,2.3,63.3
MEY3400-Camp Richardson,5/12/24,2.4,51.3,68.4,92,10.9,55.3
MUL1296-Markleeville,5/12/24,0.7,56.8,75.8,88,5.1,57
MEY3300-Tolteca,5/12/24,1.9,53.8,66.9,70,,32
TAH-5201 Lake Forest,5/12/24,0.5,51.8,69,87,18.8,55.2
Tahoe-7300 Sugar Pine Point,5/12/24,0.9,51.7,,100,11,54.6
SMP8700-Firecamp,5/12/24,0.8,52.9,72.4,95,,32
TAH5201-Fairway,5/12/24,1.5,50.5,67.7,92,,32
TPZ1261 Cunningham,5/12/24,4.8,62.1,77.4,77,,32
POR32 4th Avenue,5/12/24,1.8,57.3,,96,22.5,62.4
GLS7600-Walden,5/11/24,0,49.5,,77,28.2,52.7
TAH7300-DL Bliss,5/11/24,0.7,53.3,62.2,68,8,57.2
BKY4201-Summit,5/11/24,1.7,-38.4,-35.9,3,22.1,49.8
TPZ1261–Park Ranch,5/11/24,4.5,60.1,74.4,71,6.3,59.7
TPZ1261-Walker,5/11/24,5.4,57.3,70.3,59,5.3,56.8
CEM41-Garbage Pit Rd,5/11/24,3.6,56.8,73.1,71,5.8,59.8
CAL204-Dog Valley,5/11/24,3,56.9,74,69,19.7,60
TRK7203-Northstar Golf Course,5/11/24,3,49.6,69,94,33.2,56.8
SRB51-Smithneck Rd,5/11/24,6.8,56.7,71.9,60,45,57.1
STL3101 Ledge Ct.,5/11/24,1.1,51.8,63,61,4.1,51
7400-Glenshire,5/11/24,2.4,50.3,69.8,90,6.6,55.8
WSH201-Floriston,5/11/24,2.7,54.3,71.8,76,13.1,67
Washoe204-Fariad,5/11/24,5.6,55.7,71.8,75,2.7,58.7
MEY3400-Camp Richardson,5/11/24,2.1,50.5,66.1,87,11.3,53.7
MUL1296-Markleeville,5/11/24,0.3,52,71.8,86,5.4,54.9
MEY3300-Tolteca,5/11/24,2.1,52,64.7,64,,32
TAH-5201 Lake Forest,5/11/24,0.5,50,64.8,80,19,53.2
Tahoe-7300 Sugar Pine Point,5/11/24,0.9,50.6,,100,11.5,52.6
SMP8700-Firecamp,5/11/24,1,49.9,70.4,94,,32
TAH5201-Fairway,5/11/24,1.4,48.6,64.5,84,,32
TPZ1261 Cunningham,5/11/24,4.3,56.7,72.2,74,,32
POR32 4th Avenue,5/11/24,1.4,54.8,,93,22.7,59.2
GLS7600-Walden,5/10/24,0,47.7,61.2,68,29.3,50.2
TAH7300-DL Bliss,5/10/24,0.9,49.3,56.8,67,8.3,54.1
BKY4201-Summit,5/10/24,2.2,-38.4,,100,23.2,47.8
TPZ1261–Park Ranch,5/10/24,5.8,55.8,67.8,77,6.2,57.2
TPZ1261-Walker,5/10/24,6.7,53.4,65.2,70,5.3,55.8
CEM41-Garbage Pit Rd,5/10/24,7.2,55.6,68,73,5.8,57.9
CAL204-Dog Valley,5/10/24,4,54.3,69.2,73,20.2,58.1
TRK7203-Northstar Golf Course,5/10/24,3.5,47.5,63.9,95,33.5,54.4
SRB51-Smithneck Rd,5/10/24,5.8,54.6,67.1,65,45.3,55.8
STL3101 Ledge Ct.,5/10/24,2.9,48.8,58.4,59,4.3,48.5
7400-Glenshire,5/10/24,3.2,48.2,63.6,92,6.8,54.2
WSH201-Floriston,5/10/24,2.8,51.7,67.4,92,14.2,64.8
Washoe204-Fariad,5/10/24,6.9,53,66.7,81,3.1,55.5
MEY3400-Camp Richardson,5/10/24,2.8,47.8,60.8,88,11.7,52.2
MUL1296-Markleeville,5/10/24,0.8,49.1,66.9,88,5.6,54.1
MEY3300-Tolteca,5/10/24,2.3,49,60.9,76,,32
TAH-5201 Lake Forest,5/10/24,1,48.9,60.6,77,19.4,50.8
Tahoe-7300 Sugar Pine Point,5/10/24,1.2,48.7,61.7,82,12.2,50.8
SMP8700-Firecamp,5/10/24,1.5,49,64.7,87,,32
TAH5201-Fairway,5/10/24,1.4,46.5,59.7,87,,32
TPZ1261 Cunningham,5/10/24,6,52.6,66.6,73,,32
POR32 4th Avenue,5/10/24,2.3,52.4,68.6,90,22.9,57
GLS7600-Walden,5/9/24,0.1,44.6,56.1,70,30.4,48.4
TAH7300-DL Bliss,5/9/24,2.8,43.6,51.8,69,8.8,50.2
BKY4201-Summit,5/9/24,3.4,-38.4,-38.4,1,24.5,45.9
TPZ1261–Park Ranch,5/9/24,6.7,51.1,63.1,76,6.2,54.8
TPZ1261-Walker,5/9/24,7.6,47.6,60.8,80,5.3,54.5
CEM41-Garbage Pit Rd,5/9/24,11,52.9,63.3,53,5.8,55.8
CAL204-Dog Valley,5/9/24,6.1,51.4,64,67,20.6,55.6
TRK7203-Northstar Golf Course,5/9/24,5.2,45.3,59.3,83,33.7,51.4
SRB51-Smithneck Rd,5/9/24,5.5,51.4,63,67,45.9,54.6
STL3101 Ledge Ct.,5/9/24,3.7,42.8,52.9,73,4.4,45.6
7400-Glenshire,5/9/24,4,45.5,59.2,85,7,52.2
WSH201-Floriston,5/9/24,4.6,50.7,62.2,74,15.2,61.5
Washoe204-Fariad,5/9/24,16.5,52,60.8,55,3.4,52
MEY3400-Camp Richardson,5/9/24,3.9,45.3,56.9,71,12.2,50.7
MUL1296-Markleeville,5/9/24,0.6,46.5,63.3,84,5.8,52.5
MEY3300-Tolteca,5/9/24,3.1,45.2,56,65,,32
TAH-5201 Lake Forest,5/9/24,1.5,45.6,56.3,64,19.8,48
Tahoe-7300 Sugar Pine Point,5/9/24,1.1,44.9,55.2,72,13,47.6
SMP8700-Firecamp,5/9/24,1.8,47.8,59.5,68,,32
TAH5201-Fairway,5/9/24,3.7,44.3,54.2,73,,32
TPZ1261 Cunningham,5/9/24,7.4,47.5,62.8,76,,32
POR32 4th Avenue,5/9/24,5.3,53,63.9,56,22.9,53.8
GLS7600-Walden,5/8/24,0,36.2,48.9,63,31.5,45.4
TAH7300-DL Bliss,5/8/24,2.8,38,44.8,62,9.4,48.1
BKY4201-Summit,5/8/24,2.5,-38.5,-38.4,19,26.3,45.4
TPZ1261–Park Ranch,5/8/24,6,46.1,54.6,64,6.1,54.5
TPZ1261-Walker,5/8/24,6.3,41.8,52.2,69,5.4,54.4
CEM41-Garbage Pit Rd,5/8/24,11.2,45,54.2,54,5.7,54.7
CAL204-Dog Valley,5/8/24,6.6,44.3,54.8,62,21.1,54.2
TRK7203-Northstar Golf Course,5/8/24,6.4,38.4,51.4,89,34,49.7
SRB51-Smithneck Rd,5/8/24,5.5,43.5,53.3,64,46.9,53.9
STL3101 Ledge Ct.,5/8/24,4.1,37.3,44.8,59,4.6,44.6
7400-Glenshire,5/8/24,5,39.4,50.7,83,7.1,51
WSH201-Floriston,5/8/24,7.9,42.9,52.9,70,16.3,58.9
Washoe204-Fariad,5/8/24,17.4,44.2,52.8,54,4,48.3
MEY3400-Camp Richardson,5/8/24,4.4,39.9,49.1,69,12.6,49.7
MUL1296-Markleeville,5/8/24,1.1,41.6,55.6,82,6,51
MEY3300-Tolteca,5/8/24,3.4,39.6,,100,,32
TAH-5201 Lake Forest,5/8/24,2.1,40.4,48.8,56,20.2,46.2
Tahoe-7300 Sugar Pine Point,5/8/24,1.6,40.5,,65,14.3,45.6
SMP8700-Firecamp,5/8/24,2,41.5,51.8,57,,32
TAH5201-Fairway,5/8/24,6.3,40.1,47.5,61,,32
TPZ1261 Cunningham,5/8/24,7.1,42.2,53.5,74,,32
POR32 4th Avenue,5/8/24,5.3,44.4,54.1,83,23,51.6
GLS7600-Walden,5/7/24,0,31.6,54.1,76,33.1,44.9
TAH7300-DL Bliss,5/7/24,1.4,41.9,65.5,54,10.4,46.8
BKY4201-Summit,5/7/24,2.6,-38.5,8.6,31,29.4,44.5
TPZ1261–Park Ranch,5/7/24,6.4,52.4,63,49,6,54.6
TPZ1261-Walker,5/7/24,7.8,50.2,60.6,44,5.4,54
CEM41-Garbage Pit Rd,5/7/24,5.5,44.2,55.6,82,5.8,53.8
CAL204-Dog Valley,5/7/24,4.9,46.3,57.5,68,21.6,53.6
TRK7203-Northstar Golf Course,5/7/24,3.5,39.6,56,94,34.7,49.3
SRB51-Smithneck Rd,5/7/24,5.1,42.9,55,77,48.6,52.8
STL3101 Ledge Ct.,5/7/24,3.6,43,52.5,48,4.9,43.1
7400-Glenshire,5/7/24,3.1,40.5,55.4,91,7.4,50.3
WSH201-Floriston,5/7/24,4.2,44.2,58.7,82,17.7,57.5
Washoe204-Fariad,5/7/24,7.3,45.5,57.3,77,4.5,49.8
MEY3400-Camp Richardson,5/7/24,3.3,44.4,54.1,54,13.3,49
MUL1296-Markleeville,5/7/24,1.1,48.6,62.8,63,6.3,51.1
MEY3300-Tolteca,5/7/24,3.5,44.4,55.4,55,,32
TAH-5201 Lake Forest,5/7/24,0.9,41.2,52,73,20.9,45.1
Tahoe-7300 Sugar Pine Point,5/7/24,1.4,42.6,52.9,69,16.4,44.6
SMP8700-Firecamp,5/7/24,1,40.3,55.4,94,,32
TAH5201-Fairway,5/7/24,2.6,41.1,51.3,75,,32
TPZ1261 Cunningham,5/7/24,8.1,50.3,61.9,54,,32
POR32 4th Avenue,5/7/24,2.1,43.9,58.7,97,23,51.4
GLS7600-Walden,5/6/24,0,31.3,46.7,96,35,43
TAH7300-DL Bliss,5/6/24,2,36.2,45.4,83,11.8,42.5
BKY4201-Summit,5/6/24,1.6,-38.5,-26.8,6,34.3,41.9
TPZ1261–Park Ranch,5/6/24,4.2,48.7,63.1,86,5.9,51.4
TPZ1261-Walker,5/6/24,5.8,45.8,59.5,86,5.4,52.5
CEM41-Garbage Pit Rd,5/6/24,6.9,42.2,54.5,83,5.7,51.7
CAL204-Dog Valley,5/6/24,5.4,45,56,84,22.1,50.9
TRK7203-Northstar Golf Course,5/6/24,4.6,37.7,49.2,93,35.5,46.4
SRB51-Smithneck Rd,5/6/24,5.1,41.6,53.3,86,50.2,51.5
STL3101 Ledge Ct.,5/6/24,3.8,36.5,48.3,90,5.4,40.2
7400-Glenshire,5/6/24,3.5,37.8,50.3,94,7.6,47.8
WSH201-Floriston,5/6/24,2.4,40.9,52.4,86,19.5,52.6
Washoe204-Fariad,5/6/24,9.7,43.2,53.6,88,4.9,46.4
MEY3400-Camp Richardson,5/6/24,2.7,38.2,50.6,92,14.4,46.6
MUL1296-Markleeville,5/6/24,2.6,42.6,56.1,93,6.6,47
MEY3300-Tolteca,5/6/24,2.8,35.8,46.1,86,,32
TAH-5201 Lake Forest,5/6/24,1.4,36,47.5,92,22,42.2
Tahoe-7300 Sugar Pine Point,5/6/24,1,35.6,47.2,93,18.3,42.1
SMP8700-Firecamp,5/6/24,1.8,38.6,51.8,93,,32
TAH5201-Fairway,5/6/24,2.9,35.9,45.4,92,,32
TPZ1261 Cunningham,5/6/24,6.3,45.6,60.1,86,,32
POR32 4th Avenue,5/6/24,2.7,40.5,52.6,98,22.9,49.8
TAH7300-DL Bliss,5/5/24,2.2,26,31.4,93,12.3,39.6
BKY4201-Summit,5/5/24,2.7,-38.5,-38.5,1,25.1,41.9
TPZ1261–Park Ranch,5/5/24,4.4,40.1,48.5,72,5.8,50.5
TPZ1261-Walker,5/5/24,6.1,35.8,45.9,76,5.4,53
CEM41-Garbage Pit Rd,5/5/24,6.5,34.8,41.6,94,5.7,49.8
CAL204-Dog Valley,5/5/24,6.9,36.5,42.3,77,23.1,49.6
TRK7203-Northstar Golf Course,5/5/24,5.1,28.7,36.4,96,39.2,42.9
SRB51-Smithneck Rd,5/5/24,4.7,34.1,42.4,94,50.7,51
STL3101 Ledge Ct.,5/5/24,1.4,26.4,34.5,92,6,41.4
7400-Glenshire,5/5/24,3.2,29.7,36.2,95,7.4,47.1
WSH201-Floriston,5/5/24,3,33,47.8,90,23.6,46.4
Washoe204-Fariad,5/5/24,10.4,34.5,41,86,5.1,41.3
MEY3400-Camp Richardson,5/5/24,2.2,29.2,36.3,92,16.2,44.8
MUL1296-Markleeville,5/5/24,1.9,33.6,42.2,85,6.8,45.3
MEY3300-Tolteca,5/5/24,4,26.5,32,90,,32
TAH-5201 Lake Forest,5/5/24,0.7,28.5,34.5,94,24.3,41.1
Tahoe-7300 Sugar Pine Point,5/5/24,0.8,27.3,32.9,94,18.3,40.1
SMP8700-Firecamp,5/5/24,1.3,30.8,36.6,93,,32
TAH5201-Fairway,5/5/24,2.5,27.8,33.9,94,,32
TPZ1261 Cunningham,5/5/24,5.7,37.3,45.8,71,,32
POR32 4th Avenue,5/5/24,2.6,34.5,40.7,96,21.9,47.9
GLS7600-Walden,5/4/24,0,21.8,45.8,97,37.2,42.4
TAH7300-DL Bliss,5/4/24,3.3,33,47.6,96,8,48.6
BKY4201-Summit,5/4/24,3.6,-38.5,-38.4,1,21,46.8
TPZ1261–Park Ranch,5/4/24,8,48.1,61.9,96,6.1,58.9
TPZ1261-Walker,5/4/24,10.9,34.4,58.3,98,5.5,56.3
CEM41-Garbage Pit Rd,5/4/24,10,40,54,96,5.7,55.4
CAL204-Dog Valley,5/4/24,8.3,41.9,56.3,94,20.2,56.9
TRK7203-Northstar Golf Course,5/4/24,10.4,35.8,50.5,97,36.4,49.2
SRB51-Smithneck Rd,5/4/24,8.4,39.1,53.3,96,46.8,54.4
STL3101 Ledge Ct.,5/4/24,2.3,33.1,46.4,97,4.9,49.2
7400-Glenshire,5/4/24,2.9,36.1,50.2,97,6.3,53.5
WSH201-Floriston,5/4/24,9.4,39.4,59.1,93,18.3,53.4
Washoe204-Fariad,5/4/24,15.8,40.4,54.8,97,3.1,47.1
MEY3400-Camp Richardson,5/4/24,5.6,35.4,49.5,98,12.4,50
MUL1296-Markleeville,5/4/24,3.6,39.9,53.2,96,5.1,53
MEY3300-Tolteca,5/4/24,5,33.8,47.6,93,,32
TAH-5201 Lake Forest,5/4/24,2.5,33.7,46.5,96,19.7,48.9
Tahoe-7300 Sugar Pine Point,5/4/24,1.2,34.3,,96,12,46
SMP8700-Firecamp,5/4/24,2.7,35,46.9,94,,32
TAH5201-Fairway,5/4/24,4.3,33.7,46.9,96,,32
TPZ1261 Cunningham,5/4/24,12.9,45.8,58.9,94,,32
POR32 4th Avenue,5/4/24,3.5,37.9,50.5,98,20.1,52.8
GLS7600-Walden,5/3/24,3.5,45,,100,26.8,50.2
TAH7300-DL Bliss,5/3/24,1.5,46.4,57.2,87,7.1,55.6
BKY4201-Summit,5/3/24,1.8,-38.4,-27.8,6,21.6,49.3
TPZ1261–Park Ranch,5/3/24,4.2,57.4,71.1,71,6.3,61
TPZ1261-Walker,5/3/24,5.8,53.5,68.4,79,5.5,56.7
CEM41-Garbage Pit Rd,5/3/24,5.2,51.9,66.9,90,5.8,58.6
CAL204-Dog Valley,5/3/24,3.8,53.6,68.6,82,17.5,59
TRK7203-Northstar Golf Course,5/3/24,4.4,46.7,62.9,98,32,54.9
SRB51-Smithneck Rd,5/3/24,4.9,51.4,65.3,91,43.9,55.6
STL3101 Ledge Ct.,5/3/24,1.9,46.5,60.1,80,3.6,51.9
7400-Glenshire,5/3/24,2.6,46.8,63.1,95,5.8,55.6
WSH201-Floriston,5/3/24,2.3,50.3,66.6,88,12,64.5
Washoe204-Fariad,5/3/24,6.1,52,66.6,89,2.3,56.6
MEY3400-Camp Richardson,5/3/24,2.6,46.6,61.2,97,9,53.6
MUL1296-Markleeville,5/3/24,1.2,50.9,67.2,89,4.4,57.8
MEY3300-Tolteca,5/3/24,2.6,47.7,60.3,84,,32
TAH-5201 Lake Forest,5/3/24,1.1,45.3,60.8,93,18.5,51.2
Tahoe-7300 Sugar Pine Point,5/3/24,1.1,45.8,60.8,95,10,52.3
SMP8700-Firecamp,5/3/24,1,45.8,66,96,,32
TAH5201-Fairway,5/3/24,1.8,44.8,58.9,95,,32
TPZ1261 Cunningham,5/3/24,4.7,53.7,69.7,81,,32
POR32 4th Avenue,5/3/24,2.3,49.8,66.9,96,20.5,57.2
GLS7600-Walden,5/2/24,0,8.2,58.2,61,27.7,48.9
TAH7300-DL Bliss,5/2/24,2.2,45,54.4,79,7.3,53.8
BKY4201-Summit,5/2/24,1.9,-38.4,-38.4,1,22.3,47.9
TPZ1261–Park Ranch,5/2/24,6.4,55.7,70.5,73,6.4,59.6
TPZ1261-Walker,5/2/24,6.4,52.7,67,56,5.5,55.8
CEM41-Garbage Pit Rd,5/2/24,6.5,47.9,63.5,82,5.8,57.2
CAL204-Dog Valley,5/2/24,5.4,50.4,66,69,18,57.2
TRK7203-Northstar Golf Course,5/2/24,5.2,42.5,59,92,32.2,53.1
SRB51-Smithneck Rd,5/2/24,6.9,48,62.8,75,44,55
STL3101 Ledge Ct.,5/2/24,2,45.7,58.3,75,3.7,50.4
7400-Glenshire,5/2/24,3.9,43,59.8,89,5.9,53.9
WSH201-Floriston,5/2/24,3.5,47.5,64,76,12.7,62.1
Washoe204-Fariad,5/2/24,9.2,49.4,64.2,74,2.6,53.8
MEY3400-Camp Richardson,5/2/24,3,44.7,77.8,89,9.3,52.5
MUL1296-Markleeville,5/2/24,1.5,48.6,65.2,81,4.5,56.2
MEY3300-Tolteca,5/2/24,2.4,45.4,,79,,32
TAH-5201 Lake Forest,5/2/24,1.1,43.2,59.4,86,18.8,49.6
Tahoe-7300 Sugar Pine Point,5/2/24,1.2,44.1,59.6,84,10.3,50.6
SMP8700-Firecamp,5/2/24,1.3,42.4,71.5,88,,32
TAH5201-Fairway,5/2/24,2.5,42.8,57.3,88,,32
TPZ1261 Cunningham,5/2/24,5.1,52.4,69,74,,32
POR32 4th Avenue,5/2/24,2.5,45.6,63.3,86,20.7,55.8
GLS7600-Walden,5/1/24,0,38.7,,100,28.7,47.3
TAH7300-DL Bliss,5/1/24,1.6,41.8,51.1,66,7.6,52.1
BKY4201-Summit,5/1/24,2.6,-38.5,-38.4,1,23.2,47.2
TPZ1261–Park Ranch,5/1/24,6.8,50.4,63.2,61,6.6,59.5
TPZ1261-Walker,5/1/24,5.5,46.4,60.5,63,5.6,55.6
CEM41-Garbage Pit Rd,5/1/24,4.4,43.8,59.9,74,5.8,56.6
CAL204-Dog Valley,5/1/24,3.1,45.2,61.5,68,18.4,56.6
TRK7203-Northstar Golf Course,5/1/24,2.7,40,58,90,32.6,52.3
SRB51-Smithneck Rd,5/1/24,6.2,43,58.8,70,44.2,54.7
STL3101 Ledge Ct.,5/1/24,1,41.3,53.4,56,3.8,49.1
7400-Glenshire,5/1/24,2.4,40.2,57.9,86,6,53.2
WSH201-Floriston,5/1/24,1.8,43.2,60.6,79,13.5,61.7
Washoe204-Fariad,5/1/24,5.1,44.3,59.9,79,2.9,51.5
MEY3400-Camp Richardson,5/1/24,2.2,40.8,54.8,78,9.6,51.8
MUL1296-Markleeville,5/1/24,0.3,43.4,62.7,76,4.5,55.2
MEY3300-Tolteca,5/1/24,1.8,42.7,56.3,61,,32
TAH-5201 Lake Forest,5/1/24,0.6,39.8,53.2,71,19,48.3
Tahoe-7300 Sugar Pine Point,5/1/24,1.1,40.6,,100,10.8,48.9
SMP8700-Firecamp,5/1/24,0.8,39.8,57.8,85,,32
TAH5201-Fairway,5/1/24,1.8,39.7,53.1,74,,32
TPZ1261 Cunningham,5/1/24,4.8,46.8,61.9,69,,32
POR32 4th Avenue,5/1/24,1.8,43.2,62.1,81,21,55.2
GLS7600-Walden,4/30/24,0,34.8,55.4,54,29.8,46.2
TAH7300-DL Bliss,4/30/24,1.7,42.6,53,68,8,51.2
BKY4201-Summit,4/30/24,1.8,-38.5,33.8,48,24.4,47.3
TPZ1261–Park Ranch,4/30/24,6.5,53.6,69.5,57,6.8,59.7
TPZ1261-Walker,4/30/24,7.1,49.5,65.3,58,5.6,55.8
CEM41-Garbage Pit Rd,4/30/24,5.6,45.2,62.2,75,5.9,56.2
CAL204-Dog Valley,4/30/24,5.1,47.6,63.3,65,18.9,56
TRK7203-Northstar Golf Course,4/30/24,4.5,39.2,57.7,92,32.9,51.4
SRB51-Smithneck Rd,4/30/24,6,45.5,61.2,63,44.4,54.5
STL3101 Ledge Ct.,4/30/24,1.6,42.4,56.9,79,3.9,49.2
7400-Glenshire,4/30/24,3.4,40,58.1,88,6.1,53
WSH201-Floriston,4/30/24,2.9,44.3,61.2,74,14.3,60.4
Washoe204-Fariad,4/30/24,7.5,46.3,61.9,72,3.3,51.8
MEY3400-Camp Richardson,4/30/24,2.5,41.4,57.3,69,9.9,51.6
MUL1296-Markleeville,4/30/24,1.6,45.1,63.3,74,4.7,55
MEY3300-Tolteca,4/30/24,2.1,42.3,,77,,32
TAH-5201 Lake Forest,4/30/24,1,40.3,57.3,72,19.4,47.9
Tahoe-7300 Sugar Pine Point,4/30/24,1.2,41.4,,66,11.4,48
SMP8700-Firecamp,4/30/24,1.1,39.8,59.4,89,,32
TAH5201-Fairway,4/30/24,2,39.6,55.2,87,,32
TPZ1261 Cunningham,4/30/24,4.5,49.7,66.8,63,,32
POR32 4th Avenue,4/30/24,2.4,43.8,62.5,93,21.2,55.8
GLS7600-Walden,4/29/24,0,33.6,53.2,93,31.1,46.1
TAH7300-DL Bliss,4/29/24,2.1,42.6,51.7,84,8.6,51.5
BKY4201-Summit,4/29/24,1.7,-38.5,-21,13,26,47.5
TPZ1261–Park Ranch,4/29/24,4.9,55.5,69,64,7,59.9
TPZ1261-Walker,4/29/24,6.2,52.4,66.6,62,5.7,55.9
CEM41-Garbage Pit Rd,4/29/24,7.9,47.1,59.6,86,6,56.1
CAL204-Dog Valley,4/29/24,5.4,49.9,62.2,78,19.4,56.5
TRK7203-Northstar Golf Course,4/29/24,4.6,40.2,56.1,96,33.4,51.8
SRB51-Smithneck Rd,4/29/24,7.9,46.5,59,79,44.6,54.6
STL3101 Ledge Ct.,4/29/24,2.8,43.9,57.6,74,4.1,49.6
7400-Glenshire,4/29/24,3.6,40.7,56.7,96,6.3,53.4
WSH201-Floriston,4/29/24,3.6,44.8,59.6,88,15.4,60.8
Washoe204-Fariad,4/29/24,8.5,47.8,60.1,84,3.8,52.7
MEY3400-Camp Richardson,4/29/24,2.7,42,73.2,94,10.2,51.8
MUL1296-Markleeville,4/29/24,1.8,49.3,63.8,73,4.8,56.5
MEY3300-Tolteca,4/29/24,3.1,43.8,,76,,32
TAH-5201 Lake Forest,4/29/24,1.2,41,55.6,88,19.9,48
Tahoe-7300 Sugar Pine Point,4/29/24,1.1,42.1,,100,12.3,47.9
SMP8700-Firecamp,4/29/24,1.3,40.9,58.2,96,,32
TAH5201-Fairway,4/29/24,2.6,40.7,54.7,94,,32
TPZ1261 Cunningham,4/29/24,4.8,51.3,68.2,73,,32
POR32 4th Avenue,4/29/24,2.8,44,60.7,95,21.4,55.9
GLS7600-Walden,4/28/24,0,35.3,,100,32.8,46.8
TAH7300-DL Bliss,4/28/24,1.5,42.4,51.8,91,9.3,51.4
BKY4201-Summit,4/28/24,1.4,-38.5,-37.2,1,28.4,46.9
TPZ1261–Park Ranch,4/28/24,5.4,55.4,69.5,79,7.2,59
TPZ1261-Walker,4/28/24,5.6,51.2,65,82,5.8,55.4
CEM41-Garbage Pit Rd,4/28/24,5.5,46.8,60.9,92,6,55.1
CAL204-Dog Valley,4/28/24,4.2,49.3,63.6,89,19.6,55.1
TRK7203-Northstar Golf Course,4/28/24,3.7,40.8,56.9,98,33.8,51.2
SRB51-Smithneck Rd,4/28/24,6,46.1,60.5,84,44.7,54.1
STL3101 Ledge Ct.,4/28/24,1.5,42.6,54.9,95,4.3,48.4
7400-Glenshire,4/28/24,3.1,41.7,57,99,6.4,52.5
WSH201-Floriston,4/28/24,2.5,45.7,60.8,96,16.8,59.6
Washoe204-Fariad,4/28/24,7.1,47.9,61.3,100,4.3,52.8
MEY3400-Camp Richardson,4/28/24,2.3,42.4,56.4,99,10.7,51.3
MUL1296-Markleeville,4/28/24,1.7,48,62.8,90,5,55.8
MEY3300-Tolteca,4/28/24,1.8,43,,90,,32
TAH-5201 Lake Forest,4/28/24,1,41.2,55.8,94,20.5,47.3
Tahoe-7300 Sugar Pine Point,4/28/24,1,41.9,55.7,97,13.5,47.5
SMP8700-Firecamp,4/28/24,1,42.2,58.5,96,,32
TAH5201-Fairway,4/28/24,2,40.8,53.9,97,,32
TPZ1261 Cunningham,4/28/24,5.2,51.2,65.9,84,,32
POR32 4th Avenue,4/28/24,2.5,45,61.4,98,21.4,55.2
GLS7600-Walden,4/27/24,0,36.4,50.4,97,34.8,46.1
TAH7300-DL Bliss,4/27/24,1.4,38.8,49.1,88,10.5,48
BKY4201-Summit,4/27/24,1.9,-38.5,-38.4,1,31.4,45.1
TPZ1261–Park Ranch,4/27/24,5,51.2,64.1,87,7.3,55.7
TPZ1261-Walker,4/27/24,4.4,48,61.7,84,5.8,53.9
CEM41-Garbage Pit Rd,4/27/24,3.8,42.3,57.7,97,6.1,53
CAL204-Dog Valley,4/27/24,4,46.2,59.8,91,19.6,52.3
TRK7203-Northstar Golf Course,4/27/24,3.3,38.9,53.7,98,34.4,48.8
SRB51-Smithneck Rd,4/27/24,4.7,42.3,57.5,97,44.9,53.2
STL3101 Ledge Ct.,4/27/24,0.9,38.2,49.3,90,4.7,45.7
7400-Glenshire,4/27/24,2.6,40,54.6,99,6.4,50.1
WSH201-Floriston,4/27/24,2,43.3,58.4,94,18.9,54.4
Washoe204-Fariad,4/27/24,6.6,45,58.3,96,4.6,49.5
MEY3400-Camp Richardson,4/27/24,2.2,40.1,53.1,98,11.2,50.2
MUL1296-Markleeville,4/27/24,1.4,45,60.6,94,5.1,53.3
MEY3300-Tolteca,4/27/24,2,39.5,51.2,92,,32
TAH-5201 Lake Forest,4/27/24,1,38.8,52.2,95,21.4,45.3
Tahoe-7300 Sugar Pine Point,4/27/24,1,38.5,51.7,97,15.5,45.2
SMP8700-Firecamp,4/27/24,0.9,40.8,55,96,,32
TAH5201-Fairway,4/27/24,2.3,38.8,51.2,96,,32
TPZ1261 Cunningham,4/27/24,4.9,48.4,62.8,87,,32
POR32 4th Avenue,4/27/24,2.7,43.2,59,99,21.2,53.1
GLS7600-Walden,4/26/24,0,29.9,40.5,97,37.1,41.8
TAH7300-DL Bliss,4/26/24,1.3,33.3,39.7,97,9.2,47.1
BKY4201-Summit,4/26/24,3.1,-38.5,-38.5,1,34.1,45.5
TPZ1261–Park Ranch,4/26/24,6.9,47,54.3,81,7.5,57.2
TPZ1261-Walker,4/26/24,6,42.6,49.4,94,5.8,55.8
CEM41-Garbage Pit Rd,4/26/24,5.1,39,49.6,94,6.1,54.7
CAL204-Dog Valley,4/26/24,4.7,41.4,49.6,93,18.5,55
TRK7203-Northstar Golf Course,4/26/24,3.6,35.5,44.4,97,32.8,49.4
SRB51-Smithneck Rd,4/26/24,4.3,38.2,47.7,95,44.8,54.6
STL3101 Ledge Ct.,4/26/24,2.4,33.2,40.1,96,4.5,48.1
7400-Glenshire,4/26/24,2,35.4,44.4,99,6.2,51.7
WSH201-Floriston,4/26/24,1.4,38.2,48.1,96,17.9,53.1
Washoe204-Fariad,4/26/24,5.4,39.7,47,100,3.8,47.2
MEY3400-Camp Richardson,4/26/24,1.8,35.4,43.5,98,9.7,51.2
MUL1296-Markleeville,4/26/24,2,40.8,48.7,92,5.3,53.8
MEY3300-Tolteca,4/26/24,1.9,33.9,39.2,92,,32
TAH-5201 Lake Forest,4/26/24,0.5,34.6,42.7,97,23.4,46.6
Tahoe-7300 Sugar Pine Point,4/26/24,0.6,33.7,40.8,97,13.4,45.7
SMP8700-Firecamp,4/26/24,0.8,36.2,45.3,96,,32
TAH5201-Fairway,4/26/24,1.7,34.3,40.9,96,,32
TPZ1261 Cunningham,4/26/24,7.3,43.9,52.3,86,,32
POR32 4th Avenue,4/26/24,1.8,40,49.5,98,21.2,54.4
GLS7600-Walden,4/25/24,0,34.9,,100,25,48.1
TAH7300-DL Bliss,4/25/24,2.2,40,49.6,90,6.6,54
BKY4201-Summit,4/25/24,1.6,-38.5,-38.4,1,31.1,47.6
TPZ1261–Park Ranch,4/25/24,5.8,53.2,65.7,67,7.7,59.8
TPZ1261-Walker,4/25/24,7.2,49.6,61.2,58,5.9,57.2
CEM41-Garbage Pit Rd,4/25/24,5.6,46.1,55.5,81,6.1,56.5
CAL204-Dog Valley,4/25/24,5.5,47.2,59.4,82,18.2,58
TRK7203-Northstar Golf Course,4/25/24,4.6,39.8,53.9,96,32,52.5
SRB51-Smithneck Rd,4/25/24,5.5,45.3,55.6,81,44.5,55.5
STL3101 Ledge Ct.,4/25/24,3,39.5,52.7,87,3.4,51.1
7400-Glenshire,4/25/24,3.4,39.9,53.3,95,5.7,54.2
WSH201-Floriston,4/25/24,3.3,44.4,55.9,87,9.7,60.2
Washoe204-Fariad,4/25/24,9.4,45.7,57.2,82,2,54.7
MEY3400-Camp Richardson,4/25/24,3.1,40.5,52.9,96,9,52.3
MUL1296-Markleeville,4/25/24,3.8,44.5,57.9,87,5.5,55.9
MEY3300-Tolteca,4/25/24,2.9,39.2,58.5,88,,32
TAH-5201 Lake Forest,4/25/24,1.1,39.2,51.4,92,18.1,48.7
Tahoe-7300 Sugar Pine Point,4/25/24,1.1,39.6,,94,9.6,49.5
SMP8700-Firecamp,4/25/24,1.7,40.4,54.7,94,,32
TAH5201-Fairway,4/25/24,2.4,38.5,49.7,94,,32
TPZ1261 Cunningham,4/25/24,7.4,50.4,62.3,58,,32
POR32 4th Avenue,4/25/24,2.6,44.9,54.4,94,21.5,55.8
GLS7600-Walden,4/24/24,0,33.6,55.6,94,25.6,48.7
TAH7300-DL Bliss,4/24/24,1.5,42.8,52.4,92,6.8,55.1
BKY4201-Summit,4/24/24,1.6,-38.5,-38.4,1,33.2,48.8
TPZ1261–Park Ranch,4/24/24,6.4,57.5,70.1,80,8,62.1
TPZ1261-Walker,4/24/24,7,52.8,65.4,76,5.9,57.9
CEM41-Garbage Pit Rd,4/24/24,6.1,46.8,60.9,93,6.2,56.7
CAL204-Dog Valley,4/24/24,4.3,51,64.1,88,18.7,58.5
TRK7203-Northstar Golf Course,4/24/24,4.2,41.6,57.4,98,32.5,54.2
SRB51-Smithneck Rd,4/24/24,6.5,46.4,61.2,83,44.7,56
STL3101 Ledge Ct.,4/24/24,0.9,42.3,52.2,88,3.5,52.5
7400-Glenshire,4/24/24,3.4,42.8,58,99,5.8,54.6
WSH201-Floriston,4/24/24,2.9,47.4,63,100,10.2,63.6
Washoe204-Fariad,4/24/24,6.8,49.3,62.9,93,2.2,56.6
MEY3400-Camp Richardson,4/24/24,2.2,42.7,58.2,98,9.2,52.9
MUL1296-Markleeville,4/24/24,1.8,49.6,63.2,90,5.9,58.5
MEY3300-Tolteca,4/24/24,1.8,43,54.8,88,,32
TAH-5201 Lake Forest,4/24/24,0.8,42.9,56.1,89,18.3,49.8
Tahoe-7300 Sugar Pine Point,4/24/24,1.3,42.8,55.7,91,9.8,51
SMP8700-Firecamp,4/24/24,1.1,43.5,60.2,96,,32
TAH5201-Fairway,4/24/24,2.3,41.8,54.6,94,,32
TPZ1261 Cunningham,4/24/24,5.9,53.3,65.9,83,,32
POR32 4th Avenue,4/24/24,2.5,45.1,61,99,21.8,56.3
GLS7600-Walden,4/23/24,0,40,59.2,91,26.3,49.6
TAH7300-DL Bliss,4/23/24,1.4,47.8,55.7,82,7,56.2
BKY4201-Summit,4/23/24,1.2,-38.4,-38.4,1,33.8,49.2
TPZ1261–Park Ranch,4/23/24,5.1,62.1,73.3,73,8.3,63
TPZ1261-Walker,4/23/24,5,58.8,70.5,69,6,57.8
CEM41-Garbage Pit Rd,4/23/24,4.3,50.7,61.9,88,6.4,58.5
CAL204-Dog Valley,4/23/24,3.2,54.3,67,80,19.2,59.9
TRK7203-Northstar Golf Course,4/23/24,3.5,45.4,62.2,96,33,55.2
SRB51-Smithneck Rd,4/23/24,4.9,51.3,60.8,85,44.7,56.8
STL3101 Ledge Ct.,4/23/24,0.8,47.5,56.2,84,3.6,54.6
7400-Glenshire,4/23/24,2.9,46.2,61.3,95,6,55
WSH201-Floriston,4/23/24,3.3,51.4,64.6,84,10.6,64.5
Washoe204-Fariad,4/23/24,7,53.1,66.7,82,2.3,57.5
MEY3400-Camp Richardson,4/23/24,2.1,47.8,77.2,98,9.5,53.3
MUL1296-Markleeville,4/23/24,2,54.7,68,84,6.4,59.3
MEY3300-Tolteca,4/23/24,1.8,48,59.7,86,,32
TAH-5201 Lake Forest,4/23/24,0.6,46.6,58.8,90,18.5,50.1
Tahoe-7300 Sugar Pine Point,4/23/24,1,46.1,58.9,91,10,51.5
SMP8700-Firecamp,4/23/24,0.9,45.8,61.3,94,,32
TAH5201-Fairway,4/23/24,2.3,45.2,57.1,93,,32
TPZ1261 Cunningham,4/23/24,5.1,58.8,69.3,74,,32
POR32 4th Avenue,4/23/24,1.5,48,62.7,97,22.1,57.7
GLS7600-Walden,4/22/24,0,48.3,89.9,70,27.1,51.8
TAH7300-DL Bliss,4/22/24,1.2,52,61.9,75,7.3,56.3
BKY4201-Summit,4/22/24,1.1,-38.4,-36.2,2,36.5,49.1
TPZ1261–Park Ranch,4/22/24,6.1,63.3,77.8,76,8.6,62.9
TPZ1261-Walker,4/22/24,6.4,59.9,73.8,67,6,57.3
CEM41-Garbage Pit Rd,4/22/24,3.7,55.7,73.2,82,6.5,59.2
CAL204-Dog Valley,4/22/24,3.4,57.3,73.4,82,19.6,59
TRK7203-Northstar Golf Course,4/22/24,3.9,49,68.2,97,33.4,55.6
SRB51-Smithneck Rd,4/22/24,5.6,56.1,72.6,73,44.8,56.4
STL3101 Ledge Ct.,4/22/24,1.2,51.8,62.7,68,3.7,54.5
7400-Glenshire,4/22/24,2.5,49.6,69.7,96,6.1,54.6
WSH201-Floriston,4/22/24,2.5,54.1,72.4,99,11.2,65.5
Washoe204-Fariad,4/22/24,5.2,55.4,73.4,86,2.4,57.7
MEY3400-Camp Richardson,4/22/24,2.3,49.7,67.3,95,9.7,52.6
MUL1296-Markleeville,4/22/24,1.7,54.8,72.5,90,7,58.8
MEY3300-Tolteca,4/22/24,1.5,50.8,65,80,,32
TAH-5201 Lake Forest,4/22/24,0.5,49.1,65.9,91,18.8,49.3
Tahoe-7300 Sugar Pine Point,4/22/24,0.9,49.1,66.5,82,10.3,51.8
SMP8700-Firecamp,4/22/24,1,49.6,77,96,,32
TAH5201-Fairway,4/22/24,1.4,47,65.1,96,,32
TPZ1261 Cunningham,4/22/24,5.3,59.2,75,77,,32
POR32 4th Avenue,4/22/24,2,52.8,,96,22.5,59
GLS7600-Walden,4/21/24,0,46.7,66.6,85,27.9,49.8
TAH7300-DL Bliss,4/21/24,0.9,51,62.5,77,7.6,54.4
BKY4201-Summit,4/21/24,1,,,100,38.6,46.9
TPZ1261–Park Ranch,4/21/24,5.1,63.9,80.7,63,8.8,61.4
TPZ1261-Walker,4/21/24,6.4,60.4,75.6,61,6.1,56.3
CEM41-Garbage Pit Rd,4/21/24,4.4,54.6,73.3,89,6.8,58.4
CAL204-Dog Valley,4/21/24,3.4,56.8,74.8,78,19.9,58.1
TRK7203-Northstar Golf Course,4/21/24,3.1,47.6,69,97,33.7,54.3
SRB51-Smithneck Rd,4/21/24,5.5,54.9,72.8,76,44.9,55.7
STL3101 Ledge Ct.,4/21/24,0.7,50.6,64.1,70,3.8,53.3
7400-Glenshire,4/21/24,2.6,48.1,69.8,97,6.2,53.7
WSH201-Floriston,4/21/24,3.5,53.4,73.6,90,11.8,64.7
Washoe204-Fariad,4/21/24,8,55.5,73.4,86,2.7,57.1
MEY3400-Camp Richardson,4/21/24,2,47.5,68,94,10,51.6
MUL1296-Markleeville,4/21/24,1.3,54.1,75,89,7.7,57.3
MEY3300-Tolteca,4/21/24,1.1,50.9,66.9,67,,32
TAH-5201 Lake Forest,4/21/24,0.6,46.9,67.1,93,19,48.3
Tahoe-7300 Sugar Pine Point,4/21/24,1.1,47.1,66.9,77,10.5,50.7
SMP8700-Firecamp,4/21/24,1.1,48.5,71,96,,32
TAH5201-Fairway,4/21/24,1.1,45.4,66.6,97,,32
TPZ1261 Cunningham,4/21/24,4.4,58.9,76.5,75,,32
POR32 4th Avenue,4/21/24,1.8,51.8,,98,22.8,58.3
GLS7600-Walden,4/20/24,0,42.7,63.3,84,28.8,48.5
TAH7300-DL Bliss,4/20/24,1.1,48.6,59,77,8,52.8
BKY4201-Summit,4/20/24,0.8,,,100,39.6,42.6
TPZ1261–Park Ranch,4/20/24,3.9,60.2,74.9,78,9,59.9
TPZ1261-Walker,4/20/24,6.3,57.7,71.9,62,6.2,55.6
CEM41-Garbage Pit Rd,4/20/24,4.2,53.7,69,86,7,57.6
CAL204-Dog Valley,4/20/24,3.6,55.7,71.1,78,20.2,56.9
TRK7203-Northstar Golf Course,4/20/24,3.3,45.9,64.8,97,34,53.1
SRB51-Smithneck Rd,4/20/24,6.9,54.2,68.6,71,45.2,54.9
STL3101 Ledge Ct.,4/20/24,0.7,48.5,62.2,74,3.9,52.6
7400-Glenshire,4/20/24,3,46.5,64.9,96,6.3,52.9
WSH201-Floriston,4/20/24,3.1,51.7,68.4,84,12.4,64
Washoe204-Fariad,4/20/24,8.5,53.8,68.6,81,3,56
MEY3400-Camp Richardson,4/20/24,2.2,46.5,64.9,92,10.3,51
MUL1296-Markleeville,4/20/24,1.2,50.9,69.5,85,8.4,56.3
MEY3300-Tolteca,4/20/24,1.4,48,62.5,70,,32
TAH-5201 Lake Forest,4/20/24,0.6,45.4,64.1,94,19.3,47.2
Tahoe-7300 Sugar Pine Point,4/20/24,1.1,45.8,63.3,82,10.8,50
SMP8700-Firecamp,4/20/24,1.1,46.9,66.9,95,,32
TAH5201-Fairway,4/20/24,1.5,44.2,62,97,,32
TPZ1261 Cunningham,4/20/24,4.5,56.8,72.3,75,,32
POR32 4th Avenue,4/20/24,2.2,51.2,69.5,98,23.1,57.7
GLS7600-Walden,4/19/24,0,43.2,60.3,82,29.6,47.8
TAH7300-DL Bliss,4/19/24,1.1,47.7,57.5,83,8.4,52.4
BKY4201-Summit,4/19/24,0.9,,,100,40.8,38.4
TPZ1261–Park Ranch,4/19/24,4.2,59,73,78,9.2,59.1
TPZ1261-Walker,4/19/24,5.3,56,70.2,70,6.4,55.1
CEM41-Garbage Pit Rd,4/19/24,5,52.7,67.8,88,7.3,56.8
CAL204-Dog Valley,4/19/24,3.9,55.1,69.5,82,20.6,56
TRK7203-Northstar Golf Course,4/19/24,3.5,46.2,63.2,97,34.3,52.5
Hobart Sub,4/19/24,1.7,46.2,65.8,100,25.4,50
SRB51-Smithneck Rd,4/19/24,5.8,52.7,66.9,80,45.6,54.3
STL3101 Ledge Ct.,4/19/24,0.7,47.6,58.9,75,3.9,51.8
7400-Glenshire,4/19/24,3.1,46.7,63.5,96,6.4,52
WSH201-Floriston,4/19/24,2.5,51.9,67.9,84,13.1,63.7
Washoe204-Fariad,4/19/24,7,54.1,68.5,82,3.4,55.5
MEY3400-Camp Richardson,4/19/24,2.3,46.2,63,92,10.5,50.6
MUL1296-Markleeville,4/19/24,1.1,51.6,68.8,90,9.2,55.8
MEY3300-Tolteca,4/19/24,1.5,47.5,59.2,70,,32
TAH-5201 Lake Forest,4/19/24,0.6,45.1,62.3,89,19.6,45.8
Tahoe-7300 Sugar Pine Point,4/19/24,0.9,45.6,61.8,89,11,49.3
SMP8700-Firecamp,4/19/24,0.8,46.9,75.6,95,,32
TAH5201-Fairway,4/19/24,1.3,43.9,60.8,92,,32
TPZ1261 Cunningham,4/19/24,4.3,55.8,70.6,77,,32
POR32 4th Avenue,4/19/24,1.9,50.4,69.6,98,23.4,56.8
GLS7600-Walden,4/18/24,0,42.4,59.4,91,30.6,47
TAH7300-DL Bliss,4/18/24,1.4,45.6,55.2,81,8.8,50.6
BKY4201-Summit,4/18/24,1,,,100,41,35.4
TPZ1261–Park Ranch,4/18/24,5.6,54.5,70.4,65,9.4,57.3
TPZ1261-Walker,4/18/24,5.7,50.4,67.3,79,6.7,54
CEM41-Garbage Pit Rd,4/18/24,3.9,50,66.6,86,7.6,55.4
CAL204-Dog Valley,4/18/24,3.4,49.7,65.8,76,20.8,54.2
TRK7203-Northstar Golf Course,4/18/24,3.4,43.9,62,98,34.5,50.8
Hobart Sub,4/18/24,1.8,44.3,63.3,100,26.4,48.4
SRB51-Smithneck Rd,4/18/24,4.7,49.6,65.6,79,46,53.2
STL3101 Ledge Ct.,4/18/24,1.1,45.7,59.2,79,4,50.2
7400-Glenshire,4/18/24,3.1,44.6,61.9,96,6.4,50.2
WSH201-Floriston,4/18/24,2.1,47.9,65.2,91,13.6,60.7
Washoe204-Fariad,4/18/24,6.2,49.8,65.8,77,3.7,51.7
MEY3400-Camp Richardson,4/18/24,2.2,44.8,60.9,96,10.7,49.6
MUL1296-Markleeville,4/18/24,1.1,47.4,66.9,93,9.9,54.2
MEY3300-Tolteca,4/18/24,1.4,46.1,58.1,80,,32
TAH-5201 Lake Forest,4/18/24,0.7,43.9,60.3,93,20.1,44
Tahoe-7300 Sugar Pine Point,4/18/24,1,44.2,60.4,86,11.3,48
SMP8700-Firecamp,4/18/24,1,44.6,72.9,96,,32
TAH5201-Fairway,4/18/24,1.6,42.7,59,96,,32
TPZ1261 Cunningham,4/18/24,4.1,50.6,67.8,80,,32
POR32 4th Avenue,4/18/24,2.3,49,66.6,94,23.6,54.9
GLS7600-Walden,4/17/24,0,40.4,,100,31.8,45.2
TAH7300-DL Bliss,4/17/24,1.6,47.2,55.2,73,9.4,49
BKY4201-Summit,4/17/24,0.7,44.5,,100,40.9,33.9
TPZ1261–Park Ranch,4/17/24,4.2,56.7,72.5,77,9.6,56.9
TPZ1261-Walker,4/17/24,5.2,54.6,68.1,66,7.1,53.6
CEM41-Garbage Pit Rd,4/17/24,4.9,50.5,64.4,86,7.9,53.8
CAL204-Dog Valley,4/17/24,3.5,51.8,66.4,72,21.2,53.6
TRK7203-Northstar Golf Course,4/17/24,3.3,43.5,60.9,97,34.9,49.6
Hobart Sub,4/17/24,1.8,43.6,61.1,99,27.6,47.7
SRB51-Smithneck Rd,4/17/24,6.4,50.6,64.2,71,46.5,52.1
STL3101 Ledge Ct.,4/17/24,1.3,47.5,57.9,67,4.1,49.2
7400-Glenshire,4/17/24,3,43.8,60.5,96,6.5,49.3
WSH201-Floriston,4/17/24,2.8,48.5,63.8,86,14.1,59.3
Washoe204-Fariad,4/17/24,4.5,50.5,64.8,83,4,51.4
MEY3400-Camp Richardson,4/17/24,2.1,45.4,59.5,93,10.9,48.9
MUL1296-Markleeville,4/17/24,1.6,49.6,66,84,10.8,53.9
MEY3300-Tolteca,4/17/24,3,48.5,,80,,32
TAH-5201 Lake Forest,4/17/24,0.9,44.3,59.6,88,20.6,42.6
Tahoe-7300 Sugar Pine Point,4/17/24,1,46.3,59.8,90,11.6,47.2
SMP8700-Firecamp,4/17/24,1,44,76.7,95,,32
TAH5201-Fairway,4/17/24,2,43.3,58.1,93,,32
TPZ1261 Cunningham,4/17/24,5.4,54.2,69.9,72,,32
POR32 4th Avenue,4/17/24,2.1,47.5,65.6,98,23.8,53.7
GLS7600-Walden,4/16/24,0,43.3,65.1,93,33.1,44.2
TAH7300-DL Bliss,4/16/24,1.6,44.8,56.6,87,10.2,46.5
BKY4201-Summit,4/16/24,1.6,42.2,,100,41,33.2
TPZ1261–Park Ranch,4/16/24,5.4,56.4,72.9,77,9.8,55.8
TPZ1261-Walker,4/16/24,5.7,53,69.9,84,7.6,52.7
CEM41-Garbage Pit Rd,4/16/24,4.6,47.8,66.3,92,8.2,51.8
CAL204-Dog Valley,4/16/24,3.7,50.6,68.8,88,21.5,51.8
TRK7203-Northstar Golf Course,4/16/24,3.2,42.6,63.4,98,35.3,48.6
Hobart Sub,4/16/24,1.5,42.8,65.2,100,28.9,47
SRB51-Smithneck Rd,4/16/24,6.1,47.5,66.2,82,47.1,51
STL3101 Ledge Ct.,4/16/24,1.6,44.5,58.8,86,4.2,46.3
7400-Glenshire,4/16/24,2.7,43,64,98,6.6,47.9
WSH201-Floriston,4/16/24,2.4,47.2,67.8,92,14.6,57.7
Washoe204-Fariad,4/16/24,5.9,49.2,68,92,4.4,50
MEY3400-Camp Richardson,4/16/24,2.1,43.4,61.9,98,11.2,47.8
MUL1296-Markleeville,4/16/24,2.2,49.7,68.9,94,11.6,52.8
MEY3300-Tolteca,4/16/24,1.6,45.1,59.1,88,,32
TAH-5201 Lake Forest,4/16/24,0.5,42.2,59.3,94,21.3,40.6
Tahoe-7300 Sugar Pine Point,4/16/24,1,43,,97,12,45.1
SMP8700-Firecamp,4/16/24,0.8,42.8,64.6,94,,32
TAH5201-Fairway,4/16/24,1.5,41.6,58.7,96,,32
TPZ1261 Cunningham,4/16/24,5,53.6,70.8,79,,32
MUL1296-Sorensens,4/16/24,2.5,40.8,,90,,32
POR32 4th Avenue,4/16/24,1.8,46.1,66.4,97,23.9,51.2
GLS7600-Walden,4/15/24,0,36.4,52.1,100,34.8,42.1
TAH7300-DL Bliss,4/15/24,1.3,38.2,47.8,89,11,43.2
BKY4201-Summit,4/15/24,1.7,35.2,,100,39.1,32.8
TPZ1261–Park Ranch,4/15/24,5.7,51.4,62.9,72,10,53.4
TPZ1261-Walker,4/15/24,4,47.6,60.4,76,8.1,51.8
CEM41-Garbage Pit Rd,4/15/24,3.6,43.7,57.7,94,8.3,49.7
CAL204-Dog Valley,4/15/24,2.9,46.4,59.7,83,21.8,50.2
TRK7203-Northstar Golf Course,4/15/24,2.3,40.5,56.3,95,35.7,46.4
Hobart Sub,4/15/24,1,40.6,56.1,99,30.3,45.3
SRB51-Smithneck Rd,4/15/24,3.6,42.6,56.7,97,47.7,49.4
STL3101 Ledge Ct.,4/15/24,1.1,38.1,49.2,91,4.3,43.2
7400-Glenshire,4/15/24,2,40.5,54.7,95,6.6,46.2
WSH201-Floriston,4/15/24,1,44.1,59.6,91,14.8,55.5
Washoe204-Fariad,4/15/24,3.6,45.1,59.5,88,4.6,47.1
MEY3400-Camp Richardson,4/15/24,1.7,38.8,51.5,96,11.3,47.5
MUL1296-Markleeville,4/15/24,0.7,45.3,60.7,80,12.4,51.5
MEY3300-Tolteca,4/15/24,1.1,39.6,,100,,32
TAH-5201 Lake Forest,4/15/24,0.5,38,48.5,94,22.5,37.9
Tahoe-7300 Sugar Pine Point,4/15/24,0.8,38,50.4,95,12.3,42.9
SMP8700-Firecamp,4/15/24,0.7,40.3,55.4,94,,32
TAH5201-Fairway,4/15/24,1.6,37.4,47.4,92,,32
TPZ1261 Cunningham,4/15/24,5.1,48.3,60.5,71,,32
MUL1296-Sorensens,4/15/24,1.4,38.5,,86,,32
POR32 4th Avenue,4/15/24,1.3,42.9,59,97,23.9,49.1
GLS7600-Walden,4/14/24,0,28.1,38.2,95,33.8,39.2
TAH7300-DL Bliss,4/14/24,2.2,30.7,38,96,11.3,40.6
BKY4201-Summit,4/14/24,1.1,28.7,85.8,100,37.4,32.9
TPZ1261–Park Ranch,4/14/24,7.1,45.6,54,51,10.2,51.7
TPZ1261-Walker,4/14/24,8.2,41.7,52.3,54,8.6,51.2
CEM41-Garbage Pit Rd,4/14/24,4.2,35.7,43.9,95,8.4,49.7
CAL204-Dog Valley,4/14/24,4.1,39.3,47.2,86,22.2,49.4
TRK7203-Northstar Golf Course,4/14/24,3.6,33.2,41.2,96,35.8,44.3
Hobart Sub,4/14/24,2.6,33.8,42.7,98,31.5,43.9
SRB51-Smithneck Rd,4/14/24,3.1,35.6,43.2,97,47.6,49.9
STL3101 Ledge Ct.,4/14/24,3,30.7,41.4,90,4.3,42.3
7400-Glenshire,4/14/24,3.4,33.4,41.5,97,6.7,45.8
WSH201-Floriston,4/14/24,2,36.7,46,92,15,51.1
Washoe204-Fariad,4/14/24,9.6,37.7,46,92,4.1,45
MEY3400-Camp Richardson,4/14/24,2.9,34,41.6,94,11.5,47.2
MUL1296-Markleeville,4/14/24,3.9,39.7,49.6,65,13.1,48.4
MEY3300-Tolteca,4/14/24,2.9,31.5,38.9,88,,32
TAH-5201 Lake Forest,4/14/24,1,32,39.8,92,23.3,35.8
Tahoe-7300 Sugar Pine Point,4/14/24,0.9,31.3,40.2,93,12,41.5
SMP8700-Firecamp,4/14/24,1.8,34,43.1,93,,32
TAH5201-Fairway,4/14/24,2.8,31.5,38.2,91,,32
TPZ1261 Cunningham,4/14/24,8.8,43.1,51.3,56,,32
MUL1296-Sorensens,4/14/24,2.2,31.3,,85,,32
POR32 4th Avenue,4/14/24,2.2,35.6,43.5,96,24.1,48.2
GLS7600-Walden,4/13/24,0.8,27.9,47.6,93,34.6,38.4
TAH7300-DL Bliss,4/13/24,4.9,39.6,46.5,73,12.4,40.9
BKY4201-Summit,4/13/24,2.9,35.7,44.4,91,38.2,32.9
TPZ1261–Park Ranch,4/13/24,10.7,51.5,66.2,77,10.5,53.8
TPZ1261-Walker,4/13/24,9.9,48.6,60.9,64,9.1,52
CEM41-Garbage Pit Rd,4/13/24,4,43.5,55.8,90,8.7,52.3
CAL204-Dog Valley,4/13/24,4.4,45.4,57.7,78,22.8,51.2
TRK7203-Northstar Golf Course,4/13/24,4.3,37.8,51.5,95,36.3,45.8
Hobart Sub,4/13/24,1.9,37.8,51.9,97,33.4,45.1
SRB51-Smithneck Rd,4/13/24,5.3,43.1,56.6,92,48.1,51.2
STL3101 Ledge Ct.,4/13/24,2.7,39.6,54.1,78,4.4,45
7400-Glenshire,4/13/24,3.3,37.4,51.5,95,6.8,46.9
WSH201-Floriston,4/13/24,3.2,41.2,56.1,89,15.5,53
Washoe204-Fariad,4/13/24,6.9,43,57.4,89,4,47.2
MEY3400-Camp Richardson,4/13/24,4.3,41.1,50,71,11.6,47.3
MUL1296-Markleeville,4/13/24,4.9,41.7,55.3,89,13.8,49.3
MEY3300-Tolteca,4/13/24,4.9,38.7,46.8,79,,32
TAH-5201 Lake Forest,4/13/24,1.2,39.2,49.5,79,24.6,34.8
Tahoe-7300 Sugar Pine Point,4/13/24,1.7,38.5,,86,12.3,42.8
SMP8700-Firecamp,4/13/24,1.2,37.9,54.1,95,,32
TAH5201-Fairway,4/13/24,4.5,38.5,48.9,85,,32
TPZ1261 Cunningham,4/13/24,8.4,48,62.7,76,,32
MUL1296-Sorensens,4/13/24,1.9,36.5,,82,,32
POR32 4th Avenue,4/13/24,2.4,42.1,54.9,94,24.7,51.8
GLS7600-Walden,4/12/24,2.5,43.3,55.7,66,36.7,39.3
TAH7300-DL Bliss,4/12/24,4.7,47.4,54.2,72,14.1,39.5
BKY4201-Summit,4/12/24,2.8,43.3,,100,40.4,32.8
TPZ1261–Park Ranch,4/12/24,9.6,57,69.4,77,10.8,55.1
TPZ1261-Walker,4/12/24,10.6,54.9,65.1,58,9.8,52.4
CEM41-Garbage Pit Rd,4/12/24,11,54.8,64.5,67,9.1,53.5
CAL204-Dog Valley,4/12/24,4.8,52.8,66.8,76,23.5,52.5
TRK7203-Northstar Golf Course,4/12/24,7.5,45.2,60.7,96,37.2,47.6
Hobart Sub,4/12/24,3.4,44.9,61.2,99,35.7,45.8
SRB51-Smithneck Rd,4/12/24,9.8,53.4,63.3,64,48.6,51.5
STL3101 Ledge Ct.,4/12/24,3.8,47.9,58.8,70,4.6,46.8
7400-Glenshire,4/12/24,3.2,44.7,61,96,6.9,47.6
WSH201-Floriston,4/12/24,7.9,49.3,63.1,82,16.2,56.7
Washoe204-Fariad,4/12/24,8.7,51.1,63.8,81,4.2,50.7
MEY3400-Camp Richardson,4/12/24,4.2,46.6,58.1,98,11.9,47.1
MUL1296-Markleeville,4/12/24,2.8,48.7,63.9,89,14.5,51.2
MEY3300-Tolteca,4/12/24,5,48.8,,70,,32
TAH-5201 Lake Forest,4/12/24,1.4,45.1,57.9,88,25.3,33.6
Tahoe-7300 Sugar Pine Point,4/12/24,1.4,45.5,58.4,86,12.7,43.9
SMP8700-Firecamp,4/12/24,2.5,44.2,61.9,96,,32
TAH5201-Fairway,4/12/24,3.3,44.9,56.8,90,,32
TPZ1261 Cunningham,4/12/24,10.2,54.7,65.6,69,,32
MUL1296-Sorensens,4/12/24,1.9,40.3,,88,,32
POR32 4th Avenue,4/12/24,3.8,48.9,63.1,97,25.1,53
GLS7600-Walden,4/11/24,0,46.3,60.5,79,38.5,35.7
TAH7300-DL Bliss,4/11/24,1.4,49.2,58.3,80,15.4,36
BKY4201-Summit,4/11/24,1.1,,,100,40,32.7
TPZ1261–Park Ranch,4/11/24,4.2,60,74.4,81,11.1,54.9
TPZ1261-Walker,4/11/24,6.9,57.5,70.8,71,10.5,51.6
CEM41-Garbage Pit Rd,4/11/24,5.3,53.2,69.2,94,9.5,53.2
CAL204-Dog Valley,4/11/24,3.8,54.5,69.8,86,24.1,51.4
TRK7203-Northstar Golf Course,4/11/24,3.9,44.8,64.1,98,38,48
Hobart Sub,4/11/24,1.9,44.8,65.5,100,37.6,45.8
SRB51-Smithneck Rd,4/11/24,7.8,53.9,68.3,80,49.1,50.6
STL3101 Ledge Ct.,4/11/24,2,49.9,62.8,69,4.7,46.2
7400-Glenshire,4/11/24,2.9,45.2,64.2,98,7,46.6
WSH201-Floriston,4/11/24,4.5,50.5,68.7,99,17,57.8
Washoe204-Fariad,4/11/24,10,52.9,68.4,88,4.7,50.9
MEY3400-Camp Richardson,4/11/24,2.6,46.5,64.2,95,12.1,45.9
MUL1296-Markleeville,4/11/24,1.2,50.2,69.4,91,15.2,51.6
MEY3300-Tolteca,4/11/24,1.5,48.5,60.7,69,,32
TAH-5201 Lake Forest,4/11/24,0.7,45.2,62.8,93,25.4,33.3
Tahoe-7300 Sugar Pine Point,4/11/24,1,45.4,,100,13.2,44.5
SMP8700-Firecamp,4/11/24,1.4,44.9,66,96,,32
TAH5201-Fairway,4/11/24,1.5,43.6,61.3,96,,32
TPZ1261 Cunningham,4/11/24,4.7,56.6,71.6,77,,32
MUL1296-Sorensens,4/11/24,3.2,41.9,59.6,86,,32
POR32 4th Avenue,4/11/24,2.5,50,68.9,98,25.5,53.6
GLS7600-Walden,4/10/24,0,43.4,61.9,86,39.4,33
TAH7300-DL Bliss,4/10/24,0.7,47.4,57.2,80,15.6,32.9
BKY4201-Summit,4/10/24,1.1,,,100,36.4,32.8
TPZ1261–Park Ranch,4/10/24,3.2,57.4,73.3,73,11.3,52
TPZ1261-Walker,4/10/24,4.4,55,70.2,71,11,49.4
CEM41-Garbage Pit Rd,4/10/24,3.8,51.4,68.2,88,9.8,51.4
CAL204-Dog Valley,4/10/24,2.4,52.2,69.7,83,24.7,48.8
TRK7203-Northstar Golf Course,4/10/24,2.2,44,65.4,97,38.7,46.2
Hobart Sub,4/10/24,1.1,44.4,66.1,99,39.5,44.4
SRB51-Smithneck Rd,4/10/24,6,51.7,67.6,82,49.3,48.9
STL3101 Ledge Ct.,4/10/24,0.7,46.4,58.6,74,4.9,43.1
7400-Glenshire,4/10/24,2,44.3,65.7,96,7.1,44.5
WSH201-Floriston,4/10/24,2.3,49.5,68.5,87,17.4,55.2
Washoe204-Fariad,4/10/24,6.4,51.2,69.2,94,5.2,49
MEY3400-Camp Richardson,4/10/24,1.8,43.6,61,97,12.4,44.1
MUL1296-Markleeville,4/10/24,0.5,48.8,70.7,92,15.7,49.6
MEY3300-Tolteca,4/10/24,1,46.9,,81,,32
TAH-5201 Lake Forest,4/10/24,0.3,43,59.6,92,25,33.5
Tahoe-7300 Sugar Pine Point,4/10/24,0.8,43.6,59.6,91,13.7,42.7
SMP8700-Firecamp,4/10/24,0.5,44.1,65.8,96,,32
TAH5201-Fairway,4/10/24,0.9,41.5,57.1,97,,32
TPZ1261 Cunningham,4/10/24,3.6,53.5,70.7,79,,32
MUL1296-Sorensens,4/10/24,2.7,41.4,,86,,32
POR32 4th Avenue,4/10/24,1.5,49.3,,98,25.7,50.8
TAH7300-DL Bliss,4/9/24,1,43.1,53.5,69,15.4,32.5
BKY4201-Summit,4/9/24,1.5,25.4,,100,32.5,33
TPZ1261–Park Ranch,4/9/24,3.9,49.8,67.8,77,11.5,47.8
TPZ1261-Walker,4/9/24,2.9,47,64.3,73,11.2,49.4
CEM41-Garbage Pit Rd,4/9/24,3.3,46.3,64.3,81,10.1,48
CAL204-Dog Valley,4/9/24,2.5,46.4,66.1,79,25.3,45.2
TRK7203-Northstar Golf Course,4/9/24,2,40.7,62.6,94,39,42.6
Hobart Sub,4/9/24,1.1,40.8,67.4,97,41.5,42
SRB51-Smithneck Rd,4/9/24,5.8,46.2,63.6,78,49.4,46.5
STL3101 Ledge Ct.,4/9/24,0.8,41.8,54.7,65,5,39.1
7400-Glenshire,4/9/24,2.1,40.6,61.8,93,7.2,41.2
WSH201-Floriston,4/9/24,1,44.4,64.9,80,17.8,50.4
Washoe204-Fariad,4/9/24,4.4,45.5,64.4,80,5.5,43.3
MEY3400-Camp Richardson,4/9/24,1.6,40.1,58.8,88,12.7,42
MUL1296-Markleeville,4/9/24,0.2,43.3,65.7,85,16.2,46.5
MEY3300-Tolteca,4/9/24,1.4,42.9,57.7,72,,32
TAH-5201 Lake Forest,4/9/24,0.3,39.6,56.1,84,24.8,33.8
Tahoe-7300 Sugar Pine Point,4/9/24,0.9,39.8,,100,14.2,40.4
SMP8700-Firecamp,4/9/24,0.6,40.5,61.6,92,,32
TAH5201-Fairway,4/9/24,0.7,38.1,54,96,,32
TPZ1261 Cunningham,4/9/24,3.4,46.4,65.5,77,,32
MUL1296-Sorensens,4/9/24,1.9,37.2,,84,,32
POR32 4th Avenue,4/9/24,1.7,45.1,67.1,92,25.7,46.4
GLS7600-Walden,4/8/24,0,31.1,44.9,91,39,32.5
TAH7300-DL Bliss,4/8/24,1.7,33.8,40.6,75,14.6,32.5
BKY4201-Summit,4/8/24,1.5,-38.4,-38.3,1,27.3,33.1
TPZ1261–Park Ranch,4/8/24,3,41.2,52.7,86,11.8,45.3
TPZ1261-Walker,4/8/24,4.8,38.4,49.6,86,11.6,46.2
CEM41-Garbage Pit Rd,4/8/24,5.8,38.3,51.6,86,10.2,45.1
CAL204-Dog Valley,4/8/24,3.8,38.3,51.7,84,26,43
TRK7203-Northstar Golf Course,4/8/24,3.3,32.8,47.9,93,40.1,39.1
Hobart Sub,4/8/24,1.3,33.4,48.2,96,43.8,39.7
SRB51-Smithneck Rd,4/8/24,5.1,37.7,51.1,82,49.5,44.8
STL3101 Ledge Ct.,4/8/24,2.7,32.5,41.3,74,5.1,36.7
7400-Glenshire,4/8/24,2.6,33.3,47.8,93,7.4,38.8
WSH201-Floriston,4/8/24,2.7,36.3,67.8,88,18.3,44.5
Washoe204-Fariad,4/8/24,7,37.3,49.2,90,5.5,38.1
MEY3400-Camp Richardson,4/8/24,3.1,36.9,45,72,13,40.6
MUL1296-Markleeville,4/8/24,0.6,36.4,52.2,89,16.6,43.6
MEY3300-Tolteca,4/8/24,2.7,34.8,44.5,73,,32
TAH-5201 Lake Forest,4/8/24,1.1,34,44.8,78,24.2,33.9
Tahoe-7300 Sugar Pine Point,4/8/24,0.9,35.3,,100,14.8,38
SMP8700-Firecamp,4/8/24,1.2,33.6,47.8,92,,32
TAH5201-Fairway,4/8/24,1.5,32.9,43.6,94,,32
TPZ1261 Cunningham,4/8/24,5,38.6,49.6,82,,32
MUL1296-Sorensens,4/8/24,1.2,32,,85,,32
POR32 4th Avenue,4/8/24,2.2,36.9,53.1,95,25.9,43.2
GLS7600-Walden,4/7/24,0,25.6,37.4,91,38.5,32.7
TAH7300-DL Bliss,4/7/24,1.5,29.4,35.8,82,13.8,32.6
BKY4201-Summit,4/7/24,2.2,-13.5,60.1,100,25,33
TPZ1261–Park Ranch,4/7/24,3.3,38.7,48.9,72,12.1,44.8
TPZ1261-Walker,4/7/24,4,35,45,80,11.9,45.2
CEM41-Garbage Pit Rd,4/7/24,4.7,34.3,44.3,88,10.4,43.9
CAL204-Dog Valley,4/7/24,2.9,35.1,45.9,80,26.9,42.2
TRK7203-Northstar Golf Course,4/7/24,2.1,28.6,40.1,92,43.1,37.4
Hobart Sub,4/7/24,1,29,41.2,95,47,38.7
SRB51-Smithneck Rd,4/7/24,4.7,33.4,44.4,86,49.5,44.4
STL3101 Ledge Ct.,4/7/24,2,28,36.8,74,5.2,35.4
7400-Glenshire,4/7/24,2,29.1,40.2,92,7.6,38
WSH201-Floriston,4/7/24,1.9,32.5,43.9,82,19.4,42.9
Washoe204-Fariad,4/7/24,5.8,34.1,44.3,83,6.1,37.5
MEY3400-Camp Richardson,4/7/24,2,31,40.4,85,13.2,39.7
MUL1296-Markleeville,4/7/24,0.6,32.8,46.3,90,17.1,42.5
MEY3300-Tolteca,4/7/24,2.1,28.6,,76,,32
TAH-5201 Lake Forest,4/7/24,0.7,29.1,39.2,86,23.5,33.9
Tahoe-7300 Sugar Pine Point,4/7/24,1,30,,100,15.3,36.8
SMP8700-Firecamp,4/7/24,0.8,29.8,43.5,91,,32
TAH5201-Fairway,4/7/24,1.7,28.8,38.3,92,,32
TPZ1261 Cunningham,4/7/24,4.8,35.5,45.7,75,,32
MUL1296-Sorensens,4/7/24,1.5,24.6,,81,,32
POR32 4th Avenue,4/7/24,1.5,32.6,46,95,26.2,42.7
GLS7600-Walden,4/6/24,0,23.3,34.2,90,38.6,32.6
TAH7300-DL Bliss,4/6/24,1.2,26.3,33.5,76,12.3,32.6
BKY4201-Summit,4/6/24,2.1,22.1,44.6,95,25,33
TPZ1261–Park Ranch,4/6/24,4.5,37.8,49.5,73,12.5,43
TPZ1261-Walker,4/6/24,5.4,34.3,46.4,68,12,43.6
CEM41-Garbage Pit Rd,4/6/24,7.1,32.8,41.1,81,10.6,42.9
CAL204-Dog Valley,4/6/24,3.7,33.8,43.2,79,28,40.8
TRK7203-Northstar Golf Course,4/6/24,3.8,24.8,36.9,92,43.7,36.2
Hobart Sub,4/6/24,1.8,24.9,36.6,95,47.8,37.5
SRB51-Smithneck Rd,4/6/24,4.3,32.3,41,83,49.6,43.8
STL3101 Ledge Ct.,4/6/24,2.5,26,36.5,75,5.2,33.9
7400-Glenshire,4/6/24,3.4,24.8,35.9,92,7.5,37
WSH201-Floriston,4/6/24,1.5,29.9,61.8,88,21.6,41.2
Washoe204-Fariad,4/6/24,6.5,31.9,50.1,86,6.2,35.8
MEY3400-Camp Richardson,4/6/24,2.4,27.6,37.6,88,13.5,38.8
MUL1296-Markleeville,4/6/24,2.2,30.8,42.5,87,18,41.3
MEY3300-Tolteca,4/6/24,3.1,25.2,,80,,32
TAH-5201 Lake Forest,4/6/24,0.9,26.4,36.5,89,22.1,33.9
Tahoe-7300 Sugar Pine Point,4/6/24,1,26.8,36.6,86,16,35.8
SMP8700-Firecamp,4/6/24,1,27.2,38.3,91,,32
TAH5201-Fairway,4/6/24,3,26,33.6,90,,32
TPZ1261 Cunningham,4/6/24,5.2,35,46.8,69,,32
MUL1296-Sorensens,4/6/24,3.1,22,,95,,32
POR32 4th Avenue,4/6/24,2.2,31.2,39.9,94,26.4,41.6
GLS7600-Walden,4/5/24,0,17.8,25.5,91,36.3,32.8
TAH7300-DL Bliss,4/5/24,1.5,22.4,27.9,88,12.7,32.6
BKY4201-Summit,4/5/24,2.5,18.5,66.1,100,26.3,33
TPZ1261–Park Ranch,4/5/24,5.4,35,41,65,12.9,42.9
TPZ1261-Walker,4/5/24,6.6,30.4,38.8,67,12.2,44.1
SQV8200-Squaw Valley,4/5/24,3.2,22.8,28.9,92,38.2,32.1
CEM41-Garbage Pit Rd,4/5/24,4.3,28.8,35.9,94,10.9,43
CAL204-Dog Valley,4/5/24,4.2,30,35.8,89,29.5,41.5
TRK7203-Northstar Golf Course,4/5/24,3.4,22.8,29.6,94,43.8,36.1
Hobart Sub,4/5/24,0.9,22.9,31.1,95,51.2,37.6
SRB51-Smithneck Rd,4/5/24,3.3,27.7,34.4,93,49.5,44.6
STL3101 Ledge Ct.,4/5/24,2.4,21.8,28.1,86,5.5,34.5
7400-Glenshire,4/5/24,2.5,22.8,29.1,94,7.5,37.5
WSH201-Floriston,4/5/24,1.3,25.9,31.7,94,19.8,36.8
Washoe204-Fariad,4/5/24,5.5,28,34,96,6.7,33.6
MEY3400-Camp Richardson,4/5/24,2.7,25.2,33.2,82,13.7,39.1
MUL1296-Markleeville,4/5/24,2.3,28.7,37.5,83,19.6,40.6
MEY3300-Tolteca,4/5/24,3.2,22.1,27.6,82,,32
TAH-5201 Lake Forest,4/5/24,0.8,24.1,32.4,87,22.5,33.7
Tahoe-7300 Sugar Pine Point,4/5/24,1,23.9,32.3,91,17.4,35
SMP8700-Firecamp,4/5/24,0.8,24,30.9,88,,32
TAH5201-Fairway,4/5/24,3.4,23.7,30.4,99,,32
TPZ1261 Cunningham,4/5/24,6.3,32.3,39.3,65,,32
MUL1296-Sorensens,4/5/24,2,21.5,,83,,32
POR32 4th Avenue,4/5/24,2.2,29.8,38.4,90,26.8,41.6
GLS7600-Walden,4/4/24,0.4,17,33,95,38.6,32.7
TAH7300-DL Bliss,4/4/24,4,26,35.5,85,14.4,32.5
BKY4201-Summit,4/4/24,3.9,23.2,,100,29.8,33
TPZ1261–Park Ranch,4/4/24,10.8,40.5,52.1,84,14.3,48.3
TPZ1261-Walker,4/4/24,11.9,36.4,46.1,90,11.8,48.5
SQV8200-Squaw Valley,4/4/24,6.8,25.8,33.9,92,41.8,32.1
CEM41-Garbage Pit Rd,4/4/24,8.5,33.4,40.8,80,11.9,45.9
CAL204-Dog Valley,4/4/24,7,34.8,41.9,83,34.5,45.5
TRK7203-Northstar Golf Course,4/4/24,8.9,29.4,37.4,95,44.1,40.8
Hobart Sub,4/4/24,3.6,28.6,36,98,55.9,39.8
SRB51-Smithneck Rd,4/4/24,6.4,32.4,40.8,83,49.6,46.5
STL3101 Ledge Ct.,4/4/24,4.1,24.5,33.7,95,5.8,37.7
7400-Glenshire,4/4/24,4.7,29.4,36.2,95,8.1,40.7
WSH201-Floriston,4/4/24,5.8,32.9,40.7,88,21.4,43.4
Washoe204-Fariad,4/4/24,10.9,33.8,40.5,86,7.4,39.1
MEY3400-Camp Richardson,4/4/24,6.2,27.9,37.9,91,13.9,42.3
MUL1296-Markleeville,4/4/24,4.9,31.5,40.6,91,22.4,43.9
MEY3300-Tolteca,4/4/24,4.9,24.9,34.6,90,,32
TAH-5201 Lake Forest,4/4/24,1.9,27.1,33.6,96,24.2,33.5
Tahoe-7300 Sugar Pine Point,4/4/24,1.6,26.3,33.6,96,22.6,36.4
SMP8700-Firecamp,4/4/24,2.7,28.5,37.5,94,,32
TAH5201-Fairway,4/4/24,3.8,26.1,34,92,,32
TPZ1261 Cunningham,4/4/24,10.9,38,48.3,84,,32
MUL1296-Sorensens,4/4/24,2.3,26.4,,100,,32
POR32 4th Avenue,4/4/24,2.9,31.2,39.4,91,27.4,45.3
GLS7600-Walden,4/3/24,1.3,32.2,51.6,96,42,32.2
TAH7300-DL Bliss,4/3/24,2.9,42,50.9,94,16.5,32.5
BKY4201-Summit,4/3/24,2.9,38.8,,97,33.7,33.1
TPZ1261–Park Ranch,4/3/24,7.3,54.2,69.8,88,11.5,51.1
TPZ1261-Walker,4/3/24,8.6,52.3,66.8,85,11.5,49.2
SQV8200-Squaw Valley,4/3/24,5,39,51.7,98,41.6,32.1
CEM41-Garbage Pit Rd,4/3/24,11,48.3,60.5,91,11.8,48.8
CAL204-Dog Valley,4/3/24,6.4,49.4,61.2,88,28.3,47.6
TRK7203-Northstar Golf Course,4/3/24,7.1,40,55.1,98,44.4,42.6
Hobart Sub,4/3/24,3,39.8,55.9,100,55.8,41.8
SRB51-Smithneck Rd,4/3/24,8.9,48.1,59.1,89,50,46.8
STL3101 Ledge Ct.,4/3/24,3.1,42,55,94,6.3,39.9
7400-Glenshire,4/3/24,2.9,40,55.6,99,7.8,41.3
WSH201-Floriston,4/3/24,6.7,44.3,59.5,93,19.2,48.4
Washoe204-Fariad,4/3/24,11,46.8,60.6,91,6.9,45.7
MEY3400-Camp Richardson,4/3/24,5.9,41.5,55.8,100,14.4,43
MEY3500-STPD Office,4/3/24,2.4,41.4,57,97,17.5,47.2
MUL1296-Markleeville,4/3/24,4.4,46.7,62.3,95,16.8,49
MEY3300-Tolteca,4/3/24,3.4,42.4,52.5,89,,32
TAH-5201 Lake Forest,4/3/24,1.6,40.1,54,98,25.8,33.7
Tahoe-7300 Sugar Pine Point,4/3/24,1.1,40.2,,98,23.6,39.1
SMP8700-Firecamp,4/3/24,2.1,40.5,57.2,96,,32
TAH5201-Fairway,4/3/24,3.4,39.8,53.6,98,,32
TPZ1261 Cunningham,4/3/24,7,50.9,66.6,87,,32
MUL1296-Sorensens,4/3/24,3.3,39.2,,90,,32
POR32 4th Avenue,4/3/24,3.4,44.3,59.3,98,28.2,49
GLS7600-Walden,4/2/24,0,42.5,59.9,82,40,32.3
TAH7300-DL Bliss,4/2/24,1.1,46.4,54,83,14.8,32.6
BKY4201-Summit,4/2/24,1.5,,,100,29.6,33.2
TPZ1261–Park Ranch,4/2/24,2.7,51.8,69.3,86,11.7,48
TPZ1261-Walker,4/2/24,3.6,50.1,64.9,80,11.5,46.5
SQV8200-Squaw Valley,4/2/24,1.7,40,58.8,96,41.5,32.1
CEM41-Garbage Pit Rd,4/2/24,3.2,48.2,66.5,92,11.5,45.9
CAL204-Dog Valley,4/2/24,1.8,48.6,67.4,92,29.2,44.5
TRK7203-Northstar Golf Course,4/2/24,1.5,40.5,63.9,97,44.5,39.1
Hobart Sub,4/2/24,0.8,41.4,64.1,99,55.7,39.8
SRB51-Smithneck Rd,4/2/24,4.9,48,65.1,90,50,43.9
STL3101 Ledge Ct.,4/2/24,0.7,43.3,54.4,85,7.3,36
7400-Glenshire,4/2/24,1.9,41.4,63.4,96,8.3,37.6
WSH201-Floriston,4/2/24,1.7,44.8,65.8,89,20.2,46.5
Washoe204-Fariad,4/2/24,4.4,47.3,65.5,91,7,43.1
MEY3400-Camp Richardson,4/2/24,1.5,41.2,57.6,98,15.3,41.1
MEY3500-STPD Office,4/2/24,0.8,40.8,60.3,100,18.8,45.2
MUL1296-Markleeville,4/2/24,0.4,46.7,66.1,94,17.5,46.9
MEY3300-Tolteca,4/2/24,1.8,44.2,57.9,85,,32
TAH-5201 Lake Forest,4/2/24,0.3,41.9,57.8,94,24.8,34
Tahoe-7300 Sugar Pine Point,4/2/24,0.7,43,56.8,98,23.8,37.2
SMP8700-Firecamp,4/2/24,0.5,41.1,63.5,95,,32
TAH5201-Fairway,4/2/24,0.8,40.5,55.4,100,,32
TPZ1261 Cunningham,4/2/24,3.1,48.1,66,86,,32
MUL1296-Sorensens,4/2/24,1.7,38.4,,90,,32
POR32 4th Avenue,4/2/24,1.7,46.8,68.8,98,28.7,45.5
GLS7600-Walden,4/1/24,0,38,46,92,39.8,32.4
TAH7300-DL Bliss,4/1/24,1.9,35.7,44.1,84,12.6,32.7
BKY4201-Summit,4/1/24,1.5,,,100,24.5,33.2
TPZ1261–Park Ranch,4/1/24,3.5,42.8,55.5,92,12,44.2
TPZ1261-Walker,4/1/24,3.2,38.6,51.4,92,10.7,44
SQV8200-Squaw Valley,4/1/24,2.5,32.2,47.2,96,41.3,32.1
CEM41-Garbage Pit Rd,4/1/24,1.7,37,53.6,86,12.1,44.4
CAL204-Dog Valley,4/1/24,2.8,38.8,52.7,84,33.8,41.9
TRK7203-Northstar Golf Course,4/1/24,2.7,32.8,47.5,95,44.2,35.2
Hobart Sub,4/1/24,1.2,34.3,49.7,98,55.6,36.7
SRB51-Smithneck Rd,4/1/24,4.7,37.8,53.3,88,49.9,42.7
STL3101 Ledge Ct.,4/1/24,1.9,34.4,43,83,7.1,33.4
7400-Glenshire,4/1/24,2.1,33.7,48.1,95,8.6,36
WSH201-Floriston,4/1/24,2,35.7,50.4,94,21.8,38.9
Washoe204-Fariad,4/1/24,5.5,37.7,51.1,94,8.5,35.5
MEY3400-Camp Richardson,4/1/24,2.4,35.6,45.9,87,16.8,39.2
MEY3500-STPD Office,4/1/24,1.4,35.3,47.2,92,22.3,41.6
MUL1296-Markleeville,4/1/24,0.2,36,51.6,96,19.2,43.7
MEY3300-Tolteca,4/1/24,2.6,35.4,47,81,,32
TAH-5201 Lake Forest,4/1/24,0.5,33.6,43.9,90,24,34.1
Tahoe-7300 Sugar Pine Point,4/1/24,0.9,35.5,45,86,24.4,33.9
SMP8700-Firecamp,4/1/24,1,34.6,49,94,,32
TAH5201-Fairway,4/1/24,1.6,33.7,43.3,92,,32
TPZ1261 Cunningham,4/1/24,3.7,39.3,52.6,90,,32
MUL1296-Sorensens,4/1/24,1,30.8,,90,,32
POR32 4th Avenue,4/1/24,1.8,38.8,56.9,96,29.5,41.6
GLS7600-Walden,3/31/24,0,27.2,36.4,94,38.4,32.7
TAH7300-DL Bliss,3/31/24,1.9,29.9,36,96,11.9,32.7
BKY4201-Summit,3/31/24,2.1,,,100,24.1,33.2
TPZ1261–Park Ranch,3/31/24,6,38.8,47.4,93,11.6,41.2
TPZ1261-Walker,3/31/24,3.1,34.9,45.2,97,10.3,43.6
SQV8200-Squaw Valley,3/31/24,3.4,30.7,38.1,96,41.2,32.1
CEM41-Garbage Pit Rd,3/31/24,2.9,34.6,41.3,98,14.9,41.1
CAL204-Dog Valley,3/31/24,2.7,36,45.8,96,36.3,41
TRK7203-Northstar Golf Course,3/31/24,2.5,31.3,42.1,97,44,34.8
Hobart Sub,3/31/24,0.9,32.6,42.8,100,55.5,36.2
SRB51-Smithneck Rd,3/31/24,3.3,34,40.5,98,49.8,43.6
STL3101 Ledge Ct.,3/31/24,3.9,28.7,35.5,92,5.8,33.5
7400-Glenshire,3/31/24,2.1,31.6,40.5,98,8.2,36.7
WSH201-Floriston,3/31/24,1.4,33.6,42.9,96,22.7,35.1
Washoe204-Fariad,3/31/24,5.1,35,43.6,96,9.6,33.8
MEY3400-Camp Richardson,3/31/24,1.8,32,40,95,19.2,37.3
MEY3500-STPD Office,3/31/24,1.6,32.2,39.4,93,27.6,39.2
MUL1296-Markleeville,3/31/24,1.7,35.5,46.5,95,19.7,40.7
MEY3300-Tolteca,3/31/24,3.7,30.9,38.5,89,,32
TAH-5201 Lake Forest,3/31/24,0.3,30.7,37.8,95,23.6,34.1
Tahoe-7300 Sugar Pine Point,3/31/24,0.9,31.9,,94,24,32.8
SMP8700-Firecamp,3/31/24,0.8,32.1,40.8,95,,32
TAH5201-Fairway,3/31/24,2.1,31.1,38.7,100,,32
TPZ1261 Cunningham,3/31/24,4.9,36.2,45.4,94,,32
MUL1296-Sorensens,3/31/24,1.4,28.9,,91,,32
POR32 4th Avenue,3/31/24,1.4,35.2,46.4,99,31.9,40.1
GLS7600-Walden,3/30/24,0,25.7,32.6,96,36.4,33
TAH7300-DL Bliss,3/30/24,0.9,28.4,35,96,11.5,32.7
BKY4201-Summit,3/30/24,1.5,,,100,24.4,33.2
TPZ1261–Park Ranch,3/30/24,4.9,36.6,41.9,96,9.7,43.1
TPZ1261-Walker,3/30/24,2.1,32.8,39,98,10.2,45
SQV8200-Squaw Valley,3/30/24,1.8,28.2,35.9,96,40.8,32.1
CEM41-Garbage Pit Rd,3/30/24,1.3,32.4,40.5,98,12.4,43.1
CAL204-Dog Valley,3/30/24,0.7,33.7,39,97,26.8,41.7
TRK7203-Northstar Golf Course,3/30/24,1,29.8,37.2,98,43.9,35.8
Hobart Sub,3/30/24,0.6,30,38.3,100,55.3,37
SRB51-Smithneck Rd,3/30/24,1.6,31.9,38.8,98,49.8,44.3
STL3101 Ledge Ct.,3/30/24,1.5,27,33.7,96,5.8,33.6
7400-Glenshire,3/30/24,0.9,30,35.4,98,7.8,38.2
WSH201-Floriston,3/30/24,0.9,32,36.2,96,22.6,38.1
Washoe204-Fariad,3/30/24,2.3,32.7,39,99,8.6,35.5
MEY3400-Camp Richardson,3/30/24,1.1,29.6,37,98,21.3,37.3
MEY3500-STPD Office,3/30/24,0.7,29.5,37,97,22.5,39.9
MUL1296-Markleeville,3/30/24,0.3,31.9,39.5,97,22.4,40
MEY3300-Tolteca,3/30/24,2,28.7,,91,,32
TAH-5201 Lake Forest,3/30/24,0.1,29.1,37.2,96,23.6,34.1
Tahoe-7300 Sugar Pine Point,3/30/24,0.2,29.1,36.5,96,21.4,32.8
SMP8700-Firecamp,3/30/24,0.2,30.2,37.7,95,,32
TAH5201-Fairway,3/30/24,0.8,28.8,37.7,99,,32
TPZ1261 Cunningham,3/30/24,4.1,33.6,40.5,94,,32
MUL1296-Sorensens,3/30/24,1,26.8,,89,,32
POR32 4th Avenue,3/30/24,0.4,33,42,98,32.1,39.3
TAH7300-DL Bliss,3/29/24,1.4,27.5,29.9,96,11.7,32.7
BKY4201-Summit,3/29/24,2.2,,,100,24.9,33.2
TPZ1261–Park Ranch,3/29/24,6.1,40.1,48.3,88,9.2,45.4
TPZ1261-Walker,3/29/24,6.3,36.5,44.7,94,10.2,46.6
SQV8200-Squaw Valley,3/29/24,1,27.6,32.5,97,41.3,32.1
CEM41-Garbage Pit Rd,3/29/24,3.9,33.5,39.2,96,9.9,43.3
CAL204-Dog Valley,3/29/24,2.2,34.9,41,96,24.6,42.6
TRK7203-Northstar Golf Course,3/29/24,2.3,29.3,34.1,97,43.9,37.2
Hobart Sub,3/29/24,0.5,29.2,34.7,100,55.1,37.4
SRB51-Smithneck Rd,3/29/24,3.2,33.2,39.8,98,49.8,44.6
STL3101 Ledge Ct.,3/29/24,0.9,27.3,31,96,6,33.9
7400-Glenshire,3/29/24,1.2,29.7,36.2,98,7.1,39.6
WSH201-Floriston,3/29/24,1.5,33.1,41.6,95,18.5,40.2
Washoe204-Fariad,3/29/24,3.8,34,40.8,98,6.1,38.5
MEY3400-Camp Richardson,3/29/24,1,29.8,34.1,98,17.7,37.9
MEY3500-STPD Office,3/29/24,0.5,28.9,36.5,97,20,40.2
MUL1296-Markleeville,3/29/24,0.6,33.6,41.5,97,18,42.1
MEY3300-Tolteca,3/29/24,2.1,28.9,35,92,,32
TAH-5201 Lake Forest,3/29/24,0.2,28.2,31.8,96,23.3,34
Tahoe-7300 Sugar Pine Point,3/29/24,0.3,28.9,32.2,96,19.9,33
SMP8700-Firecamp,3/29/24,0.4,29.6,35.7,94,,32
TAH5201-Fairway,3/29/24,1.3,29.1,31.8,100,,32
TPZ1261 Cunningham,3/29/24,6.1,37.3,45.5,87,,32
MUL1296-Sorensens,3/29/24,1,27,,92,,32
POR32 4th Avenue,3/29/24,0.9,32.1,37.4,98,27.2,40.4
GLS7600-Walden,3/28/24,0,25.8,34.3,100,37.7,32.9
TAH7300-DL Bliss,3/28/24,4.2,28.8,34.2,96,12.4,32.7
BKY4201-Summit,3/28/24,2.4,,,100,25.3,33.2
TPZ1261–Park Ranch,3/28/24,8.4,44.4,50.4,86,9.3,48.4
TPZ1261-Walker,3/28/24,9.7,40.5,47.2,90,10.4,48.6
SQV8200-Squaw Valley,3/28/24,5.5,29.5,35,96,41.8,32.1
CEM41-Garbage Pit Rd,3/28/24,9.4,35.4,41.2,96,11.4,45.1
CAL204-Dog Valley,3/28/24,8,37.2,42.3,91,25.4,43.8
TRK7203-Northstar Golf Course,3/28/24,9,32.1,36.6,94,44.2,39.9
Hobart Sub,3/28/24,3.6,30.6,36.1,100,55,38.4
SRB51-Smithneck Rd,3/28/24,3.7,34.3,41.1,97,49.8,45.2
STL3101 Ledge Ct.,3/28/24,4.8,28.4,35.5,97,7,34.8
7400-Glenshire,3/28/24,3.8,32.1,38,97,7.2,41
WSH201-Floriston,3/28/24,5.6,35.1,39.8,91,20.3,41.9
Washoe204-Fariad,3/28/24,9.7,36,41,91,6.9,37.8
MEY3400-Camp Richardson,3/28/24,4,32.2,37,97,22.5,38.8
MEY3500-STPD Office,3/28/24,2.2,31.6,37.5,96,22.4,41.9
MUL1296-Markleeville,3/28/24,4.3,37.5,44,94,21.2,44.3
MEY3300-Tolteca,3/28/24,4.5,29,34.5,93,,32
TAH-5201 Lake Forest,3/28/24,1.5,29,34.2,97,23.6,34
Tahoe-7300 Sugar Pine Point,3/28/24,0.9,29.6,35.8,96,25.3,34.1
SMP8700-Firecamp,3/28/24,2.4,31.2,38.2,95,,32
TAH5201-Fairway,3/28/24,1.7,29.4,34.5,96,,32
TPZ1261 Cunningham,3/28/24,9.6,41.3,47.5,84,,32
MUL1296-Sorensens,3/28/24,3.4,30.5,,91,,32
POR32 4th Avenue,3/28/24,2.5,34.1,39.2,97,26.9,42.3
GLS7600-Walden,3/27/24,3.4,30.5,42.5,100,37.5,32.9
TAH7300-DL Bliss,3/27/24,3.3,34.7,43.2,96,13.1,32.6
BKY4201-Summit,3/27/24,4.7,,,100,26.1,33.1
TPZ1261–Park Ranch,3/27/24,7.5,46.4,60.3,70,9.4,49.1
TPZ1261-Walker,3/27/24,9.9,45.3,58.1,72,10.6,48
SQV8200-Squaw Valley,3/27/24,7,33.8,41.4,96,41.7,32.1
CEM41-Garbage Pit Rd,3/27/24,13.9,41.2,50.9,87,8.7,47.1
CAL204-Dog Valley,3/27/24,7.4,42.9,53.6,89,22.1,45
TRK7203-Northstar Golf Course,3/27/24,7.5,35.6,46.2,94,43.9,40.1
Hobart Sub,3/27/24,2.7,34.8,44.6,100,54.8,39.3
SRB51-Smithneck Rd,3/27/24,11.7,40.1,49.8,90,50,46.4
STL3101 Ledge Ct.,3/27/24,5.5,34.8,44.9,97,6.2,36
7400-Glenshire,3/27/24,3.2,35.1,46.8,95,6.6,41.2
WSH201-Floriston,3/27/24,6,39.2,49.3,88,16.7,43.7
Washoe204-Fariad,3/27/24,11.2,41.8,50.9,86,5.2,40.2
MEY3400-Camp Richardson,3/27/24,7.2,35.2,46,97,15.2,40.2
MEY3500-STPD Office,3/27/24,2.2,35.5,47.3,97,17.5,43.7
MUL1296-Markleeville,3/27/24,4.4,41.1,52.9,92,16,44.6
MEY3300-Tolteca,3/27/24,5,34.4,43,92,,32
TAH-5201 Lake Forest,3/27/24,1.6,34,44.2,97,24.1,33.9
Tahoe-7300 Sugar Pine Point,3/27/24,1.4,34,45.2,96,23.4,33.5
SMP8700-Firecamp,3/27/24,2.2,33.7,46,95,,32
TAH5201-Fairway,3/27/24,4.5,33.9,43.8,96,,32
TPZ1261 Cunningham,3/27/24,8.2,43.9,58.6,67,,32
MUL1296-Sorensens,3/27/24,2.4,31.7,,100,,32
POR32 4th Avenue,3/27/24,3.4,36.7,47.4,97,26.8,43.1
GLS7600-Walden,3/26/24,0.7,31.4,41.1,86,38,32.6
TAH7300-DL Bliss,3/26/24,1.4,33.3,39.3,90,12.5,32.6
BKY4201-Summit,3/26/24,1.7,,,100,26.3,33.1
TPZ1261–Park Ranch,3/26/24,6.3,47.1,55.2,63,9.5,48.9
TPZ1261-Walker,3/26/24,6.2,42.8,52.1,57,10.8,47.7
SQV8200-Squaw Valley,3/26/24,3.2,33.6,41.6,93,41.6,32.1
CEM41-Garbage Pit Rd,3/26/24,5.2,39.6,50.2,93,9,47.5
CAL204-Dog Valley,3/26/24,4.4,42.3,50.9,79,22.6,44.3
TRK7203-Northstar Golf Course,3/26/24,3.9,34.9,44.4,92,44.1,40.5
Hobart Sub,3/26/24,1.6,34.8,45.7,97,54.6,39.4
SRB51-Smithneck Rd,3/26/24,4.6,38.7,48.6,95,50.3,46.3
STL3101 Ledge Ct.,3/26/24,2.4,33.6,41.5,83,7.7,34.8
7400-Glenshire,3/26/24,2.9,35.3,44.6,91,6.8,41.2
WSH201-Floriston,3/26/24,2.5,39.5,49.1,80,17.5,47
Washoe204-Fariad,3/26/24,7.3,41.3,63.7,77,5.3,41.3
MEY3400-Camp Richardson,3/26/24,2.5,35.9,44.9,94,15.4,40.4
MEY3500-STPD Office,3/26/24,1.2,35.6,45.1,92,18.8,44.3
MUL1296-Markleeville,3/26/24,1.5,40.8,50.4,78,16,45.7
MEY3300-Tolteca,3/26/24,2.9,34.4,41,89,,32
TAH-5201 Lake Forest,3/26/24,0.7,33.5,43.4,90,24,33.9
Tahoe-7300 Sugar Pine Point,3/26/24,0.9,34.3,43,92,23.6,33.5
SMP8700-Firecamp,3/26/24,0.9,34.9,47.1,93,,32
TAH5201-Fairway,3/26/24,2.3,33.6,41.9,92,,32
TPZ1261 Cunningham,3/26/24,5.8,44.3,52.3,62,,32
MUL1296-Sorensens,3/26/24,2.5,32.2,,86,,32
POR32 4th Avenue,3/26/24,2.1,38.6,49.4,98,27.5,44.1
GLS7600-Walden,3/25/24,0,29.7,38.2,94,38,32.7
TAH7300-DL Bliss,3/25/24,2.3,30.9,36.5,89,11.8,32.6
BKY4201-Summit,3/25/24,2.5,,,100,25.1,33.1
TPZ1261–Park Ranch,3/25/24,5.2,42.5,52.8,79,9.4,45.1
TPZ1261-Walker,3/25/24,4.6,39,49.7,73,11,46.4
SQV8200-Squaw Valley,3/25/24,3.7,28.4,38.5,94,41.9,32.1
CEM41-Garbage Pit Rd,3/25/24,5.3,37.1,47.1,90,9.3,45.5
CAL204-Dog Valley,3/25/24,4.5,38.3,48.7,88,22.9,42.7
TRK7203-Northstar Golf Course,3/25/24,4,30.8,41.3,96,44.1,39.3
Hobart Sub,3/25/24,1.7,31.4,43.1,99,54.4,38.1
SRB51-Smithneck Rd,3/25/24,6.1,36.6,46.4,84,50.4,45.8
STL3101 Ledge Ct.,3/25/24,1.3,30.2,38.7,86,7.5,33.5
7400-Glenshire,3/25/24,3.4,31.7,41.8,97,7,39.4
WSH201-Floriston,3/25/24,2.8,35.4,45.7,90,18.3,43
Washoe204-Fariad,3/25/24,7.5,37,47.3,89,5.1,38.2
MEY3400-Camp Richardson,3/25/24,2.3,32,41.9,94,16.7,38.5
MEY3500-STPD Office,3/25/24,1,30,42.5,92,21.4,42.3
621Line-I-80 Gravel Pit,3/25/24,3.7,33,43.3,95,5.9,41.9
MUL1296-Markleeville,3/25/24,1.7,35.7,48.1,93,17.1,42.9
MEY3300-Tolteca,3/25/24,2.4,29.9,37.7,86,,32
TAH-5201 Lake Forest,3/25/24,0.5,29.9,39.8,93,23.7,33.9
Tahoe-7300 Sugar Pine Point,3/25/24,0.8,30,38.7,93,22.9,32.8
SMP8700-Firecamp,3/25/24,1.1,32.6,42.9,94,,32
TAH5201-Fairway,3/25/24,2,29.8,39.2,95,,32
TPZ1261 Cunningham,3/25/24,5.7,39.8,50.7,73,,32
MUL1296-Sorensens,3/25/24,3.7,25.2,,84,,32
POR32 4th Avenue,3/25/24,2.3,36.2,47.6,98,28.2,42.6
GLS7600-Walden,3/24/24,0,24.6,34.4,94,36.6,32.9
TAH7300-DL Bliss,3/24/24,1.8,28,34.4,94,11.8,32.6
BKY4201-Summit,3/24/24,2.3,,,100,25.5,33.1
TPZ1261–Park Ranch,3/24/24,4.4,39.5,47.1,76,9.4,45.7
TPZ1261-Walker,3/24/24,5.1,35,42.7,86,11.2,47.7
SQV8200-Squaw Valley,3/24/24,3.5,28.2,36.2,94,41.9,32.1
CEM41-Garbage Pit Rd,3/24/24,4.6,34.9,43.1,95,9.7,45.4
CAL204-Dog Valley,3/24/24,3.2,35.4,43.8,94,23.4,43.8
TRK7203-Northstar Golf Course,3/24/24,3,30,38,95,44.2,39.3
Hobart Sub,3/24/24,0.9,30.3,40.8,98,54.2,37.6
SRB51-Smithneck Rd,3/24/24,4.2,34,41.8,97,50.5,46.6
STL3101 Ledge Ct.,3/24/24,3.2,27.3,33.9,91,6.6,33.9
7400-Glenshire,3/24/24,2,30.4,38.4,95,7.3,39.1
WSH201-Floriston,3/24/24,1.5,33.5,41.2,91,19.3,43.7
Washoe204-Fariad,3/24/24,5,34.5,42.8,93,5.4,38
MEY3400-Camp Richardson,3/24/24,1.9,29.8,38,95,19.3,37.6
MEY3500-STPD Office,3/24/24,1.1,29.8,38.2,95,26.3,41.8
621Line-I-80 Gravel Pit,3/24/24,1.8,31.6,40.6,94,6.1,41.4
MUL1296-Markleeville,3/24/24,1.5,33.3,43,93,18.6,43.2
MEY3300-Tolteca,3/24/24,2.4,28.3,37.6,89,,32
TAH-5201 Lake Forest,3/24/24,0.2,28.8,35.1,94,23.7,33.8
Tahoe-7300 Sugar Pine Point,3/24/24,0.4,28.6,36.3,94,24.2,32.8
SMP8700-Firecamp,3/24/24,0.5,30.5,39.1,94,,32
TAH5201-Fairway,3/24/24,1.6,28.8,36.7,100,,32
TPZ1261 Cunningham,3/24/24,6.3,36.4,42.8,82,,32
MUL1296-Sorensens,3/24/24,1.9,26.7,,88,,32
POR32 4th Avenue,3/24/24,1,33.7,44.4,98,27.8,43.3
GLS7600-Walden,3/23/24,1.9,26,33.8,98,38.1,32.7
TAH7300-DL Bliss,3/23/24,2.3,27.2,32.6,97,13,32.5
BKY4201-Summit,3/23/24,3,,,100,28.4,33
TPZ1261–Park Ranch,3/23/24,7,41.8,48.3,92,9.6,50.2
TPZ1261-Walker,3/23/24,7.7,38.1,45.2,94,11.4,50.2
SQV8200-Squaw Valley,3/23/24,3.6,27.9,32.4,97,41.8,32.1
CEM41-Garbage Pit Rd,3/23/24,7.2,35.4,42.1,95,10.8,47
CAL204-Dog Valley,3/23/24,8.5,37,42.1,92,24,46.5
TRK7203-Northstar Golf Course,3/23/24,4.9,30.6,36.9,96,44.3,40.6
Hobart Sub,3/23/24,2.3,29.9,34.9,100,53.9,38.1
SRB51-Smithneck Rd,3/23/24,6.2,34.6,42.2,96,50.5,47.6
STL3101 Ledge Ct.,3/23/24,3.3,26.5,32.7,96,7,35.9
7400-Glenshire,3/23/24,2.1,31,36.2,97,7.5,40.7
WSH201-Floriston,3/23/24,4.3,33.9,39.7,93,21.7,45
Washoe204-Fariad,3/23/24,11.1,34.8,40.2,98,5.3,38.8
MEY3400-Camp Richardson,3/23/24,2.9,29.2,35.6,98,27.1,37.4
MEY3500-STPD Office,3/23/24,1.3,29,34.7,98,26.6,44.4
621Line-I-80 Gravel Pit,3/23/24,3,31.1,36.4,96,6.1,43.4
MUL1296-Markleeville,3/23/24,1.6,34.2,41.7,95,20.6,45.6
MEY3300-Tolteca,3/23/24,2.2,27.6,33.6,92,,32
TAH-5201 Lake Forest,3/23/24,0.4,28.4,32.9,97,24,33.5
Tahoe-7300 Sugar Pine Point,3/23/24,0.5,28.4,34.2,97,26.6,32.8
SMP8700-Firecamp,3/23/24,1.7,30.2,36.5,95,,32
TAH5201-Fairway,3/23/24,1,28.4,34,97,,32
TPZ1261 Cunningham,3/23/24,10.7,39.6,45.2,91,,32
MUL1296-Sorensens,3/23/24,1.1,27.1,,92,,32
POR32 4th Avenue,3/23/24,2.3,33.8,41.2,98,26.3,45.2
GLS7600-Walden,3/22/24,0,31.3,48.3,96,39.7,32.4
TAH7300-DL Bliss,3/22/24,2.7,38.3,46.1,97,14.7,32.4
BKY4201-Summit,3/22/24,3.1,,,100,32.8,33.1
TPZ1261–Park Ranch,3/22/24,9.1,51.3,63.8,81,9.9,52.8
TPZ1261-Walker,3/22/24,23,44.5,60.4,82,11.5,51.8
SQV8200-Squaw Valley,3/22/24,5.2,36.3,49.4,97,41.6,32.1
CEM41-Garbage Pit Rd,3/22/24,9.7,44,57.4,88,8.5,50.2
CAL204-Dog Valley,3/22/24,5.6,46.1,58.7,94,21.4,49.4
TRK7203-Northstar Golf Course,3/22/24,6.6,37.4,52,96,44.3,40.6
Hobart Sub,3/22/24,2.3,36.6,51.7,100,53.5,39.6
SRB51-Smithneck Rd,3/22/24,8.3,44,55.9,92,49.8,48.8
STL3101 Ledge Ct.,3/22/24,3.2,39.8,50.9,97,8,37.5
7400-Glenshire,3/22/24,2.9,37.6,51.8,96,6.3,42.4
WSH201-Floriston,3/22/24,6.5,42,55.8,94,15.6,52.4
Washoe204-Fariad,3/22/24,9.4,44.4,57,92,3.3,45.9
MEY3400-Camp Richardson,3/22/24,3.9,39,50.5,98,15.8,42.6
MEY3500-STPD Office,3/22/24,1.7,38.6,52.3,97,16.1,49.6
621Line-I-80 Gravel Pit,3/22/24,5,38.5,53.6,95,5.3,48
MUL1296-Markleeville,3/22/24,2.7,45.5,56.4,93,12.8,50.4
MEY3300-Tolteca,3/22/24,3.5,39.1,47.6,92,,32
TAH-5201 Lake Forest,3/22/24,1.1,37.4,50.1,97,25,33.5
Tahoe-7300 Sugar Pine Point,3/22/24,1.1,37.7,50.9,97,28.8,32.8
SMP8700-Firecamp,3/22/24,1.7,37.6,53.8,95,,32
TAH5201-Fairway,3/22/24,3,37.4,48.8,97,,32
TPZ1261 Cunningham,3/22/24,9.2,48.8,61.2,77,,32
MUL1296-Sorensens,3/22/24,2.5,35.9,,91,,32
POR32 4th Avenue,3/22/24,2.6,39.8,55.5,96,25.8,48.6
GLS7600-Walden,3/21/24,1.7,39.1,50.6,70,38.4,32.4
TAH7300-DL Bliss,3/21/24,2.4,42.1,48.3,87,14,32.4
BKY4201-Summit,3/21/24,2.6,,,100,32.8,33.2
TPZ1261–Park Ranch,3/21/24,7,55.3,64.5,63,10,53.4
TPZ1261-Walker,3/21/24,5.9,50.9,61.8,55,12,50.7
SQV8200-Squaw Valley,3/21/24,4.8,41.8,50.8,90,41.5,32.1
CEM41-Garbage Pit Rd,3/21/24,7,48,58.9,69,8.7,50.3
CAL204-Dog Valley,3/21/24,5,50.7,60,61,21.7,49.2
TRK7203-Northstar Golf Course,3/21/24,5.9,41.9,52.9,89,44.5,40
Hobart Sub,3/21/24,2.3,41.4,53.4,94,53.2,39.1
SRB51-Smithneck Rd,3/21/24,5.1,46.9,57.9,67,49.9,48.6
STL3101 Ledge Ct.,3/21/24,3.6,42.3,52,76,8.5,34.7
7400-Glenshire,3/21/24,2.8,41.9,54,88,6.3,41.7
WSH201-Floriston,3/21/24,3.4,47,58.8,76,14.9,54.7
Washoe204-Fariad,3/21/24,9.5,50,58.8,69,3.1,48
MEY3400-Camp Richardson,3/21/24,3.4,43.6,52.8,92,12.4,42.7
MEY3500-STPD Office,3/21/24,1.9,42.7,53.7,87,16.4,49.1
621Line-I-80 Gravel Pit,3/21/24,3.3,42.2,55.8,89,5.3,48.2
MUL1296-Markleeville,3/21/24,3.8,49.2,59.3,73,13.1,49.8
MEY3300-Tolteca,3/21/24,4.1,42.4,50.3,81,,32
TAH-5201 Lake Forest,3/21/24,0.9,41.2,52,79,24.6,33.5
Tahoe-7300 Sugar Pine Point,3/21/24,1,41.6,52.7,86,28,32.6
SMP8700-Firecamp,3/21/24,1.4,40.1,55.5,91,,32
TAH5201-Fairway,3/21/24,2.8,41.6,51.1,83,,32
TPZ1261 Cunningham,3/21/24,5.5,51.1,62.2,62,,32
MUL1296-Sorensens,3/21/24,2.3,38.9,,79,,32
POR32 4th Avenue,3/21/24,2.1,43.3,58.4,97,26.3,49.6
GLS7600-Walden,3/20/24,3.4,38.3,50.8,86,38.5,32.5
TAH7300-DL Bliss,3/20/24,2.1,41.8,49.2,87,13.7,32.5
BKY4201-Summit,3/20/24,1.8,,,100,33,33.3
TPZ1261–Park Ranch,3/20/24,4.5,53.6,65.6,82,10.1,52.1
TPZ1261-Walker,3/20/24,7.3,50.9,61.8,70,12.3,49.9
SQV8200-Squaw Valley,3/20/24,4.8,39,51.2,95,41.4,32.1
CEM41-Garbage Pit Rd,3/20/24,6,45.2,59.3,96,9,50.4
CAL204-Dog Valley,3/20/24,3.9,48.4,60.4,90,22.1,48
TRK7203-Northstar Golf Course,3/20/24,5,39,53.7,98,44.5,37.4
Hobart Sub,3/20/24,2.3,39.2,54.5,100,52.8,38.2
SRB51-Smithneck Rd,3/20/24,6.9,46.5,59.1,85,50.2,48.6
STL3101 Ledge Ct.,3/20/24,3.3,42.6,51.9,75,9.2,33.3
7400-Glenshire,3/20/24,2.8,39.4,54.8,98,6.4,40.7
WSH201-Floriston,3/20/24,4.2,44.6,58.7,90,15.1,53
Washoe204-Fariad,3/20/24,11,46.5,59.1,86,3.4,45.4
MEY3400-Camp Richardson,3/20/24,2.3,40,53.9,98,12.6,41.6
MEY3500-STPD Office,3/20/24,1.5,40,54.8,96,16.9,48
621Line-I-80 Gravel Pit,3/20/24,3.6,39.8,56.2,97,5.4,47.7
MUL1296-Markleeville,3/20/24,2.7,45.2,60.2,93,13.5,48.4
MEY3300-Tolteca,3/20/24,2.9,42.5,66.7,77,,32
TAH-5201 Lake Forest,3/20/24,0.8,39.3,52.8,98,24.7,33.5
Tahoe-7300 Sugar Pine Point,3/20/24,0.9,39.8,,92,28.5,32.6
SMP8700-Firecamp,3/20/24,1.7,39.4,55.5,96,,32
TAH5201-Fairway,3/20/24,1.9,38.4,51.3,98,,32
TPZ1261 Cunningham,3/20/24,6.8,51.2,62.7,80,,32
MUL1296-Sorensens,3/20/24,3.6,37.1,,89,,32
POR32 4th Avenue,3/20/24,2.3,42.9,59.4,98,26.7,49.1
GLS7600-Walden,3/19/24,0,39.6,56.8,92,38.9,32.4
TAH7300-DL Bliss,3/19/24,1.2,43.8,52.8,89,13.2,32.5
BKY4201-Summit,3/19/24,1.2,,,100,32.7,33.4
TPZ1261–Park Ranch,3/19/24,3.7,54.3,69.2,78,10.2,50.6
TPZ1261-Walker,3/19/24,4.5,51.7,65.8,66,12.5,48.6
SQV8200-Squaw Valley,3/19/24,1.8,38.7,57.2,95,41.4,32.1
CEM41-Garbage Pit Rd,3/19/24,3.8,47.4,64.7,88,9.1,49.7
CAL204-Dog Valley,3/19/24,2.8,49.5,66.4,77,22.6,46.6
TRK7203-Northstar Golf Course,3/19/24,1.7,38.7,59.7,96,44.5,36.6
Hobart Sub,3/19/24,1,39.5,60.4,99,52.2,37.1
SRB51-Smithneck Rd,3/19/24,5.5,48.1,64.5,79,50.5,47.7
STL3101 Ledge Ct.,3/19/24,0.7,43.2,53.4,80,8.6,32.9
7400-Glenshire,3/19/24,1.9,39.6,60.5,96,6.5,39.1
WSH201-Floriston,3/19/24,3.5,44.8,64.3,84,15.3,52.4
Washoe204-Fariad,3/19/24,7.3,47.5,64.9,83,3.6,44.9
MEY3400-Camp Richardson,3/19/24,1.6,39.7,55.7,95,12.8,40.7
MEY3500-STPD Office,3/19/24,0.7,39.5,58.3,95,17.5,46.6
621Line-I-80 Gravel Pit,3/19/24,1.8,40.8,61.9,95,5.4,46
MUL1296-Markleeville,3/19/24,0.8,45.2,65.8,91,13.8,47.8
MEY3300-Tolteca,3/19/24,1.4,43,55.6,85,,32
TAH-5201 Lake Forest,3/19/24,0.2,39.8,55.9,92,24.6,33.5
Tahoe-7300 Sugar Pine Point,3/19/24,0.8,40.6,,91,29,32.6
SMP8700-Firecamp,3/19/24,0.7,39.9,62.1,94,,32
TAH5201-Fairway,3/19/24,1.1,38.7,55.4,96,,32
TPZ1261 Cunningham,3/19/24,4,50.5,66.2,75,,32
MUL1296-Sorensens,3/19/24,3.1,36.8,,89,,32
POR32 4th Avenue,3/19/24,1.7,44,65.5,97,27,48
TAH7300-DL Bliss,3/18/24,1.5,45,51.6,61,12.6,32.5
BKY4201-Summit,3/18/24,1.4,,,100,31.3,33.5
TPZ1261–Park Ranch,3/18/24,3.3,49.8,65.5,80,10.3,48.5
TPZ1261-Walker,3/18/24,4,47.8,61.5,74,12.8,47.2
SQV8200-Squaw Valley,3/18/24,1.4,37.2,55.9,94,41.3,32.1
CEM41-Garbage Pit Rd,3/18/24,5.6,47.2,63.8,80,9.3,48.5
CAL204-Dog Valley,3/18/24,2.2,45.5,63.1,84,23.1,45
TRK7203-Northstar Golf Course,3/18/24,1.4,37.6,57.8,96,44.5,35.7
Hobart Sub,3/18/24,0.7,38.4,59,99,50.2,35.7
SRB51-Smithneck Rd,3/18/24,5.8,47.8,63.3,71,50.6,46.5
STL3101 Ledge Ct.,3/18/24,0.7,42.2,52.3,64,8.5,32.9
7400-Glenshire,3/18/24,1.4,38.3,58,95,6.8,36.5
WSH201-Floriston,3/18/24,2.4,42.5,60.7,86,15.4,50.5
Washoe204-Fariad,3/18/24,4.2,44.1,60.7,86,3.7,41.7
MEY3400-Camp Richardson,3/18/24,1.9,40.2,53.5,87,13,39.7
MEY3500-STPD Office,3/18/24,0.8,38.2,54.4,92,17.8,44.8
621Line-I-80 Gravel Pit,3/18/24,1.6,39.5,59.4,94,5.4,43.9
MUL1296-Markleeville,3/18/24,0.5,41.8,62.5,91,14.1,46.3
MEY3300-Tolteca,3/18/24,1.4,42.4,53.2,66,,32
TAH-5201 Lake Forest,3/18/24,0.4,41.7,55.9,81,24.6,33.5
Tahoe-7300 Sugar Pine Point,3/18/24,0.9,42.4,,100,29.2,32.6
SMP8700-Firecamp,3/18/24,0.7,38.9,59.5,94,,32
TAH5201-Fairway,3/18/24,0.8,39.6,54,86,,32
TPZ1261 Cunningham,3/18/24,4,46,61.8,81,,32
MUL1296-Sorensens,3/18/24,1.4,36.3,,100,,32
POR32 4th Avenue,3/18/24,2,44.1,64.2,94,27.2,46.2
GLS7600-Walden,3/17/24,0,40.8,51.9,74,38.7,32.4
TAH7300-DL Bliss,3/17/24,1.5,42.2,48.2,70,11.9,32.6
BKY4201-Summit,3/17/24,1.5,,,100,27.2,33.6
TPZ1261–Park Ranch,3/17/24,4,47.3,60.6,86,10.4,46.9
TPZ1261-Walker,3/17/24,4.6,45.6,57.4,74,13,46
SQV8200-Squaw Valley,3/17/24,1.6,35.2,52.5,94,41.2,32.1
CEM41-Garbage Pit Rd,3/17/24,4.3,43.5,59.3,86,9.4,47.4
CAL204-Dog Valley,3/17/24,2.8,43.5,59.8,83,23.7,43.5
TRK7203-Northstar Golf Course,3/17/24,1.7,35.2,53.4,95,44.5,35
Hobart Sub,3/17/24,1,36.1,54.4,98,34,34.6
SRB51-Smithneck Rd,3/17/24,5.6,43.4,58.5,77,50.5,45.4
STL3101 Ledge Ct.,3/17/24,1.4,39.8,47.9,64,8.5,32.9
7400-Glenshire,3/17/24,2,36.2,54.3,95,7.6,34.1
WSH201-Floriston,3/17/24,3.3,40.2,57.2,85,15.5,48.4
Washoe204-Fariad,3/17/24,6.6,41.9,57,85,3.8,39.8
MEY3400-Camp Richardson,3/17/24,1.8,37.8,52,94,13.3,38.4
MEY3500-STPD Office,3/17/24,1.3,37.6,52.5,94,18.5,42.9
621Line-I-80 Gravel Pit,3/17/24,1.8,37,55.6,95,5.4,42.3
MUL1296-Markleeville,3/17/24,0.6,39.9,59.4,92,14.4,45.3
MEY3300-Tolteca,3/17/24,1.6,39.8,50.9,74,,32
TAH-5201 Lake Forest,3/17/24,0.3,38.3,53,85,24.4,33.5
Tahoe-7300 Sugar Pine Point,3/17/24,0.7,38.9,,84,29.3,32.7
SMP8700-Firecamp,3/17/24,0.8,36.4,54.9,93,,32
TAH5201-Fairway,3/17/24,0.8,36.6,50.3,92,,32
TPZ1261 Cunningham,3/17/24,4.4,43.6,58,86,,32
MUL1296-Sorensens,3/17/24,1.3,33.3,129.8,87,,32
POR32 4th Avenue,3/17/24,1.7,40,59.4,95,27.4,44.1
GLS7600-Walden,3/16/24,0,35.7,,95,38.8,32.3
TAH7300-DL Bliss,3/16/24,1.1,39,45.7,79,11,32.7
BKY4201-Summit,3/16/24,1.7,,,100,23.9,33.6
TPZ1261–Park Ranch,3/16/24,3.9,44.9,59.1,81,10.5,45.2
TPZ1261-Walker,3/16/24,4.5,43.2,55.3,75,13.3,44.5
SQV8200-Squaw Valley,3/16/24,1.4,34.2,51.3,91,41.1,32.1
CEM41-Garbage Pit Rd,3/16/24,3.5,41.8,56.9,81,9.4,46.1
CAL204-Dog Valley,3/16/24,2.4,41.3,56.8,81,24.4,41.9
TRK7203-Northstar Golf Course,3/16/24,1.7,34.3,51.2,93,44.5,34.3
Hobart Sub,3/16/24,0.9,35.4,52.5,96,24,34
SRB51-Smithneck Rd,3/16/24,5.6,41.4,56.1,78,50.5,44.3
STL3101 Ledge Ct.,3/16/24,1,37.1,46.3,72,8.3,33
7400-Glenshire,3/16/24,1.6,35.1,51.5,92,7.6,33.6
WSH201-Floriston,3/16/24,2.1,38.8,54.2,82,15.7,46.8
Washoe204-Fariad,3/16/24,4.7,39.9,54.2,87,3.6,38.2
MEY3400-Camp Richardson,3/16/24,1.7,36.1,49.3,86,13.7,37.1
MEY3500-STPD Office,3/16/24,0.8,35.4,49.6,90,19.4,40.8
621Line-I-80 Gravel Pit,3/16/24,1.8,36.1,53,92,5.5,40.4
MUL1296-Markleeville,3/16/24,0.6,37.6,56,89,14.7,43.7
MEY3300-Tolteca,3/16/24,1.3,37.2,47.7,70,,32
TAH-5201 Lake Forest,3/16/24,0.3,36.2,49.7,83,24.2,33.6
Tahoe-7300 Sugar Pine Point,3/16/24,0.8,36.9,48.2,81,28.6,32.8
SMP8700-Firecamp,3/16/24,0.7,35.8,53.3,92,,32
TAH5201-Fairway,3/16/24,0.8,34.9,48,93,,32
TPZ1261 Cunningham,3/16/24,3.7,41.5,56,81,,32
MUL1296-Sorensens,3/16/24,1.4,31.5,,83,,32
POR32 4th Avenue,3/16/24,1.7,38.7,58.1,94,27.7,42.3
GLS7600-Walden,3/15/24,0,34.8,43.4,69,38.1,32.4
TAH7300-DL Bliss,3/15/24,3.7,33.3,39.9,67,9.8,32.8
BKY4201-Summit,3/15/24,3,,,100,23.7,33.6
TPZ1261–Park Ranch,3/15/24,4.3,41.8,51.4,68,10.6,42.6
TPZ1261-Walker,3/15/24,5.3,38.2,47.2,62,13.5,43.5
SQV8200-Squaw Valley,3/15/24,5.6,33.3,44.2,83,41,32.1
CEM41-Garbage Pit Rd,3/15/24,10.6,41.7,51.2,64,9.5,44.6
CAL204-Dog Valley,3/15/24,5,39.8,51.4,69,25.1,40.5
TRK7203-Northstar Golf Course,3/15/24,7.7,35.3,45.8,81,44.4,33.8
Hobart Sub,3/15/24,2.6,35.9,46,76,22.4,34
SRB51-Smithneck Rd,3/15/24,5.6,39.9,51.1,64,50.5,43.5
STL3101 Ledge Ct.,3/15/24,4.1,31.6,39.9,65,7.1,33
7400-Glenshire,3/15/24,5,36.5,46.4,80,7.5,33.7
WSH201-Floriston,3/15/24,6.3,39.2,48.3,74,15.8,44.1
Washoe204-Fariad,3/15/24,12.3,39.8,49.2,73,3.9,37.5
MEY3400-Camp Richardson,3/15/24,3.6,35.4,43.6,64,14.1,36.1
MEY3500-STPD Office,3/15/24,5.1,35.3,44.6,78,20.5,38.6
621Line-I-80 Gravel Pit,3/15/24,5.6,37.7,47,76,5.5,38.4
MUL1296-Markleeville,3/15/24,1.2,36.6,49.1,82,15.1,42.2
MEY3300-Tolteca,3/15/24,4.1,33.8,41.8,61,,32
TAH-5201 Lake Forest,3/15/24,1.5,35.3,44.6,77,23.4,33.6
Tahoe-7300 Sugar Pine Point,3/15/24,1.5,35.3,43,70,25.7,32.8
SMP8700-Firecamp,3/15/24,2.2,36.2,46.6,77,,32
TAH5201-Fairway,3/15/24,4.8,34.8,42.5,80,,32
TPZ1261 Cunningham,3/15/24,4.9,38.5,49.1,68,,32
MUL1296-Sorensens,3/15/24,2.4,31,,73,,32
POR32 4th Avenue,3/15/24,3.6,39.3,51,83,27.9,40.1
GLS7600-Walden,3/14/24,1.6,29.1,37.1,72,37.1,32.7
TAH7300-DL Bliss,3/14/24,4.1,28.3,34.5,70,9.6,32.8
BKY4201-Summit,3/14/24,2.8,,,100,23.6,33.6
TPZ1261–Park Ranch,3/14/24,8.3,37.1,45.7,68,10.7,41.6
TPZ1261-Walker,3/14/24,7.1,33.7,41.2,68,13.9,43.2
SQV8200-Squaw Valley,3/14/24,7.7,30.1,39.4,64,40.9,32.1
CEM41-Garbage Pit Rd,3/14/24,9.6,36.8,45.2,60,9.6,43.8
CAL204-Dog Valley,3/14/24,4.8,35.8,44.7,66,25.8,40.1
TRK7203-Northstar Golf Course,3/14/24,11.2,31.6,39.4,67,44.5,33.6
Hobart Sub,3/14/24,3.3,32.3,40.1,65,21.8,34
SRB51-Smithneck Rd,3/14/24,4.9,35.4,44.2,62,50.5,43.1
STL3101 Ledge Ct.,3/14/24,6.2,26.6,34.4,72,6.9,33.1
7400-Glenshire,3/14/24,6.7,32.5,39.6,58,7.4,33.7
WSH201-Floriston,3/14/24,9.8,35.2,41.8,54,15.9,41.1
Washoe204-Fariad,3/14/24,17.7,35.3,42,58,3.8,35.1
MEY3400-Camp Richardson,3/14/24,6,31.3,39.1,67,14.6,36.2
MEY3500-STPD Office,3/14/24,5.8,31.2,38.5,67,22.3,38.2
621Line-I-80 Gravel Pit,3/14/24,6.8,33.6,40.8,57,5.7,37.3
MUL1296-Markleeville,3/14/24,2.2,34.3,43.3,68,15.4,40
MEY3300-Tolteca,3/14/24,5,29.6,37.6,63,,32
TAH-5201 Lake Forest,3/14/24,2.6,31.1,38.8,65,23.4,33.6
Tahoe-7300 Sugar Pine Point,3/14/24,2,31.2,38.4,69,23.5,32.9
SMP8700-Firecamp,3/14/24,2.6,32.1,39.8,62,,32
TAH5201-Fairway,3/14/24,8.7,31,37.8,66,,32
TPZ1261 Cunningham,3/14/24,7.3,34.7,42.3,61,,32
MUL1296-Sorensens,3/14/24,3.8,27.6,,79,,32
POR32 4th Avenue,3/14/24,4.6,36,44.7,68,28.2,39.1
GLS7600-Walden,3/13/24,1.1,24,37.8,94,36.7,32.8
TAH7300-DL Bliss,3/13/24,2.4,30.4,37.7,74,9.4,32.8
BKY4201-Summit,3/13/24,2.9,,,100,23.7,33.6
TPZ1261–Park Ranch,3/13/24,6.3,40.4,51.2,75,11,45.1
TPZ1261-Walker,3/13/24,5.2,37.1,47.2,72,14.3,43.1
SQV8200-Squaw Valley,3/13/24,4.5,29,39.4,92,40.9,32.1
CEM41-Garbage Pit Rd,3/13/24,6.3,35.5,42.5,87,9.7,43.8
CAL204-Dog Valley,3/13/24,4,35.7,44.1,84,26.8,41
TRK7203-Northstar Golf Course,3/13/24,4.8,29.8,38.8,96,44.5,33.6
Hobart Sub,3/13/24,2.1,30.7,40.2,98,22.1,34
SRB51-Smithneck Rd,3/13/24,5.1,34.8,42.1,84,50.5,42.9
STL3101 Ledge Ct.,3/13/24,2.8,29.1,38.6,80,8,33.1
7400-Glenshire,3/13/24,3.8,30.7,39.2,95,7.5,33.7
WSH201-Floriston,3/13/24,6.5,34,41.6,87,16.3,42.1
Washoe204-Fariad,3/13/24,8.8,34.8,42.4,85,4.3,36.9
MEY3400-Camp Richardson,3/13/24,2.5,31.5,40.4,88,15.4,36.6
MEY3500-STPD Office,3/13/24,2.3,31.2,41.8,89,25.4,37.4
621Line-I-80 Gravel Pit,3/13/24,4.7,31.7,40.1,94,5.9,37.6
MUL1296-Markleeville,3/13/24,1,34.2,46.1,84,16,41.9
MEY3300-Tolteca,3/13/24,2.9,30.1,,82,,32
TAH-5201 Lake Forest,3/13/24,0.9,30.3,40.5,87,23.8,33.6
Tahoe-7300 Sugar Pine Point,3/13/24,1.1,30.8,40.1,85,22.9,32.9
SMP8700-Firecamp,3/13/24,1,30.6,40.1,92,,32
TAH5201-Fairway,3/13/24,3.3,30.2,39.2,97,,32
TPZ1261 Cunningham,3/13/24,5.5,37.2,48.2,78,,32
MUL1296-Sorensens,3/13/24,2.2,26.9,,79,,32
POR32 4th Avenue,3/13/24,2.5,34.9,43.7,96,28.8,39.6
GLS7600-Walden,3/12/24,0,26.9,37.8,100,36.1,33
TAH7300-DL Bliss,3/12/24,3.7,33.2,37,88,9.4,32.8
BKY4201-Summit,3/12/24,2.4,,,100,23.6,33.6
TPZ1261–Park Ranch,3/12/24,7.3,48.7,54.5,62,11.3,46.2
TPZ1261-Walker,3/12/24,9.4,42.7,52.2,69,14.8,44.2
SQV8200-Squaw Valley,3/12/24,9.3,32.8,36.6,94,40.8,32.1
CEM41-Garbage Pit Rd,3/12/24,6.8,39.6,46.6,85,9.7,43.2
CAL204-Dog Valley,3/12/24,6.8,41.5,46.5,72,28.2,41.4
TRK7203-Northstar Golf Course,3/12/24,7.1,35.5,40.6,90,44.4,33.4
Hobart Sub,3/12/24,2.9,34.1,40.8,98,22.8,34.1
SRB51-Smithneck Rd,3/12/24,5.4,38.8,45.6,86,50.5,42.2
STL3101 Ledge Ct.,3/12/24,5.8,32.8,38,91,7.5,33.2
7400-Glenshire,3/12/24,3.8,34.7,40.8,93,7.8,33.8
WSH201-Floriston,3/12/24,3.2,38.8,43.9,79,16.8,42.4
Washoe204-Fariad,3/12/24,10.8,40.1,43.9,81,4.6,40.7
MEY3400-Camp Richardson,3/12/24,5.7,35.8,41.1,91,17.2,36
MEY3500-STPD Office,3/12/24,2.6,35,42,89,29.2,35.8
621Line-I-80 Gravel Pit,3/12/24,4.2,35.3,41,90,6.1,37.1
MUL1296-Markleeville,3/12/24,4.9,40.8,47.4,75,16.9,42.8
MEY3300-Tolteca,3/12/24,5.1,32.7,,100,,32
TAH-5201 Lake Forest,3/12/24,1.7,33.3,38.9,94,24.4,33.6
Tahoe-7300 Sugar Pine Point,3/12/24,1.4,33.2,,94,24.7,32.9
SMP8700-Firecamp,3/12/24,1.9,34.3,41.5,92,,32
TAH5201-Fairway,3/12/24,3,33,38.4,95,,32
TPZ1261 Cunningham,3/12/24,11.1,46,51.7,63,,32
MUL1296-Sorensens,3/12/24,3,33,,87,,32
POR32 4th Avenue,3/12/24,2.4,37,44,96,29.2,39.7
GLS7600-Walden,3/11/24,1.1,31.8,40.6,100,35.7,33.1
TAH7300-DL Bliss,3/11/24,4.3,33.2,39.2,96,9.3,32.8
BKY4201-Summit,3/11/24,4.3,,,100,23.7,33.7
TPZ1261–Park Ranch,3/11/24,8.5,47,56.3,90,11.6,44.7
TPZ1261-Walker,3/11/24,4.8,43.8,54.9,93,15.7,41.6
SQV8200-Squaw Valley,3/11/24,8.3,33.7,39.6,94,40.6,32.1
CEM41-Garbage Pit Rd,3/11/24,8.9,39.6,47.4,74,9.8,41.9
CAL204-Dog Valley,3/11/24,7.2,41.5,49.5,70,30.8,39.9
TRK7203-Northstar Golf Course,3/11/24,7.1,36.2,42.6,91,44.4,33.3
Hobart Sub,3/11/24,3.2,34.8,42.8,96,22.3,34
SRB51-Smithneck Rd,3/11/24,6.5,39.1,47,72,50.4,41.4
STL3101 Ledge Ct.,3/11/24,4.6,33.2,41.2,92,8.3,33.2
7400-Glenshire,3/11/24,3.4,36,43.7,94,7.6,33.9
WSH201-Floriston,3/11/24,4.9,39.2,47.6,85,17.6,41.3
Washoe204-Fariad,3/11/24,11.6,40.2,47.8,81,4.8,40
MEY3400-Camp Richardson,3/11/24,5.9,35.9,43.2,95,18.6,34.4
MEY3500-STPD Office,3/11/24,2.4,36.2,43.4,94,30,34.4
621Line-I-80 Gravel Pit,3/11/24,5.4,36.3,43.6,89,6.3,36.2
MUL1296-Markleeville,3/11/24,5.8,42.2,49.7,67,18.4,42
TPZ1261-Eastside Lane,3/11/24,9.3,44.4,52.5,87,7.3,47.8
MEY3300-Tolteca,3/11/24,4.6,34,40.6,90,,32
TAH-5201 Lake Forest,3/11/24,2.2,34.3,41.3,94,23.5,33.7
Tahoe-7300 Sugar Pine Point,3/11/24,1.1,34.5,,96,24.5,32.9
SMP8700-Firecamp,3/11/24,3,35.2,43.3,86,,32
TAH5201-Fairway,3/11/24,3.9,34,41.5,95,,32
TPZ1261 Cunningham,3/11/24,7.3,44.8,54.9,89,,32
MUL1296-Sorensens,3/11/24,3,34.7,,81,,32
POR32 4th Avenue,3/11/24,1.9,36.6,45.3,94,29.5,37.5
GLS7600-Walden,3/10/24,1.7,30.2,41.6,79,34.7,33.2
TAH7300-DL Bliss,3/10/24,5,36.3,41.2,89,9.2,32.8
BKY4201-Summit,3/10/24,6.4,,,100,23.3,33.7
TPZ1261–Park Ranch,3/10/24,8.6,48.5,58.6,53,11.8,45.2
TPZ1261-Walker,3/10/24,7,45.3,58,64,16.5,39.1
SQV8200-Squaw Valley,3/10/24,11.2,36.2,39.7,84,40.3,32.1
CEM41-Garbage Pit Rd,3/10/24,10.1,41.6,46.8,67,10,40.9
CAL204-Dog Valley,3/10/24,7.5,43.8,48.7,64,35.5,38.6
TRK7203-Northstar Golf Course,3/10/24,9.9,38.7,43.3,71,44.4,33.2
Hobart Sub,3/10/24,4.1,37.6,43.3,91,21.6,34.1
SRB51-Smithneck Rd,3/10/24,7.1,40.9,46.2,63,50.4,40.3
STL3101 Ledge Ct.,3/10/24,3.5,35.3,43.3,75,8,33.2
7400-Glenshire,3/10/24,4.4,38.9,44.2,82,7.3,34
WSH201-Floriston,3/10/24,9,41.9,47.4,66,18.8,39.4
Washoe204-Fariad,3/10/24,15.3,43.4,48.1,63,5.2,39.7
MEY3400-Camp Richardson,3/10/24,5.4,38.7,44.5,84,19.2,33.8
MEY3500-STPD Office,3/10/24,3.1,38.5,45.3,73,29,34.1
621Line-I-80 Gravel Pit,3/10/24,8,38.9,43.9,82,6.4,34.5
MUL1296-Markleeville,3/10/24,4.9,43.6,51.6,63,19.7,39
TPZ1261-Eastside Lane,3/10/24,13,47.5,55.6,50,7.4,47.5
MEY3300-Tolteca,3/10/24,7.1,36.3,41.7,79,,32
TAH-5201 Lake Forest,3/10/24,3.1,36,42.3,83,22.5,33.7
Tahoe-7300 Sugar Pine Point,3/10/24,1.6,37,,100,24.1,33
SMP8700-Firecamp,3/10/24,3.1,36.7,44,88,,32
TAH5201-Fairway,3/10/24,4.1,36.1,42.2,83,,32
TPZ1261 Cunningham,3/10/24,5.2,45.6,56.3,57,,32
MUL1296-Sorensens,3/10/24,2.5,35.1,,75,,32
POR32 4th Avenue,3/10/24,4.4,35.9,46,95,30.2,35.8
GLS7600-Walden,3/9/24,4.1,34.2,40.4,84,34.5,33.2
TAH7300-DL Bliss,3/9/24,4.2,36.1,40.7,80,9,32.8
BKY4201-Summit,3/9/24,4.3,,,100,23.2,33.7
TPZ1261–Park Ranch,3/9/24,6.9,43.2,57.1,86,12,40.8
TPZ1261-Walker,3/9/24,6,41,52.6,75,17.4,37.9
SQV8200-Squaw Valley,3/9/24,10,36.4,40.7,70,40,32.2
CEM41-Garbage Pit Rd,3/9/24,6.9,37,45.3,90,10.2,40.7
CAL204-Dog Valley,3/9/24,5.2,39.1,48.5,84,37.3,37.5
TRK7203-Northstar Golf Course,3/9/24,7.3,33,42.9,96,44.4,33.2
Hobart Sub,3/9/24,2.5,31.3,43.6,98,20.4,34.1
SRB51-Smithneck Rd,3/9/24,6.7,38.6,45.5,88,50.4,39.9
STL3101 Ledge Ct.,3/9/24,3.8,35.7,42,80,6.7,33.3
7400-Glenshire,3/9/24,2.9,33.4,43.2,95,6.8,34.1
WSH201-Floriston,3/9/24,5.8,36.2,67.9,86,19.4,35.9
Washoe204-Fariad,3/9/24,12.3,40.4,47.1,80,4.5,35.8
MEY3400-Camp Richardson,3/9/24,5.7,37.6,42.9,84,17.7,33.7
MEY3500-STPD Office,3/9/24,1.9,34.4,44.1,92,27.2,34.1
621Line-I-80 Gravel Pit,3/9/24,4.3,30,43.4,93,6.1,33.7
MUL1296-Markleeville,3/9/24,4.6,40.6,49.9,89,21.6,35.6
TPZ1261-Eastside Lane,3/9/24,9.1,43.1,51.2,72,7.4,43.7
MEY3300-Tolteca,3/9/24,5.7,37,42.2,67,,32
TAH-5201 Lake Forest,3/9/24,2.1,34.9,41,88,22.2,33.7
Tahoe-7300 Sugar Pine Point,3/9/24,1.2,34.6,43.9,92,22.9,33
SMP8700-Firecamp,3/9/24,1.9,29.9,43.6,93,,32
TAH5201-Fairway,3/9/24,3.8,34.6,41.2,100,,32
TPZ1261 Cunningham,3/9/24,5.8,39.6,53.6,86,,32
MUL1296-Sorensens,3/9/24,2.7,30.6,,84,,32
POR32 4th Avenue,3/9/24,3.2,34.3,45.5,94,30.8,34.9
GLS7600-Walden,3/8/24,0.4,27.4,41.2,93,34.7,33.3
TAH7300-DL Bliss,3/8/24,2.3,31.9,40.2,81,8.9,32.9
BKY4201-Summit,3/8/24,1.5,,,100,23.1,33.7
TPZ1261–Park Ranch,3/8/24,5.2,39.1,49.9,80,12.3,41.8
TPZ1261-Walker,3/8/24,3.6,35.4,47.1,81,19.1,37.3
SQV8200-Squaw Valley,3/8/24,1.4,28.1,44.8,96,39.7,32.2
CEM41-Garbage Pit Rd,3/8/24,1.1,30.7,42.6,89,10.7,41.3
CAL204-Dog Valley,3/8/24,2.8,32.5,47.4,84,38,37.3
TRK7203-Northstar Golf Course,3/8/24,1.5,25.2,45.6,96,44.4,33.2
Hobart Sub,3/8/24,0.7,28,46.9,98,20.7,34.1
SRB51-Smithneck Rd,3/8/24,3.4,30.6,44.2,85,50.3,39.5
STL3101 Ledge Ct.,3/8/24,0.7,30.5,42.5,84,5.7,33.4
7400-Glenshire,3/8/24,1.9,26.6,43.4,94,6.8,34.2
WSH201-Floriston,3/8/24,2.4,30.3,43.8,87,20.2,34.6
Washoe204-Fariad,3/8/24,4,32.7,44.4,86,5.4,34.1
MEY3400-Camp Richardson,3/8/24,1.7,31,42.8,89,17.7,33.8
MEY3500-STPD Office,3/8/24,0.7,29.5,44.6,93,28.2,34.2
621Line-I-80 Gravel Pit,3/8/24,1.7,27.2,45.3,94,6.2,34
MUL1296-Markleeville,3/8/24,0.4,33.7,47.7,88,23.5,34.2
TPZ1261-Eastside Lane,3/8/24,4.7,35.8,46.4,77,7.5,44.2
MEY3300-Tolteca,3/8/24,1.1,32.3,44.6,80,,32
TAH-5201 Lake Forest,3/8/24,0.5,30.7,45.2,90,22.2,33.7
Tahoe-7300 Sugar Pine Point,3/8/24,0.8,29.7,37.7,91,24.7,32.9
SMP8700-Firecamp,3/8/24,0.4,28,45.7,93,,32
TAH5201-Fairway,3/8/24,0.8,30.1,43.5,100,,32
TPZ1261 Cunningham,3/8/24,3,35.8,48.4,83,,32
MUL1296-Sorensens,3/8/24,1.3,27.2,,88,,32
POR32 4th Avenue,3/8/24,2,30.6,44.6,95,31,34.5
GLS7600-Walden,3/7/24,0,24,38.3,95,34.3,33.3
TAH7300-DL Bliss,3/7/24,1.7,31.2,37,84,8.7,32.9
BKY4201-Summit,3/7/24,1.6,,,100,23.1,33.7
TPZ1261–Park Ranch,3/7/24,5.2,39.3,48.4,78,12.6,41.2
TPZ1261-Walker,3/7/24,5.5,35.9,45,82,19.4,36.2
SQV8200-Squaw Valley,3/7/24,1.8,28.3,40,94,37.8,32.2
CEM41-Garbage Pit Rd,3/7/24,2.6,32.5,41.9,94,11.6,40
CAL204-Dog Valley,3/7/24,1.8,33.9,42.1,85,37.9,37.2
TRK7203-Northstar Golf Course,3/7/24,2.3,27.1,40.5,97,44.4,33.2
Hobart Sub,3/7/24,1.1,29.7,40.9,99,21.2,34.1
SRB51-Smithneck Rd,3/7/24,4.6,32.8,41.3,100,50.3,39.5
STL3101 Ledge Ct.,3/7/24,1.5,30.2,38.6,90,5.4,33.4
7400-Glenshire,3/7/24,1.8,28.4,39.5,97,6.8,34.3
WSH201-Floriston,3/7/24,3.4,31.9,40.4,92,20.9,33.4
Washoe204-Fariad,3/7/24,7.6,33.6,40.6,91,6.3,35.4
MEY3400-Camp Richardson,3/7/24,1.9,31.3,39.5,95,17.4,33.9
MEY3500-STPD Office,3/7/24,1,29.8,41.4,95,25.9,34.3
621Line-I-80 Gravel Pit,3/7/24,2,29.7,40.8,97,6.4,33.9
MUL1296-Markleeville,3/7/24,0.6,33.4,45.7,92,23.4,33.4
TPZ1261-Eastside Lane,3/7/24,6.4,35.9,44.2,82,7.7,43.1
MEY3300-Tolteca,3/7/24,1.7,30.6,,88,,32
TAH-5201 Lake Forest,3/7/24,0.4,29.8,39.9,93,22.1,33.8
Tahoe-7300 Sugar Pine Point,3/7/24,0.8,29.8,39.8,97,25.4,32.9
SMP8700-Firecamp,3/7/24,0.6,29.7,41.4,94,,32
TAH5201-Fairway,3/7/24,1,29.6,38.6,100,,32
TPZ1261 Cunningham,3/7/24,6.3,36.8,46.4,77,,32
MUL1296-Sorensens,3/7/24,1.3,25.2,,90,,32
POR32 4th Avenue,3/7/24,1.5,32.8,42.7,98,32.3,34.6
GLS7600-Walden,3/6/24,0,26.6,39.4,95,34.1,33.3
TAH7300-DL Bliss,3/6/24,1.2,32.4,38.6,83,8.6,32.9
BKY4201-Summit,3/6/24,1.8,,,100,23,33.7
TPZ1261–Park Ranch,3/6/24,3,42.2,52,79,13,39.9
TPZ1261-Walker,3/6/24,3.6,38.8,47.3,73,19.7,36.2
SQV8200-Squaw Valley,3/6/24,2.5,32.2,40.3,93,27.7,32.2
CEM41-Garbage Pit Rd,3/6/24,4.1,36.1,41.8,83,13.3,38.1
CAL204-Dog Valley,3/6/24,3,38.9,47.4,83,37.7,36.7
TRK7203-Northstar Golf Course,3/6/24,2.6,31.9,43.6,97,44.2,33.3
Hobart Sub,3/6/24,1,33.3,43,99,20.4,34.3
SRB51-Smithneck Rd,3/6/24,4.8,35.7,44,84,50.3,39.6
STL3101 Ledge Ct.,3/6/24,1.5,32.2,38,85,5.4,33.3
7400-Glenshire,3/6/24,2.4,32.4,40.7,97,6.4,34.4
WSH201-Floriston,3/6/24,1.5,35.8,46,90,21,33.4
Washoe204-Fariad,3/6/24,5.7,38.1,46.1,90,8.1,37.8
MEY3400-Camp Richardson,3/6/24,2,34,41.5,87,16.8,34
MEY3500-STPD Office,3/6/24,0.5,31.7,41.4,94,24.5,34.4
621Line-I-80 Gravel Pit,3/6/24,1.5,33.2,45.7,95,6.3,33.8
MUL1296-Markleeville,3/6/24,0.6,36.4,47,87,22.8,33.4
TPZ1261-Eastside Lane,3/6/24,3.6,40.4,47.8,64,7.9,43.6
MEY3300-Tolteca,3/6/24,1.8,33,,80,,32
TAH-5201 Lake Forest,3/6/24,0.3,31.5,41,92,22.1,33.8
Tahoe-7300 Sugar Pine Point,3/6/24,0.6,32.2,40.7,90,24,32.9
SMP8700-Firecamp,3/6/24,0.7,32.8,43.6,94,,32
TAH5201-Fairway,3/6/24,1.5,31.8,40.4,100,,32
TPZ1261 Cunningham,3/6/24,2.8,39.4,48.8,77,,32
MUL1296-Sorensens,3/6/24,1.3,28.8,,85,,32
POR32 4th Avenue,3/6/24,1.2,35.1,44.2,98,32.2,34.5
GLS7600-Walden,3/5/24,0.4,28,37.2,90,34.1,33.3
TAH7300-DL Bliss,3/5/24,4.4,31.3,36.4,68,8.6,32.9
BKY4201-Summit,3/5/24,3.1,,,100,23,33.8
TPZ1261–Park Ranch,3/5/24,6.1,42.8,52,74,13.4,37.9
TPZ1261-Walker,3/5/24,5.6,38.8,48.5,65,19.9,37.3
SQV8200-Squaw Valley,3/5/24,11.7,31.5,34.8,81,28.3,32.2
CEM41-Garbage Pit Rd,3/5/24,13,37.9,42.3,69,13.1,37.2
CAL204-Dog Valley,3/5/24,10.1,39.3,43.8,63,37.3,35.6
TRK7203-Northstar Golf Course,3/5/24,10.2,33.7,38.4,75,44.1,33.4
Hobart Sub,3/5/24,3.4,32.4,37.7,92,19.5,34.4
SRB51-Smithneck Rd,3/5/24,9,37.3,42.9,73,50.3,39.9
STL3101 Ledge Ct.,3/5/24,6.8,31,38.1,72,5.4,33.3
7400-Glenshire,3/5/24,3.1,33.3,40.2,92,6,34.6
WSH201-Floriston,3/5/24,5.8,36.8,71.6,81,20.6,33.6
Washoe204-Fariad,3/5/24,14.2,38.4,42.7,75,8.9,33.7
MEY3400-Camp Richardson,3/5/24,5.1,33.6,39.9,71,15,34.1
MEY3500-STPD Office,3/5/24,1.8,32.2,40.9,83,23.4,34.7
621Line-I-80 Gravel Pit,3/5/24,2.7,33,39.8,90,6.1,33.9
MUL1296-Markleeville,3/5/24,5,37.4,44.6,70,22.8,33.6
TPZ1261-Eastside Lane,3/5/24,8.7,41.5,49.6,61,8.1,40.7
MEY3300-Tolteca,3/5/24,4,31,,95,,32
TAH-5201 Lake Forest,3/5/24,1.4,30.9,35.5,91,22.2,33.8
Tahoe-7300 Sugar Pine Point,3/5/24,1.3,30.2,38.7,91,21.5,33
SMP8700-Firecamp,3/5/24,3,32.5,37.8,90,,32
TAH5201-Fairway,3/5/24,2.2,31.1,37.1,100,,32
TPZ1261 Cunningham,3/5/24,7.6,40.2,49.1,73,,32
MUL1296-Sorensens,3/5/24,3.4,28.1,,84,,32
POR32 4th Avenue,3/5/24,2,34.4,41.3,96,30.2,34.9
GLS7600-Walden,3/4/24,3,25.5,28.6,100,34.1,33.3
TAH7300-DL Bliss,3/4/24,4.8,25,28.9,88,8.6,32.9
BKY4201-Summit,3/4/24,3.3,,,100,23.1,33.8
TPZ1261–Park Ranch,3/4/24,7,40.6,46.6,70,14.1,35.6
TPZ1261-Walker,3/4/24,11.3,36.4,42.4,63,18.8,38
SQV8200-Squaw Valley,3/4/24,15.2,25.1,29.6,85,30.7,32.2
CEM41-Garbage Pit Rd,3/4/24,10.2,30.7,36.3,85,11.1,37.4
CAL204-Dog Valley,3/4/24,10.2,32,36.8,72,37,35.6
TRK7203-Northstar Golf Course,3/4/24,8.5,27.4,31.4,86,44,33.6
Hobart Sub,3/4/24,4.4,25.2,29.2,97,19.5,34.4
SRB51-Smithneck Rd,3/4/24,6.1,29.9,35.6,81,50.3,40.4
STL3101 Ledge Ct.,3/4/24,8.8,24.3,29.8,94,5.5,33.3
7400-Glenshire,3/4/24,3.6,26.4,32.6,94,6,34.6
WSH201-Floriston,3/4/24,6.5,30,35.4,89,20,33.8
Washoe204-Fariad,3/4/24,12.8,31.2,36.3,81,7.6,33
MEY3400-Camp Richardson,3/4/24,6.7,28.2,32.7,74,14.6,34.2
MEY3500-STPD Office,3/4/24,3,26.8,32.7,96,20.6,35
621Line-I-80 Gravel Pit,3/4/24,4.1,26.4,32.4,96,6,34.1
MUL1296-Markleeville,3/4/24,7.4,33.1,38.6,67,21.3,34
TPZ1261-Eastside Lane,3/4/24,6,37.2,44,57,8.3,37.5
MEY3300-Tolteca,3/4/24,6.1,25.1,30.9,86,,32
TAH-5201 Lake Forest,3/4/24,1.6,24.9,29.1,92,22.2,33.7
Tahoe-7300 Sugar Pine Point,3/4/24,1.6,24,28.1,97,16.5,33.2
SMP8700-Firecamp,3/4/24,3.4,25.8,30.4,89,,32
TAH5201-Fairway,3/4/24,3.3,25.1,29,95,,32
TPZ1261 Cunningham,3/4/24,10.6,38.8,44,59,,32
MUL1296-Sorensens,3/4/24,4.4,25.8,,75,,32
POR32 4th Avenue,3/4/24,2.1,28,32.9,96,28.7,35.4
GLS7600-Walden,3/3/24,1.1,20.9,23.8,94,34.1,33.3
TAH7300-DL Bliss,3/3/24,6.6,20.9,25.3,92,8.6,32.9
BKY4201-Summit,3/3/24,3.1,,,100,23.2,33.8
TPZ1261–Park Ranch,3/3/24,12.7,36.5,41.7,84,13.3,35.8
TPZ1261-Walker,3/3/24,10.5,33.4,37.8,81,18.4,37.8
SQV8200-Squaw Valley,3/3/24,12.4,21.3,25.5,95,36.5,32.2
CEM41-Garbage Pit Rd,3/3/24,8.1,26.6,32,96,10.9,37.8
CAL204-Dog Valley,3/3/24,5,26.9,31.4,96,36.8,36.1
TRK7203-Northstar Golf Course,3/3/24,7.5,23.2,27.8,94,44.1,33.7
Hobart Sub,3/3/24,2.1,23.4,27.3,98,19.8,34.4
SRB51-Smithneck Rd,3/3/24,5,25.7,31.1,100,50.3,41
STL3101 Ledge Ct.,3/3/24,6.7,19.8,23.3,95,5.7,33.3
7400-Glenshire,3/3/24,3.4,23,26.4,97,6,34.8
WSH201-Floriston,3/3/24,7.5,24.5,28,96,20.1,34.1
Washoe204-Fariad,3/3/24,15.3,25.7,30.2,98,7.7,33.3
MEY3400-Camp Richardson,3/3/24,14.2,23.5,28.2,96,14.9,34.3
MEY3500-STPD Office,3/3/24,5.6,23,26.5,97,21,35.4
621Line-I-80 Gravel Pit,3/3/24,5.4,23.6,27.2,97,6,34.4
MUL1296-Markleeville,3/3/24,9.2,27.7,33.1,95,21.7,34.3
TPZ1261-Eastside Lane,3/3/24,10.6,34,39.2,77,8.8,35.7
MEY3300-Tolteca,3/3/24,8.3,21.4,25.4,90,,32
TAH-5201 Lake Forest,3/3/24,5.1,21.6,25,95,22.3,33.7
Tahoe-7300 Sugar Pine Point,3/3/24,1.7,21.8,25,96,16.8,33.2
SMP8700-Firecamp,3/3/24,3,23.6,27.6,93,,32
TAH5201-Fairway,3/3/24,7.9,21.7,25.6,94,,32
TPZ1261 Cunningham,3/3/24,16.1,34.2,38.5,87,,32
MUL1296-Sorensens,3/3/24,5.9,21.3,,100,,32
POR32 4th Avenue,3/3/24,2.7,25.5,29.5,98,28.8,35.9
GLS7600-Walden,3/2/24,2.3,18.4,26.2,94,34.2,33.3
TAH7300-DL Bliss,3/2/24,7.2,19.8,26,96,8.7,32.9
BKY4201-Summit,3/2/24,3,,,100,23.3,33.8
TPZ1261–Park Ranch,3/2/24,9,31.1,38.4,98,13.6,36.4
TPZ1261-Walker,3/2/24,12.3,28.4,34.4,99,18.6,38.1
SQV8200-Squaw Valley,3/2/24,8.4,20.8,26.7,97,40.9,32.2
CEM41-Garbage Pit Rd,3/2/24,12.4,24.4,31.3,98,11.5,38.5
CAL204-Dog Valley,3/2/24,5.6,25.8,32.6,96,36.5,37
TRK7203-Northstar Golf Course,3/2/24,9.8,22.2,28.5,97,44.1,34
Hobart Sub,3/2/24,0,22.6,28.6,100,20.1,34.5
SRB51-Smithneck Rd,3/2/24,6.8,23.9,30.7,100,50.3,41.7
STL3101 Ledge Ct.,3/2/24,6,19.7,27,96,5.9,33.3
7400-Glenshire,3/2/24,5.6,22.4,28.4,98,6.1,35
WSH201-Floriston,3/2/24,9.7,24.2,31,98,20.2,34.6
Washoe204-Fariad,3/2/24,14.8,24.7,31.5,100,8,33.6
MEY3400-Camp Richardson,3/2/24,8.2,22.4,29.5,99,15.1,34.5
MEY3500-STPD Office,3/2/24,4.4,22.9,29.5,98,21.2,36
621Line-I-80 Gravel Pit,3/2/24,8.6,23,28.9,98,6.1,34.8
MUL1296-Markleeville,3/2/24,4.8,26.4,32.2,96,21.6,35.1
TPZ1261-Eastside Lane,3/2/24,12.8,28.9,37,96,10,36
MEY3300-Tolteca,3/2/24,5.8,21.1,28.4,92,,32
TAH-5201 Lake Forest,3/2/24,4.3,21.2,27,97,22.5,33.7
Tahoe-7300 Sugar Pine Point,3/2/24,1.2,21.3,27.4,96,17.4,33.2
SMP8700-Firecamp,3/2/24,2.2,22.8,29,94,,32
TAH5201-Fairway,3/2/24,6.8,21.1,27.1,100,,32
TPZ1261 Cunningham,3/2/24,12.3,29,35.8,96,,32
MUL1296-Sorensens,3/2/24,5.1,20.5,,91,,32
POR32 4th Avenue,3/2/24,1.6,24.8,30.6,98,29,36.7
GLS7600-Walden,3/1/24,5.1,25.9,,100,34.6,33.4
TAH7300-DL Bliss,3/1/24,7.2,27.5,29.4,97,8.8,32.9
BKY4201-Summit,3/1/24,4.5,,,100,23.5,33.8
TPZ1261–Park Ranch,3/1/24,11.4,39.8,45.4,95,11.5,41.7
TPZ1261-Walker,3/1/24,11.9,36.3,41.8,96,15.9,40.6
SQV8200-Squaw Valley,3/1/24,2.2,28.1,29.3,98,41.5,32.1
CEM41-Garbage Pit Rd,3/1/24,14.7,33.6,37.8,98,13,39.5
CAL204-Dog Valley,3/1/24,5.9,33.7,38,96,35.4,39.4
TRK7203-Northstar Golf Course,3/1/24,11.8,29.8,32.3,98,44.2,34.9
Hobart Sub,3/1/24,0,29.9,31.6,100,20.8,34.5
SRB51-Smithneck Rd,3/1/24,8.7,32.8,36.6,100,50.4,42.7
STL3101 Ledge Ct.,3/1/24,6.6,27.3,29.9,98,6.3,33.3
7400-Glenshire,3/1/24,2.7,29.8,31.3,98,6.4,35.8
WSH201-Floriston,3/1/24,13,32,35,98,20.7,35.9
Washoe204-Fariad,3/1/24,14.6,32.3,34.8,100,8.5,33.8
MEY3400-Camp Richardson,3/1/24,10.7,29.8,32.2,100,15.2,34.8
MEY3500-STPD Office,3/1/24,2.8,30.2,32.5,98,19.7,37.2
621Line-I-80 Gravel Pit,3/1/24,6.5,30.4,32,98,6.3,35.1
MUL1296-Markleeville,3/1/24,5.2,34.7,38.4,96,23.9,36.7
TPZ1261-Eastside Lane,3/1/24,12.9,36.4,41.4,95,11,39.7
MEY3300-Tolteca,3/1/24,5.5,28.7,31,93,,32
TAH-5201 Lake Forest,3/1/24,4.5,28.6,30.4,98,23,33.6
Tahoe-7300 Sugar Pine Point,3/1/24,0.6,29,31,97,18.8,33.3
SMP8700-Firecamp,3/1/24,2.1,30.3,32.1,95,,32
TAH5201-Fairway,3/1/24,6.7,28.5,29.9,100,,32
TPZ1261 Cunningham,3/1/24,9,37.4,42.3,92,,32
MUL1296-Sorensens,3/1/24,4.4,29,,91,,32
POR32 4th Avenue,3/1/24,3.3,31.6,,99,26.6,38.8
TAH7300-DL Bliss,2/29/24,6,33,38.1,97,9,32.8
BKY4201-Summit,2/29/24,5.1,,,100,23.7,33.8
TPZ1261–Park Ranch,2/29/24,16.8,49.4,54.6,71,9.7,45.3
TPZ1261-Walker,2/29/24,18.6,45.5,51.7,78,12,44.5
SQV8200-Squaw Valley,2/29/24,7.4,34,39.1,98,41.4,32.1
CEM41-Garbage Pit Rd,2/29/24,14.2,40.6,44.3,87,12.9,44
CAL204-Dog Valley,2/29/24,8,41.3,46.6,90,16.7,42.9
TRK7203-Northstar Golf Course,2/29/24,14.8,36.8,41.8,97,44.3,37.4
Hobart Sub,2/29/24,4.6,35,39.7,100,21.5,35.1
SRB51-Smithneck Rd,2/29/24,9.9,39.6,43.6,90,50.4,44.2
STL3101 Ledge Ct.,2/29/24,5.7,32.8,38.3,98,6.9,33.4
7400-Glenshire,2/29/24,4.8,36.4,41,97,5.9,36.9
WSH201-Floriston,2/29/24,14.2,40.3,45.4,88,15.4,42.6
Washoe204-Fariad,2/29/24,19,40.7,45.6,100,6.3,38.7
MEY3400-Camp Richardson,2/29/24,10.3,35,40.4,100,14.7,35.4
MEY3500-STPD Office,2/29/24,3.6,35.7,40.2,97,17.3,40.1
621Line-I-80 Gravel Pit,2/29/24,10,37,42.1,95,6.1,39.3
MUL1296-Markleeville,2/29/24,6.8,39.5,44.7,94,17.2,40.3
TPZ1261-Eastside Lane,2/29/24,19.2,44.5,51.2,77,6.8,47.4
MEY3300-Tolteca,2/29/24,5.7,34,39.1,92,,32
TAH-5201 Lake Forest,2/29/24,4.2,33.8,38.8,98,24.4,33.6
Tahoe-7300 Sugar Pine Point,2/29/24,1.6,34,38.6,97,21.6,33.4
SMP8700-Firecamp,2/29/24,3.3,35,39.7,95,,32
TAH5201-Fairway,2/29/24,7.3,33.9,39,97,,32
TPZ1261 Cunningham,2/29/24,16.2,46.6,52.4,71,,32
MUL1296-Sorensens,2/29/24,3.9,33.5,,90,,32
POR32 4th Avenue,2/29/24,4.7,38.4,43.6,95,23.9,42.6
GLS7600-Walden,2/28/24,1,36.5,46.9,80,35.6,33.2
TAH7300-DL Bliss,2/28/24,1.5,37,45.6,78,9.2,32.8
BKY4201-Summit,2/28/24,2.7,,,100,23.3,33.8
TPZ1261–Park Ranch,2/28/24,4.6,45.1,62.3,82,9.8,43.5
TPZ1261-Walker,2/28/24,4.4,42.3,58.8,77,12.2,43.5
SQV8200-Squaw Valley,2/28/24,4.4,34.4,46.6,93,41.4,32.2
CEM41-Garbage Pit Rd,2/28/24,4.6,39.4,55.9,85,8.9,44.7
CAL204-Dog Valley,2/28/24,3.6,41.4,56.8,77,13.7,41.6
TRK7203-Northstar Golf Course,2/28/24,4.7,34.8,48.8,94,44.4,37.6
Hobart Sub,2/28/24,1.8,34.4,50.1,100,20.5,34.9
SRB51-Smithneck Rd,2/28/24,4.3,39,54.3,79,50.3,44
STL3101 Ledge Ct.,2/28/24,1.5,36,48.7,82,8.3,33.3
7400-Glenshire,2/28/24,2.3,35.4,50.3,94,5.5,36.3
WSH201-Floriston,2/28/24,3.9,39.8,54.6,79,15,44.6
Washoe204-Fariad,2/28/24,8.6,41.1,55.8,81,4.4,37.4
MEY3400-Camp Richardson,2/28/24,3.3,36.2,49.6,90,14.8,34.8
MEY3500-STPD Office,2/28/24,1.2,35.6,50.9,92,17.6,41
621Line-I-80 Gravel Pit,2/28/24,3.2,36.3,52.6,93,5.3,40.2
MUL1296-Markleeville,2/28/24,2.8,39.5,56.6,90,14.7,40.4
TPZ1261-Eastside Lane,2/28/24,7.5,43.8,57.8,55,6.9,47.3
MEY3300-Tolteca,2/28/24,2.4,36.9,,72,,32
TAH-5201 Lake Forest,2/28/24,1,35.8,48.6,85,24.3,33.6
Tahoe-7300 Sugar Pine Point,2/28/24,0.8,35.8,,100,20.9,33.6
SMP8700-Firecamp,2/28/24,1.3,34.4,51.8,92,,32
TAH5201-Fairway,2/28/24,2.1,35.3,47.4,96,,32
TPZ1261 Cunningham,2/28/24,3.9,41.5,59.7,83,,32
MUL1296-Sorensens,2/28/24,2.3,31.5,,83,,32
POR32 4th Avenue,2/28/24,1.8,36.7,55.4,94,24.3,42.8
GLS7600-Walden,2/27/24,0,29.9,44.2,85,34.6,33.4
TAH7300-DL Bliss,2/27/24,0.9,34,40.2,82,8.8,32.9
BKY4201-Summit,2/27/24,1.2,,,100,23.4,33.8
TPZ1261–Park Ranch,2/27/24,6.6,41.4,52.9,79,9.9,43.6
TPZ1261-Walker,2/27/24,4.3,38,48.9,89,12.4,42.8
SQV8200-Squaw Valley,2/27/24,3.1,32.7,45.6,89,41.3,32.2
CEM41-Garbage Pit Rd,2/27/24,2.9,37.2,49.8,90,9,44.1
CAL204-Dog Valley,2/27/24,2.6,37.5,49.4,76,13.6,41.9
TRK7203-Northstar Golf Course,2/27/24,2.4,32.7,46.7,94,44.4,35.8
Hobart Sub,2/27/24,0.7,32.8,48,99,20.4,34.7
SRB51-Smithneck Rd,2/27/24,4.3,36.5,48.6,90,50.3,43.7
STL3101 Ledge Ct.,2/27/24,2,33.2,41.4,78,7.5,33.3
7400-Glenshire,2/27/24,1.9,32.8,47.2,94,5.7,35.6
WSH201-Floriston,2/27/24,2.2,36.4,48.7,82,15.2,44
Washoe204-Fariad,2/27/24,5.3,37.1,48,83,5.4,36.7
MEY3400-Camp Richardson,2/27/24,1.8,33.5,45.2,84,15.8,34.3
MEY3500-STPD Office,2/27/24,0.8,33.8,46,84,18.2,39.6
621Line-I-80 Gravel Pit,2/27/24,1.4,34.4,49.1,93,5.4,39.4
MUL1296-Markleeville,2/27/24,1,36.4,49.8,85,15,40.9
TPZ1261-Eastside Lane,2/27/24,4.7,38.1,48.3,85,6.9,46.4
MEY3300-Tolteca,2/27/24,2.1,34.2,43.8,75,,32
TAH-5201 Lake Forest,2/27/24,0.4,32.7,44.2,85,23.7,33.6
Tahoe-7300 Sugar Pine Point,2/27/24,0.8,33.5,42.9,88,21,33.5
SMP8700-Firecamp,2/27/24,0.4,33.1,47.4,94,,32
TAH5201-Fairway,2/27/24,1.8,32.6,42.4,86,,32
TPZ1261 Cunningham,2/27/24,5.2,38.2,50.1,82,,32
MUL1296-Sorensens,2/27/24,1.7,29.2,,78,,32
POR32 4th Avenue,2/27/24,1.1,35.6,50,98,24.6,42.7
GLS7600-Walden,2/26/24,0.5,30,38,100,34.5,33.4
TAH7300-DL Bliss,2/26/24,6.5,34.7,37.8,84,8.8,32.9
BKY4201-Summit,2/26/24,2.4,,,100,23.6,33.9
TPZ1261–Park Ranch,2/26/24,7.7,49.6,53.9,61,10.1,44.1
TPZ1261-Walker,2/26/24,12.4,44.6,50.5,64,12.7,43.2
SQV8200-Squaw Valley,2/26/24,13.5,36.2,39.5,84,41.2,32.2
CEM41-Garbage Pit Rd,2/26/24,11.6,41.8,47,89,9,43.7
CAL204-Dog Valley,2/26/24,10.2,43.3,48,81,13.5,42.2
TRK7203-Northstar Golf Course,2/26/24,10.1,38.1,41.3,91,44.3,34.6
Hobart Sub,2/26/24,4.3,36.7,42.2,98,20.7,34.4
SRB51-Smithneck Rd,2/26/24,7.9,41,46.8,92,50.4,43.7
STL3101 Ledge Ct.,2/26/24,5.7,34,37.9,92,7,33.4
7400-Glenshire,2/26/24,5.4,37.9,41.5,94,6,34.3
WSH201-Floriston,2/26/24,8.9,41.3,45.2,80,15.3,42.1
Washoe204-Fariad,2/26/24,16.3,41.9,46.1,86,5.5,39.3
MEY3400-Camp Richardson,2/26/24,6.6,38.2,42.4,78,16.7,33.8
MEY3500-STPD Office,2/26/24,3.4,37.6,41.4,90,18.8,39.1
621Line-I-80 Gravel Pit,2/26/24,7.9,38,43.2,92,5.4,39.1
MUL1296-Markleeville,2/26/24,6.4,42,46.4,79,15,40.8
TPZ1261-Eastside Lane,2/26/24,9.2,45.6,50.3,60,7,47.4
MEY3300-Tolteca,2/26/24,5,35.2,37.7,85,,32
TAH-5201 Lake Forest,2/26/24,3.1,36,39.4,89,23.6,33.6
Tahoe-7300 Sugar Pine Point,2/26/24,2.1,35.4,,100,21.2,33.4
SMP8700-Firecamp,2/26/24,3.8,36.9,42.3,94,,32
TAH5201-Fairway,2/26/24,4.7,35.7,40.7,86,,32
TPZ1261 Cunningham,2/26/24,14,46,50.3,65,,32
MUL1296-Sorensens,2/26/24,4.7,34.9,,84,,32
POR32 4th Avenue,2/26/24,4.4,39.8,46.3,95,25,42
GLS7600-Walden,2/25/24,1.9,34.4,48.2,69,35.4,33.1
TAH7300-DL Bliss,2/25/24,1.6,37.9,46.3,81,8.7,32.9
BKY4201-Summit,2/25/24,2,,,100,23.5,33.9
TPZ1261–Park Ranch,2/25/24,3.4,46.6,63.9,83,10.3,42.8
TPZ1261-Walker,2/25/24,4,44.7,59.9,67,13,43.3
SQV8200-Squaw Valley,2/25/24,3.9,34.7,48.1,95,41.2,32.2
CEM41-Garbage Pit Rd,2/25/24,4.5,40.2,56,91,9.1,43.8
CAL204-Dog Valley,2/25/24,3.7,43.4,58.1,84,13.3,40.8
TRK7203-Northstar Golf Course,2/25/24,4.2,34.3,51.4,96,44.3,34.5
Hobart Sub,2/25/24,1.6,34.6,51.6,98,20.1,34.1
SRB51-Smithneck Rd,2/25/24,5.8,40.8,55.6,88,50.3,43.4
STL3101 Ledge Ct.,2/25/24,1.8,36.9,48.5,81,8.2,33.3
7400-Glenshire,2/25/24,2.1,34.9,51.7,95,6.3,33.7
WSH201-Floriston,2/25/24,3.7,39.4,55.7,85,15.6,42.3
Washoe204-Fariad,2/25/24,7.5,42,56,82,5.4,37.1
MEY3400-Camp Richardson,2/25/24,2.7,36.4,50,95,17.4,33.4
MEY3500-STPD Office,2/25/24,1.2,35.3,51.3,93,19.7,39.5
621Line-I-80 Gravel Pit,2/25/24,2.5,35.2,53.6,94,5.4,39.4
MUL1296-Markleeville,2/25/24,1.9,39.8,56.5,90,15.2,40
TPZ1261-Eastside Lane,2/25/24,6.7,46.9,59.3,48,7.1,47.6
MEY3300-Tolteca,2/25/24,2.5,37,48.3,71,,32
TAH-5201 Lake Forest,2/25/24,0.8,36.3,49.7,94,23.7,33.6
Tahoe-7300 Sugar Pine Point,2/25/24,0.8,35.7,49,84,21.1,33.3
SMP8700-Firecamp,2/25/24,1,33.9,52.6,93,,32
TAH5201-Fairway,2/25/24,1.9,35.6,48.9,100,,32
TPZ1261 Cunningham,2/25/24,4.3,42.9,61,81,,32
MUL1296-Sorensens,2/25/24,2.2,29.4,,88,,32
POR32 4th Avenue,2/25/24,1.7,36.9,56,96,25.5,41.6
GLS7600-Walden,2/24/24,1,39.4,49.8,89,35.3,33.2
TAH7300-DL Bliss,2/24/24,0.7,36.1,44.5,88,8.4,33
BKY4201-Summit,2/24/24,1,,,100,23.2,33.9
TPZ1261–Park Ranch,2/24/24,1.4,42.9,59.2,89,10.4,41.4
TPZ1261-Walker,2/24/24,2.8,40.9,55.2,82,13.4,41.8
SQV8200-Squaw Valley,2/24/24,0.9,32.1,50.9,96,41.2,32.2
CEM41-Garbage Pit Rd,2/24/24,2.6,39.6,57.1,91,9.2,42.6
CAL204-Dog Valley,2/24/24,2.3,39.7,57.6,90,13.2,39.9
TRK7203-Northstar Golf Course,2/24/24,1.6,31.5,52.1,97,44.3,33.8
Hobart Sub,2/24/24,0.7,32.8,54.6,98,19.6,34.1
SRB51-Smithneck Rd,2/24/24,4.6,39.5,55.9,91,50.3,42.5
STL3101 Ledge Ct.,2/24/24,0.5,35.2,46.6,80,7.5,33.4
7400-Glenshire,2/24/24,1.2,32.3,53.6,96,5.9,33.8
WSH201-Floriston,2/24/24,2.4,36.7,57.2,91,16,41
Washoe204-Fariad,2/24/24,5.5,38.9,57.5,92,5,34.9
MEY3400-Camp Richardson,2/24/24,1.1,32.2,47.4,94,18.5,33.4
MEY3500-STPD Office,2/24/24,0.4,31.4,49.6,94,21,37.9
621Line-I-80 Gravel Pit,2/24/24,1.5,34,55.1,97,5.6,38.5
MUL1296-Markleeville,2/24/24,0.2,34.8,54.4,92,15.6,38.5
TPZ1261-Eastside Lane,2/24/24,5.7,42.1,55,62,7.1,45.5
MEY3300-Tolteca,2/24/24,0.9,35.3,49.9,71,,32
TAH-5201 Lake Forest,2/24/24,0.1,33,46.1,94,23,33.6
Tahoe-7300 Sugar Pine Point,2/24/24,0.7,33.1,44,89,20.3,33.3
SMP8700-Firecamp,2/24/24,0.5,33,55.2,94,,32
TAH5201-Fairway,2/24/24,0.6,32.4,42.9,100,,32
TPZ1261 Cunningham,2/24/24,2.3,39.3,56.1,87,,32
MUL1296-Sorensens,2/24/24,2.1,26.4,,89,,32
POR32 4th Avenue,2/24/24,1.3,37.2,57.7,96,26,40.2
GLS7600-Walden,2/23/24,0,31,43.2,86,33.9,33.4
TAH7300-DL Bliss,2/23/24,1.2,33.1,39.8,83,8.2,33
BKY4201-Summit,2/23/24,0.7,,,100,23,33.9
TPZ1261–Park Ranch,2/23/24,2.2,39.4,50.4,83,10.6,40.5
TPZ1261-Walker,2/23/24,2.6,36.6,46.8,78,13.7,41.3
Meyers3400-Uplands,2/23/24,2.9,,,100,14.7,34
SQV8200-Squaw Valley,2/23/24,0.7,28.2,43,96,41.2,32.2
CEM41-Garbage Pit Rd,2/23/24,4,36.4,50.3,89,9.4,41.8
CAL204-Dog Valley,2/23/24,2.4,36.3,50.7,88,13.1,39.5
TRK7203-Northstar Golf Course,2/23/24,1.2,27.9,45.6,97,44.3,33.8
Hobart Sub,2/23/24,0.4,29.1,47.2,99,19.4,34.1
SRB51-Smithneck Rd,2/23/24,2.8,36.5,50.7,85,50.3,42.2
STL3101 Ledge Ct.,2/23/24,0.3,31.7,41,81,6.4,33.3
7400-Glenshire,2/23/24,1,28.7,46.5,96,5.6,33.9
WSH201-Floriston,2/23/24,2.3,33.4,63.2,91,16.4,38.9
Washoe204-Fariad,2/23/24,4.8,34.9,48.8,92,4.8,33.5
MEY3400-Camp Richardson,2/23/24,1.3,30.7,42.7,92,17.5,33.5
MEY3500-STPD Office,2/23/24,0.4,28.7,44.1,95,23,36.5
621Line-I-80 Gravel Pit,2/23/24,1.1,30.3,61.5,96,5.7,37.4
MUL1296-Markleeville,2/23/24,0.1,30.6,46.9,92,15.9,36.7
TPZ1261-Eastside Lane,2/23/24,5.9,37.8,46,60,7.2,43.2
MEY3300-Tolteca,2/23/24,1,31.6,,73,,32
TAH-5201 Lake Forest,2/23/24,0.1,31.5,43.6,94,22.5,33.6
Tahoe-7300 Sugar Pine Point,2/23/24,0.6,31.5,42.9,95,19.4,33.2
SMP8700-Firecamp,2/23/24,0.5,29.8,47.9,93,,32
TAH5201-Fairway,2/23/24,0.7,31.1,42.6,100,,32
TPZ1261 Cunningham,2/23/24,2.5,36,47.9,80,,32
MUL1296-Sorensens,2/23/24,1.5,21.8,,89,,32
POR32 4th Avenue,2/23/24,2,35.3,50.1,98,26.7,39.3
GLS7600-Walden,2/22/24,0,29.5,41.9,94,33.9,33.4
TAH7300-DL Bliss,2/22/24,0.6,30.6,37,82,8.2,33
BKY4201-Summit,2/22/24,0.6,,,100,22.9,33.9
TPZ1261–Park Ranch,2/22/24,4.8,39.2,52.7,76,10.8,40.8
TPZ1261-Walker,2/22/24,2.8,36,48.9,78,14.2,41.6
Meyers3400-Uplands,2/22/24,2,,,100,14.5,34
SQV8200-Squaw Valley,2/22/24,1,26.5,41.6,95,41.1,32.2
CEM41-Garbage Pit Rd,2/22/24,2.9,33.8,48,91,9.7,41.8
CAL204-Dog Valley,2/22/24,1.8,34.5,49.8,89,13.2,40
TRK7203-Northstar Golf Course,2/22/24,1.4,26.5,44.7,96,44.4,33.9
Hobart Sub,2/22/24,0.7,28.1,45.5,98,19.7,34.2
SRB51-Smithneck Rd,2/22/24,5,33.9,47,86,50.3,42.1
STL3101 Ledge Ct.,2/22/24,0.4,29,38.3,87,6.7,33.3
7400-Glenshire,2/22/24,1.5,27.3,44.3,96,5.4,34
WSH201-Floriston,2/22/24,1.7,31.6,48.9,90,17.2,39.6
Washoe204-Fariad,2/22/24,5.1,33.1,47.7,90,5.2,32.9
MEY3400-Camp Richardson,2/22/24,1.2,28.4,40.6,95,18,33.7
MEY3500-STPD Office,2/22/24,0.5,27.1,42.7,93,25.9,35.9
621Line-I-80 Gravel Pit,2/22/24,1.1,29.3,46.6,96,5.8,37.3
MUL1296-Markleeville,2/22/24,0,30.5,49.1,91,16.7,37.9
TPZ1261-Eastside Lane,2/22/24,7.7,36.6,48.4,58,7.3,43
MEY3300-Tolteca,2/22/24,0.8,29,42.9,83,,32
TAH-5201 Lake Forest,2/22/24,0.2,29.4,41.7,94,22.3,33.5
Tahoe-7300 Sugar Pine Point,2/22/24,0.7,28.8,39.7,93,20,33.2
SMP8700-Firecamp,2/22/24,0.4,28.8,46.3,94,,32
TAH5201-Fairway,2/22/24,0.6,29,41.1,100,,32
TPZ1261 Cunningham,2/22/24,3.2,36.5,50.2,70,,32
MUL1296-Sorensens,2/22/24,1.9,20.2,,94,,32
POR32 4th Avenue,2/22/24,1,31.9,49.1,97,27.6,39.4
GLS7600-Walden,2/21/24,0,24.9,36.3,92,34.1,33.4
TAH7300-DL Bliss,2/21/24,1.3,29.6,34.6,95,8.1,33
BKY4201-Summit,2/21/24,1.1,,,100,22.8,34
TPZ1261–Park Ranch,2/21/24,4.8,41.7,50.1,91,11.1,41.6
TPZ1261-Walker,2/21/24,5.7,37.6,46.4,94,14.9,41.8
Meyers3400-Uplands,2/21/24,5.3,,,100,14.8,34
SQV8200-Squaw Valley,2/21/24,1.9,29.8,35.6,97,41.1,32.1
CEM41-Garbage Pit Rd,2/21/24,3.5,34.4,43.9,97,10.7,41.4
CAL204-Dog Valley,2/21/24,2.6,36.3,45.6,96,13.9,40.9
TRK7203-Northstar Golf Course,2/21/24,1.6,29.5,39.6,98,44.3,33.6
Hobart Sub,2/21/24,1.1,30.2,39,100,20.2,34.3
SRB51-Smithneck Rd,2/21/24,3.4,33.8,43.4,98,50.3,42
STL3101 Ledge Ct.,2/21/24,3.2,29.2,36,91,6.7,33.3
7400-Glenshire,2/21/24,1.9,29.5,38.3,98,5.4,33.9
WSH201-Floriston,2/21/24,1,33.2,43.5,94,19.6,40.8
Washoe204-Fariad,2/21/24,4.9,35.2,43.9,96,8.4,35.7
MEY3400-Camp Richardson,2/21/24,2.4,31.4,38.4,95,18.8,33.9
MEY3500-STPD Office,2/21/24,1.1,30.8,38.6,95,30.4,35.1
621Line-I-80 Gravel Pit,2/21/24,1.6,31.1,40,97,6.2,37.1
MUL1296-Markleeville,2/21/24,1.7,34,43.8,96,18.7,38.8
TPZ1261-Eastside Lane,2/21/24,7.4,39,47.1,93,7.5,43
MEY3300-Tolteca,2/21/24,2.2,29.7,35.5,89,,32
TAH-5201 Lake Forest,2/21/24,0.7,30.4,37,96,22.6,33.5
Tahoe-7300 Sugar Pine Point,2/21/24,0.5,29.9,36.6,96,20.8,33.2
SMP8700-Firecamp,2/21/24,0.9,30.4,39.9,95,,32
TAH5201-Fairway,2/21/24,1.5,30.4,36,100,,32
TPZ1261 Cunningham,2/21/24,5.4,38.6,47.6,92,,32
MUL1296-Sorensens,2/21/24,1.3,26.4,,90,,32
POR32 4th Avenue,2/21/24,1.1,33.5,42.7,99,29,40.4
GLS7600-Walden,2/20/24,0,28.7,,100,34.1,33.3
TAH7300-DL Bliss,2/20/24,1.9,31.6,37.3,96,8,33
BKY4201-Summit,2/20/24,3.3,,,100,22.8,34
TPZ1261–Park Ranch,2/20/24,4.6,44.5,53.8,84,11.4,41.1
TPZ1261-Walker,2/20/24,10.1,41.6,50.8,95,15.7,40.7
Meyers3400-Uplands,2/20/24,9.8,,,100,14.6,34
SQV8200-Squaw Valley,2/20/24,2.6,32.4,38.3,97,41,32.1
CEM41-Garbage Pit Rd,2/20/24,6.8,37.4,46,96,12,40.3
CAL204-Dog Valley,2/20/24,5,39.8,48.5,96,15.8,40.4
TRK7203-Northstar Golf Course,2/20/24,5.1,33.9,41.6,97,44.3,33.5
Hobart Sub,2/20/24,1.4,32.8,42,100,20.4,34.3
SRB51-Smithneck Rd,2/20/24,6.5,37,45.6,97,50.2,41.6
STL3101 Ledge Ct.,2/20/24,2.5,29.7,37.8,97,7.4,33.3
7400-Glenshire,2/20/24,2.8,33.8,42,98,5.5,33.8
WSH201-Floriston,2/20/24,3.3,37.1,45.4,94,19.8,41.1
Washoe204-Fariad,2/20/24,9.7,38.3,46.1,97,8.6,36.4
MEY3400-Camp Richardson,2/20/24,3.4,33.7,40.5,98,19.3,33.9
MEY3500-STPD Office,2/20/24,0.8,32.5,40.7,98,31.2,35.2
621Line-I-80 Gravel Pit,2/20/24,3.6,34.8,42.9,96,6.1,36.2
MUL1296-Markleeville,2/20/24,0.7,35.5,47,97,21.5,37.9
TPZ1261-Eastside Lane,2/20/24,8.5,41.3,49.4,94,7.9,41.2
MEY3300-Tolteca,2/20/24,4,33.5,,100,,32
TAH-5201 Lake Forest,2/20/24,1.4,32.6,39.9,97,23,33.5
Tahoe-7300 Sugar Pine Point,2/20/24,0.7,32.3,41.1,97,21.1,33.1
SMP8700-Firecamp,2/20/24,0.9,32.4,43.6,95,,32
TAH5201-Fairway,2/20/24,3,32.3,38.8,100,,32
TPZ1261 Cunningham,2/20/24,6.3,42.6,52,89,,32
MUL1296-Sorensens,2/20/24,0.7,30.5,,91,,32
POR32 4th Avenue,2/20/24,1.5,35.9,43.8,98,30.8,39.2
GLS7600-Walden,2/19/24,3.7,29.9,35.8,100,34.6,33.2
TAH7300-DL Bliss,2/19/24,2.7,32.1,34.9,97,8,33
BKY4201-Summit,2/19/24,4.1,,,100,22.9,34
TPZ1261–Park Ranch,2/19/24,9.5,43.5,52,97,11.6,42.3
TPZ1261-Walker,2/19/24,11.4,39.7,47.2,98,17.3,40.7
Meyers3400-Uplands,2/19/24,13.4,,,100,15,34
SQV8200-Squaw Valley,2/19/24,5.6,33.7,36.6,97,40.8,32.1
CEM41-Garbage Pit Rd,2/19/24,10.5,38.3,44,95,14.4,40.6
CAL204-Dog Valley,2/19/24,5.4,39.8,46.6,95,15,41
TRK7203-Northstar Golf Course,2/19/24,9,35.1,39.3,96,44.2,33.5
Hobart Sub,2/19/24,1.3,33.4,38,100,21.7,34.4
SRB51-Smithneck Rd,2/19/24,9.9,37.2,42.8,95,50.2,42
STL3101 Ledge Ct.,2/19/24,2.4,31.5,36,97,10.1,33.6
7400-Glenshire,2/19/24,3,34.9,39.7,98,5.9,33.8
WSH201-Floriston,2/19/24,3.7,37.9,68.6,94,21.2,41
Washoe204-Fariad,2/19/24,9.9,39,44.5,95,10.2,37
MEY3400-Camp Richardson,2/19/24,4.5,34.1,37.2,99,27.7,34.1
MEY3500-STPD Office,2/19/24,1.3,33.7,38,98,33.7,36.9
621Line-I-80 Gravel Pit,2/19/24,3.5,35,40.9,95,6.8,35.9
MUL1296-Markleeville,2/19/24,2.1,36.9,44.6,97,26.1,37.3
TPZ1261-Eastside Lane,2/19/24,8.7,39.9,47,98,9.4,41.8
MEY3300-Tolteca,2/19/24,2.5,32.7,35.7,92,,32
TAH-5201 Lake Forest,2/19/24,1.2,33.2,36.9,98,23.8,33.5
Tahoe-7300 Sugar Pine Point,2/19/24,0.7,33,37.2,98,25.9,33
SMP8700-Firecamp,2/19/24,1.4,33.3,38.8,95,,32
TAH5201-Fairway,2/19/24,3.8,33.4,37.2,97,,32
TPZ1261 Cunningham,2/19/24,8.8,41.1,49.5,95,,32
MUL1296-Sorensens,2/19/24,1.1,31.8,,92,,32
POR32 4th Avenue,2/19/24,1.7,35.1,42.4,98,33.7,37.7
GLS7600-Walden,2/18/24,3.3,32.7,100.9,100,34.2,33.4
TAH7300-DL Bliss,2/18/24,4.5,36.9,43.4,95,7.9,33
BKY4201-Summit,2/18/24,3.3,,,100,22.8,34
TPZ1261–Park Ranch,2/18/24,7,52.1,60.5,61,9.6,42
TPZ1261-Walker,2/18/24,9.4,47.2,54.7,69,15.9,40
Meyers3400-Uplands,2/18/24,15.2,,,100,14.5,34
SQV8200-Squaw Valley,2/18/24,7.6,37.5,43.9,97,40.4,32.2
CEM41-Garbage Pit Rd,2/18/24,9.4,43,51.2,86,10.2,41
CAL204-Dog Valley,2/18/24,6.9,45.7,53.7,89,8.7,40.6
TRK7203-Northstar Golf Course,2/18/24,6.7,39.5,45.9,94,44.2,33.6
Hobart Sub,2/18/24,2.1,38.7,47.4,100,20.7,34.6
SRB51-Smithneck Rd,2/18/24,8,42.1,50.8,90,50.2,41.6
STL3101 Ledge Ct.,2/18/24,4.7,37.3,47.3,94,7.7,33.9
7400-Glenshire,2/18/24,3.2,39.6,47,96,5.8,34.3
WSH201-Floriston,2/18/24,3,42.3,51.4,93,19.6,41.8
Washoe204-Fariad,2/18/24,10,44.5,52.2,88,8.6,38.8
MEY3400-Camp Richardson,2/18/24,6.5,39.7,47,94,17.2,34.2
MEY3500-STPD Office,2/18/24,2.9,40,49.3,95,20.9,38.4
621Line-I-80 Gravel Pit,2/18/24,3.7,39.7,48.2,96,6.4,36
MUL1296-Markleeville,2/18/24,5.5,43.6,52.3,94,20.5,38.6
TPZ1261-Eastside Lane,2/18/24,10.3,47.9,54.4,58,7.1,43.6
MEY3300-Tolteca,2/18/24,4.3,37.8,45.9,90,,32
TAH-5201 Lake Forest,2/18/24,1,37.3,44.5,96,23.8,33.5
Tahoe-7300 Sugar Pine Point,2/18/24,1.1,37.3,45.8,97,22.4,33.2
SMP8700-Firecamp,2/18/24,2.1,38.8,48.1,95,,32
TAH5201-Fairway,2/18/24,3.2,37.5,44.4,96,,32
TPZ1261 Cunningham,2/18/24,9.6,48.9,56.8,61,,32
MUL1296-Sorensens,2/18/24,2,36.1,,91,,32
POR32 4th Avenue,2/18/24,1.8,39.6,49.8,98,30.5,38.3
GLS7600-Walden,2/17/24,0,30.6,43,97,33.9,33.4
TAH7300-DL Bliss,2/17/24,3.6,35.3,41.1,94,7.7,33.1
BKY4201-Summit,2/17/24,2.5,,,100,22.8,34
TPZ1261–Park Ranch,2/17/24,3.4,42.8,51.4,90,9.6,39.8
TPZ1261-Walker,2/17/24,8,40,47.8,82,15.8,39.1
Meyers3400-Uplands,2/17/24,11.6,,,100,13.7,34
SQV8200-Squaw Valley,2/17/24,3.7,33.7,42.3,98,40,32.2
CEM41-Garbage Pit Rd,2/17/24,5.2,39.2,47.2,92,9,40.5
CAL204-Dog Valley,2/17/24,2,39.4,47.8,89,8.5,39.9
TRK7203-Northstar Golf Course,2/17/24,4.4,33.9,43.8,98,43.7,33.6
Hobart Sub,2/17/24,1.4,33.5,43.4,100,19,34.7
SRB51-Smithneck Rd,2/17/24,4.4,38.8,46.6,90,50.1,41.5
STL3101 Ledge Ct.,2/17/24,1.9,35.9,41.2,94,6.7,33.5
7400-Glenshire,2/17/24,2,34.2,44.3,99,5.4,34.5
WSH201-Floriston,2/17/24,2.1,37.3,46.7,93,18.2,37.8
Washoe204-Fariad,2/17/24,4.7,38.3,46.6,95,7.9,37.3
MEY3400-Camp Richardson,2/17/24,3.9,35.8,44,97,16,34.1
MEY3500-STPD Office,2/17/24,1.7,35.4,44.2,97,20.1,36.6
621Line-I-80 Gravel Pit,2/17/24,2.4,34.6,43.7,97,6.4,33.5
MUL1296-Markleeville,2/17/24,1.6,36.6,46.8,92,19.8,35.1
TPZ1261-Eastside Lane,2/17/24,7.4,40.7,48.8,77,7.1,39.8
MEY3300-Tolteca,2/17/24,3.7,35.6,,88,,32
TAH-5201 Lake Forest,2/17/24,0.5,34.4,41.4,96,23.6,33.6
Tahoe-7300 Sugar Pine Point,2/17/24,0.8,34.6,42,96,19.5,33.4
SMP8700-Firecamp,2/17/24,1,33.8,43.7,96,,32
TAH5201-Fairway,2/17/24,1.8,34.6,41.8,97,,32
TPZ1261 Cunningham,2/17/24,6,39.8,48.8,88,,32
MUL1296-Sorensens,2/17/24,2,31.8,,88,,32
POR32 4th Avenue,2/17/24,1.3,37.2,46,98,26.7,37.8
GLS7600-Walden,2/16/24,0,35.1,39.2,92,33.4,33.5
TAH7300-DL Bliss,2/16/24,0.7,33.6,38.7,87,7.6,33.1
BKY4201-Summit,2/16/24,0.5,,,100,22.5,34
TPZ1261–Park Ranch,2/16/24,0.9,41.7,51.5,85,9.7,39.7
TPZ1261-Walker,2/16/24,2.7,38,45.4,76,15.8,39
Meyers3400-Uplands,2/16/24,3.2,,,100,13.3,33.9
SQV8200-Squaw Valley,2/16/24,0.6,31.2,40.7,98,39.7,32.3
CEM41-Garbage Pit Rd,2/16/24,2.9,38.5,47.2,93,9.1,40.6
CAL204-Dog Valley,2/16/24,1.4,39.2,46.5,81,8.5,39.8
TRK7203-Northstar Golf Course,2/16/24,1.5,32.7,42.3,97,43.3,33.5
Hobart Sub,2/16/24,0.3,32.7,42.8,100,18.8,34.7
SRB51-Smithneck Rd,2/16/24,3.9,38.3,46.4,97,50.1,41
STL3101 Ledge Ct.,2/16/24,0.5,32.7,38,88,6.7,33.4
7400-Glenshire,2/16/24,0.8,32.6,42.3,98,5.3,34.5
WSH201-Floriston,2/16/24,1.3,36.2,45.4,89,18.4,38.1
Washoe204-Fariad,2/16/24,4.2,37.7,45.7,88,7.9,37.1
MEY3400-Camp Richardson,2/16/24,1,32.7,40.2,98,15.8,34.1
MEY3500-STPD Office,2/16/24,0.4,32.6,41.2,97,21.6,36.2
621Line-I-80 Gravel Pit,2/16/24,0.7,33.7,43.7,96,6.3,33.1
MUL1296-Markleeville,2/16/24,0.1,35.4,47.3,89,20.1,34.4
TPZ1261-Eastside Lane,2/16/24,2.3,39,45.8,66,7.4,39.8
MEY3300-Tolteca,2/16/24,0.6,33.6,,85,,32
TAH-5201 Lake Forest,2/16/24,0,32.4,39.8,96,22.6,33.7
Tahoe-7300 Sugar Pine Point,2/16/24,0.3,32.3,39.4,97,19.3,33.4
SMP8700-Firecamp,2/16/24,0.2,32.3,41.8,95,,32
TAH5201-Fairway,2/16/24,0.5,32.4,40.2,100,,32
TPZ1261 Cunningham,2/16/24,2.5,38.2,47.7,82,,32
MUL1296-Sorensens,2/16/24,1.4,29.9,,96,,32
POR32 4th Avenue,2/16/24,0.8,35.8,45.8,98,28.1,37.6
GLS7600-Walden,2/15/24,0,28.5,33.3,97,32.5,33.5
TAH7300-DL Bliss,2/15/24,3.2,30.1,34.7,96,7.5,33.1
BKY4201-Summit,2/15/24,1.4,,,100,22.4,34
TPZ1261–Park Ranch,2/15/24,4,43,49.9,92,9.7,39.8
TPZ1261-Walker,2/15/24,5.3,39,45.7,90,16.1,38.3
Meyers3400-Uplands,2/15/24,6.5,,,100,13.5,33.9
SQV8200-Squaw Valley,2/15/24,4.4,29.2,32.8,97,38.9,32.3
CEM41-Garbage Pit Rd,2/15/24,5,36.3,43.2,93,10.6,39.5
CAL204-Dog Valley,2/15/24,4.2,38.8,44.6,93,8.5,39.1
TRK7203-Northstar Golf Course,2/15/24,1.6,32.3,41.9,96,42.7,33.3
Hobart Sub,2/15/24,1,32.1,38.4,100,18.3,34.7
SRB51-Smithneck Rd,2/15/24,2.6,36,42.8,93,50,40.2
STL3101 Ledge Ct.,2/15/24,4.5,28.8,33.9,97,6.5,33.4
7400-Glenshire,2/15/24,1.5,32.2,38,98,5.4,34.6
WSH201-Floriston,2/15/24,2.1,35,65.2,94,20.4,37.1
Washoe204-Fariad,2/15/24,8.4,37,63.3,93,9.8,35.1
MEY3400-Camp Richardson,2/15/24,3.3,31,36.9,100,15.8,34.1
MEY3500-STPD Office,2/15/24,1.5,31.4,37.4,97,20.3,36
621Line-I-80 Gravel Pit,2/15/24,1.6,32.9,38.6,97,6.6,32.9
MUL1296-Markleeville,2/15/24,2,35.6,43.4,93,23.8,33.5
TPZ1261-Eastside Lane,2/15/24,6.5,39.5,45.9,88,8,39.5
MEY3300-Tolteca,2/15/24,2.3,29.2,,100,,32
TAH-5201 Lake Forest,2/15/24,0.8,31.1,36.2,95,22,33.7
Tahoe-7300 Sugar Pine Point,2/15/24,0.3,30.4,35,97,20,33.4
SMP8700-Firecamp,2/15/24,0.7,32.1,38.7,95,,32
TAH5201-Fairway,2/15/24,2.2,30.8,35.6,100,,32
TPZ1261 Cunningham,2/15/24,7,40.2,46.7,91,,32
MUL1296-Sorensens,2/15/24,2.5,28.8,,90,,32
POR32 4th Avenue,2/15/24,1.1,34.4,41.9,98,30.2,36.5
GLS7600-Walden,2/14/24,2.2,27.1,,100,32,33.5
TAH7300-DL Bliss,2/14/24,4.3,32.6,37.2,97,7.5,33.1
BKY4201-Summit,2/14/24,4.7,,,100,22.6,34
TPZ1261–Park Ranch,2/14/24,6.9,42.2,53,89,9.4,38.1
TPZ1261-Walker,2/14/24,6.6,40.6,50.5,91,15.2,36.9
Meyers3400-Uplands,2/14/24,14.1,,,100,14.2,33.8
SQV8200-Squaw Valley,2/14/24,8.3,32.1,35.5,98,40.9,32.3
CEM41-Garbage Pit Rd,2/14/24,10.4,36.2,46.3,96,9.3,38.8
CAL204-Dog Valley,2/14/24,7.1,39.2,45.8,91,8.4,38
TRK7203-Northstar Golf Course,2/14/24,7.6,32.1,38.5,96,37.8,33.6
Hobart Sub,2/14/24,2.3,30.8,37.1,100,18,34.7
SRB51-Smithneck Rd,2/14/24,8.9,36.5,44.3,96,49.3,40
STL3101 Ledge Ct.,2/14/24,5.2,32,38.5,97,6.2,33.4
7400-Glenshire,2/14/24,2.8,32.2,40.4,98,5.2,34.6
WSH201-Floriston,2/14/24,8.3,35.8,43,90,15.8,35.1
Washoe204-Fariad,2/14/24,12.6,37.8,44.9,93,8,32.8
MEY3400-Camp Richardson,2/14/24,7.3,34.1,40.2,100,16.2,34
MEY3500-STPD Office,2/14/24,2.4,34,41.6,98,16.3,36.9
621Line-I-80 Gravel Pit,2/14/24,5.3,31.7,39.7,95,6,33.1
MUL1296-Markleeville,2/14/24,5.3,37.4,45.4,96,21.7,33
TPZ1261-Eastside Lane,2/14/24,11,41.8,48.5,87,8,37.8
MEY3300-Tolteca,2/14/24,5,32.6,37.4,92,,32
TAH-5201 Lake Forest,2/14/24,1.7,31.8,38.2,97,22,33.7
Tahoe-7300 Sugar Pine Point,2/14/24,1,32.8,,100,19.8,33.4
SMP8700-Firecamp,2/14/24,1.8,30.3,38.1,94,,32
TAH5201-Fairway,2/14/24,3.9,32.3,38.6,97,,32
TPZ1261 Cunningham,2/14/24,6.3,39.9,51.4,85,,32
MUL1296-Sorensens,2/14/24,2.7,29.7,,100,,32
POR32 4th Avenue,2/14/24,1.5,32.2,42,98,25.4,36
GLS7600-Walden,2/13/24,0,27.4,50.2,66,32.3,33.6
TAH7300-DL Bliss,2/13/24,1.2,33.7,41.4,73,7.5,33.1
BKY4201-Summit,2/13/24,1.1,,,100,22.6,34
TPZ1261–Park Ranch,2/13/24,1.7,36.8,53.7,84,9.5,36.3
TPZ1261-Walker,2/13/24,5.2,37,48.8,60,14.5,36.3
Meyers3400-Uplands,2/13/24,5.5,,,100,14.2,33.9
SQV8200-Squaw Valley,2/13/24,3.5,30.5,43.5,92,40.8,32.3
CEM41-Garbage Pit Rd,2/13/24,2.2,32.6,43.5,93,8,39.3
CAL204-Dog Valley,2/13/24,2.6,36.6,50.5,76,8.3,36.9
TRK7203-Northstar Golf Course,2/13/24,2.4,26.7,43.5,95,36.6,33.7
Hobart Sub,2/13/24,1.2,28.4,44,98,17.9,34.7
SRB51-Smithneck Rd,2/13/24,4.4,34,43,88,49.6,40
STL3101 Ledge Ct.,2/13/24,2.8,34.2,43.2,69,6.6,33.4
7400-Glenshire,2/13/24,1.8,28.1,43.3,94,4.9,34.8
WSH201-Floriston,2/13/24,2.1,33.1,47.1,84,15,35.5
Washoe204-Fariad,2/13/24,5.6,35.6,47.7,81,6.3,31.9
MEY3400-Camp Richardson,2/13/24,2.2,33.1,45.4,90,15.3,34.1
MEY3500-STPD Office,2/13/24,1.1,31.3,45,88,16.7,37.5
621Line-I-80 Gravel Pit,2/13/24,1.9,28.6,45.3,93,6,33.1
MUL1296-Markleeville,2/13/24,1.1,32.1,50.5,87,21.2,33
TPZ1261-Eastside Lane,2/13/24,4.3,38.5,49.6,51,7.9,36.2
MEY3300-Tolteca,2/13/24,1.9,33.6,,75,,32
TAH-5201 Lake Forest,2/13/24,0.5,31.4,43.5,85,21.6,33.7
Tahoe-7300 Sugar Pine Point,2/13/24,0.9,31.9,43,87,19.4,33.4
SMP8700-Firecamp,2/13/24,0.8,28.2,43.9,92,,32
TAH5201-Fairway,2/13/24,1.4,31.1,41.6,100,,32
TPZ1261 Cunningham,2/13/24,3.8,33.8,51,84,,32
MUL1296-Sorensens,2/13/24,2.1,24.6,,85,,32
POR32 4th Avenue,2/13/24,0.9,30.2,44.4,97,25.5,35.8
GLS7600-Walden,2/12/24,0,31.1,71.7,93,33.2,33.6
TAH7300-DL Bliss,2/12/24,0.2,34.4,44.3,93,7.5,33.1
BKY4201-Summit,2/12/24,1,,,100,22.7,34
TPZ1261–Park Ranch,2/12/24,1.6,32.5,49,89,9.6,35.3
TPZ1261-Walker,2/12/24,2.3,33.4,45.1,74,14.2,36.1
Meyers3400-Uplands,2/12/24,2.5,,,100,12.3,33.9
SQV8200-Squaw Valley,2/12/24,0.9,28.4,54.9,92,40.4,32.3
CEM41-Garbage Pit Rd,2/12/24,2.4,33.5,48.8,92,8,39.6
CAL204-Dog Valley,2/12/24,1.9,34.4,49.6,83,8.2,36
TRK7203-Northstar Golf Course,2/12/24,0.6,26.1,50,98,36.9,33.7
Hobart Sub,2/12/24,0.7,28.6,50.2,99,17.8,34.7
SRB51-Smithneck Rd,2/12/24,3.8,34,47.7,89,49.8,39.6
STL3101 Ledge Ct.,2/12/24,0.7,33.4,44.8,91,6.2,33.4
7400-Glenshire,2/12/24,1.1,28,49.8,95,4.7,34.8
WSH201-Floriston,2/12/24,2.5,31.9,49,92,15.1,35.3
Washoe204-Fariad,2/12/24,7.7,34,47.8,92,5.3,31.2
MEY3400-Camp Richardson,2/12/24,1.1,30.7,42.2,96,14.2,34.2
MEY3500-STPD Office,2/12/24,0.4,28.9,47.8,92,17.1,37.4
621Line-I-80 Gravel Pit,2/12/24,1.4,29.5,51.4,96,6.1,33.2
MUL1296-Markleeville,2/12/24,0.1,27.6,49.9,91,20.4,33.2
TPZ1261-Eastside Lane,2/12/24,4.3,36.2,47.3,66,7.7,34
MEY3300-Tolteca,2/12/24,1.1,33,47.9,81,,32
TAH-5201 Lake Forest,2/12/24,0.1,30.9,42.4,94,21.3,33.7
Tahoe-7300 Sugar Pine Point,2/12/24,0.8,31.3,42.5,94,17.8,33.4
SMP8700-Firecamp,2/12/24,0.4,29,50.4,93,,32
TAH5201-Fairway,2/12/24,0.9,30.6,42.9,100,,32
TPZ1261 Cunningham,2/12/24,2.6,28.2,44.9,90,,32
MUL1296-Sorensens,2/12/24,1.5,22.2,,87,,32
POR32 4th Avenue,2/12/24,1.2,31.4,51.2,97,25.8,35.2
GLS7600-Walden,2/11/24,0,29.2,,100,31.6,33.5
TAH7300-DL Bliss,2/11/24,0.1,32.5,41.9,76,7.5,33.1
BKY4201-Summit,2/11/24,0.7,35.6,,100,22.6,34
TPZ1261–Park Ranch,2/11/24,3.8,28.6,40.2,83,9.9,35.5
TPZ1261-Walker,2/11/24,2.1,27.4,39.4,77,14.2,36.4
Meyers3400-Uplands,2/11/24,2.1,,,100,11.6,33.9
SQV8200-Squaw Valley,2/11/24,0.6,24,43.4,96,33.8,32.5
CEM41-Garbage Pit Rd,2/11/24,2.7,30.2,46.2,88,8.1,38.7
CAL204-Dog Valley,2/11/24,2.1,28.9,44.9,84,8.1,35.7
TRK7203-Northstar Golf Course,2/11/24,0.5,21.7,49.1,97,37.6,33.8
Hobart Sub,2/11/24,0.5,23.9,48.4,98,17.8,34.8
SRB51-Smithneck Rd,2/11/24,4.1,30.3,45.5,83,50,39.3
STL3101 Ledge Ct.,2/11/24,0.4,31.3,42,77,4.8,33.4
7400-Glenshire,2/11/24,0.8,23.5,48.5,95,4.7,35
WSH201-Floriston,2/11/24,2.7,27.4,45.5,86,15.3,33.8
Washoe204-Fariad,2/11/24,4.4,28.9,42.7,89,3.3,30.6
MEY3400-Camp Richardson,2/11/24,1.1,27.7,43.8,90,13.8,34.3
MEY3500-STPD Office,2/11/24,0.4,26.5,45.6,91,17.5,36.5
621Line-I-80 Gravel Pit,2/11/24,0.8,24.4,51.5,94,5.9,33.3
MUL1296-Markleeville,2/11/24,0.2,21.9,42,89,20.3,33.3
TPZ1261-Eastside Lane,2/11/24,4.8,29.3,40.4,65,7.5,33.3
MEY3300-Tolteca,2/11/24,0.7,30.9,47,76,,32
TAH-5201 Lake Forest,2/11/24,0.2,27.6,42.6,91,21.2,33.7
Tahoe-7300 Sugar Pine Point,2/11/24,0.7,28.5,41.8,82,16.3,33.4
SMP8700-Firecamp,2/11/24,0.3,25.1,47.9,93,,32
TAH5201-Fairway,2/11/24,0.4,26.8,40.2,96,,32
TPZ1261 Cunningham,2/11/24,2.4,24.2,37.7,89,,32
MUL1296-Sorensens,2/11/24,2,19.2,,92,,32
POR32 4th Avenue,2/11/24,1.2,28.4,48.2,95,26.2,34.6
TAH7300-DL Bliss,2/10/24,1.4,25.6,33.4,76,7.5,33.1
TPZ1261–Park Ranch,2/10/24,5,29.3,40,84,9.6,36.6
TPZ1261-Walker,2/10/24,2,25.3,31.4,79,14.3,36.9
Meyers3400-Uplands,2/10/24,5.7,,,100,11.8,34
SQV8200-Squaw Valley,2/10/24,1.7,21,33.9,92,28.1,32.5
CEM41-Garbage Pit Rd,2/10/24,6.8,27.9,38.4,85,8.1,38.6
CAL204-Dog Valley,2/10/24,3.8,27.4,38.5,82,8.1,36.5
TRK7203-Northstar Golf Course,2/10/24,1.2,19.5,35,94,39.2,34.1
Hobart Sub,2/10/24,1,23.9,36.7,96,17.8,35
SRB51-Smithneck Rd,2/10/24,4,26.8,39.7,87,50,39.4
STL3101 Ledge Ct.,2/10/24,1.9,24.4,35,83,4.7,33.4
7400-Glenshire,2/10/24,1.8,21.5,35.2,92,4.7,35.1
WSH201-Floriston,2/10/24,2.5,26.4,36.2,83,16.2,34.4
Washoe204-Fariad,2/10/24,8.5,28.8,36.4,84,4.5,31.5
MEY3400-Camp Richardson,2/10/24,2.7,26.2,35.4,75,13.8,34.5
MEY3500-STPD Office,2/10/24,1.8,25.9,39,88,17.8,35.5
621Line-I-80 Gravel Pit,2/10/24,2.7,22.9,36.5,91,5.9,33.6
MUL1296-Markleeville,2/10/24,0.1,20.3,35.8,91,20.9,33.5
TPZ1261-Eastside Lane,2/10/24,5.6,25.9,35.4,77,7.9,34.1
MEY3300-Tolteca,2/10/24,2.3,24.6,34,79,,32
TAH-5201 Lake Forest,2/10/24,0.5,23.9,33.4,85,21.3,33.7
Tahoe-7300 Sugar Pine Point,2/10/24,1,26.1,34,79,16.4,33.4
SMP8700-Firecamp,2/10/24,0.8,25,36.1,88,,32
TAH5201-Fairway,2/10/24,2,24.1,33.2,95,,32
TPZ1261 Cunningham,2/10/24,3.7,25.9,33.5,82,,32
MUL1296-Sorensens,2/10/24,1.2,18.4,,88,,32
POR32 4th Avenue,2/10/24,2.6,28.1,38.4,89,27,35.1
GLS7600-Walden,2/9/24,0,18.9,,100,31.6,33.4
TAH7300-DL Bliss,2/9/24,1.8,25.6,31.4,84,7.5,33
TPZ1261–Park Ranch,2/9/24,5.5,31.9,40.6,82,9.7,36.5
TPZ1261-Walker,2/9/24,3.1,28.8,39.9,89,14.2,37.1
Meyers3400-Uplands,2/9/24,4.6,,,100,12.1,34.2
SQV8200-Squaw Valley,2/9/24,2.9,22.5,32.5,93,29.5,32.5
CEM41-Garbage Pit Rd,2/9/24,4.9,29.8,36.2,92,8.2,39.2
CAL204-Dog Valley,2/9/24,3.4,30.8,39.7,84,8.1,37.4
TRK7203-Northstar Golf Course,2/9/24,2.3,24.2,37.8,95,43.7,34.4
Hobart Sub,2/9/24,0.9,24.5,36.6,97,18,35
SRB51-Smithneck Rd,2/9/24,4.3,28.4,35.6,93,50,39.8
STL3101 Ledge Ct.,2/9/24,2,24.2,31.3,91,4.8,33.4
7400-Glenshire,2/9/24,1.6,24.7,35.3,95,4.7,35.2
WSH201-Floriston,2/9/24,3.2,28.6,37.6,86,17.6,34.4
Washoe204-Fariad,2/9/24,6.4,30.1,38.3,87,7.7,32.9
MEY3400-Camp Richardson,2/9/24,2,26.2,35.5,92,14,34.6
MEY3500-STPD Office,2/9/24,1.5,24.4,35.1,90,19.2,34.9
621Line-I-80 Gravel Pit,2/9/24,2.1,25.9,37,92,5.9,33.9
MUL1296-Markleeville,2/9/24,0.3,27.9,39.5,89,20.8,33.6
TPZ1261-Eastside Lane,2/9/24,6.2,28.4,36.9,91,8,34.4
MEY3300-Tolteca,2/9/24,2.5,24.6,34,83,,32
TAH-5201 Lake Forest,2/9/24,0.4,25,34.6,91,21.4,33.7
Tahoe-7300 Sugar Pine Point,2/9/24,0.9,25.7,35.3,85,16.9,33.4
SMP8700-Firecamp,2/9/24,0.6,25.4,36.1,93,,32
TAH5201-Fairway,2/9/24,2.3,24.6,33.9,93,,32
TPZ1261 Cunningham,2/9/24,5.1,28.9,38.4,93,,32
MUL1296-Sorensens,2/9/24,2.5,18.6,,95,,32
POR32 4th Avenue,2/9/24,1.4,29.9,37.7,97,27.6,35.9
GLS7600-Walden,2/8/24,0,22,,100,31.3,33.4
TAH7300-DL Bliss,2/8/24,1.7,26,32,88,7.5,33
TPZ1261–Park Ranch,2/8/24,3.7,32.1,37.1,97,9.2,36.3
TPZ1261-Walker,2/8/24,1.7,29.5,36.9,98,13.9,37.5
Meyers3400-Uplands,2/8/24,3.1,,,100,12.2,34.2
SQV8200-Squaw Valley,2/8/24,1.7,23.9,33.2,93,32.7,32.5
CEM41-Garbage Pit Rd,2/8/24,2.2,27.4,34,97,8.3,39
CAL204-Dog Valley,2/8/24,2,30.1,34.8,85,8.1,37.9
TRK7203-Northstar Golf Course,2/8/24,2.1,26.2,37.8,96,43.9,34.4
Hobart Sub,2/8/24,0.5,25.4,34.1,98,18.1,35.1
SRB51-Smithneck Rd,2/8/24,2.6,26.9,33.7,100,50,39.9
STL3101 Ledge Ct.,2/8/24,0.9,24.7,30.8,86,4.9,33.5
7400-Glenshire,2/8/24,1.2,25.7,35.1,96,4.7,35.2
WSH201-Floriston,2/8/24,1.3,29.1,37,92,19.2,34.6
Washoe204-Fariad,2/8/24,3.6,29.6,34.1,94,7.7,32.8
MEY3400-Camp Richardson,2/8/24,1.6,27.8,35.7,96,14.2,34.7
MEY3500-STPD Office,2/8/24,0.9,27.1,35.4,94,20.7,35.2
621Line-I-80 Gravel Pit,2/8/24,1.4,26.8,36.9,94,5.9,34
MUL1296-Markleeville,2/8/24,0.1,29.2,37.8,95,21,33.8
TPZ1261-Eastside Lane,2/8/24,1.8,29,33.7,98,7.9,34.6
MEY3300-Tolteca,2/8/24,1.7,24.9,33.4,90,,32
TAH-5201 Lake Forest,2/8/24,0.3,25.1,33.8,93,21.4,33.7
Tahoe-7300 Sugar Pine Point,2/8/24,0.6,25.8,35.2,92,17.1,33.4
SMP8700-Firecamp,2/8/24,0.4,25.6,34.8,93,,32
TAH5201-Fairway,2/8/24,1.8,24.5,33.3,95,,32
TPZ1261 Cunningham,2/8/24,2.7,29.6,36.3,95,,32
MUL1296-Sorensens,2/8/24,1.3,22.3,,91,,32
POR32 4th Avenue,2/8/24,1.1,27.8,33.9,98,27.2,35.5
GLS7600-Walden,2/7/24,0,24.4,,100,31.1,33.3
TAH7300-DL Bliss,2/7/24,2.5,25.9,30.7,94,7.5,33
TPZ1261–Park Ranch,2/7/24,4.9,34.4,44.7,96,8.6,36.4
TPZ1261-Walker,2/7/24,6.4,32,42,97,13.3,37.8
Meyers3400-Uplands,2/7/24,6.2,,,100,12.4,34.2
SQV8200-Squaw Valley,2/7/24,3.7,25.8,29.6,94,37.7,32.5
CEM41-Garbage Pit Rd,2/7/24,4.8,32.7,39.1,96,8.4,39.4
CAL204-Dog Valley,2/7/24,2.9,34.1,40.1,95,8.1,38.2
TRK7203-Northstar Golf Course,2/7/24,2.5,27.1,34.1,97,43.7,34.4
Hobart Sub,2/7/24,1,27,33.8,98,18.2,35.1
SRB51-Smithneck Rd,2/7/24,4.7,31.6,37.1,98,49.9,40
STL3101 Ledge Ct.,2/7/24,3.5,25.7,33.3,94,5,33.5
7400-Glenshire,2/7/24,2,28.1,33.8,97,4.8,35.3
WSH201-Floriston,2/7/24,3.7,32.6,37.1,91,19.6,33.9
Washoe204-Fariad,2/7/24,7.3,33.5,61.2,94,8.9,33.4
MEY3400-Camp Richardson,2/7/24,2.7,27.1,32.7,95,14.4,34.7
MEY3500-STPD Office,2/7/24,1.5,27.1,34.7,95,20.8,35.1
621Line-I-80 Gravel Pit,2/7/24,2.7,28.6,35,96,5.9,34.2
MUL1296-Markleeville,2/7/24,2.2,27.8,36.8,95,19,34.1
TPZ1261-Eastside Lane,2/7/24,8.3,32.6,39.4,98,7.5,34.7
MEY3300-Tolteca,2/7/24,3,25.9,29.1,89,,32
TAH-5201 Lake Forest,2/7/24,0.7,26.2,30.6,94,21.3,33.6
Tahoe-7300 Sugar Pine Point,2/7/24,0.7,27.3,34.4,93,16.8,33.4
SMP8700-Firecamp,2/7/24,0.9,28.3,33.9,94,,32
TAH5201-Fairway,2/7/24,1.7,26.6,31.5,100,,32
TPZ1261 Cunningham,2/7/24,5.7,32.6,43.5,95,,32
MUL1296-Sorensens,2/7/24,1.4,23.4,,90,,32
POR32 4th Avenue,2/7/24,0.7,31.6,36.1,99,28.1,35.6
GLS7600-Walden,2/6/24,0,17.6,,100,31,33.3
TAH7300-DL Bliss,2/6/24,0.3,28.1,31.3,95,7.5,33
TPZ1261–Park Ranch,2/6/24,2.9,35.2,42,97,7.9,36.7
TPZ1261-Walker,2/6/24,1.7,32.1,37.4,96,12.5,38.4
Meyers3400-Uplands,2/6/24,2.7,,,100,12.4,34.2
SQV8200-Squaw Valley,2/6/24,0.8,29,35.9,97,38.6,32.6
CEM41-Garbage Pit Rd,2/6/24,0.8,31.3,37.7,97,8.7,39.2
CAL204-Dog Valley,2/6/24,1.5,33.8,40.1,91,8.1,38.1
TRK7203-Northstar Golf Course,2/6/24,1,29.1,36.2,97,43.3,34.4
Hobart Sub,2/6/24,0.2,29.9,38.3,100,18.2,35.2
SRB51-Smithneck Rd,2/6/24,1.5,30.4,36.5,98,49.7,39.7
STL3101 Ledge Ct.,2/6/24,0.6,28.3,32,94,5.2,33.5
7400-Glenshire,2/6/24,0.9,30.2,39.1,98,4.8,35.5
WSH201-Floriston,2/6/24,0.6,32.3,39.2,95,19.6,33.7
Washoe204-Fariad,2/6/24,2.2,33.4,38.9,96,9,33.1
MEY3400-Camp Richardson,2/6/24,1,28.8,36.5,98,14.5,34.8
MEY3500-STPD Office,2/6/24,0.4,29.7,36.1,96,23.3,35.6
621Line-I-80 Gravel Pit,2/6/24,0.8,31,39.7,96,6,34.3
MUL1296-Markleeville,2/6/24,0,30,37.1,97,19.8,34.3
TPZ1261-Eastside Lane,2/6/24,1.4,32.5,36.5,91,7.5,35.3
MEY3300-Tolteca,2/6/24,0.8,27.7,34.2,92,,32
TAH-5201 Lake Forest,2/6/24,0.1,29.6,35.5,96,21.2,33.6
Tahoe-7300 Sugar Pine Point,2/6/24,0.2,28.9,35.7,96,18.1,33.4
SMP8700-Firecamp,2/6/24,0.2,29.9,38,95,,32
TAH5201-Fairway,2/6/24,1.5,29.7,36.5,96,,32
TPZ1261 Cunningham,2/6/24,2.1,32,38.3,94,,32
MUL1296-Sorensens,2/6/24,0.4,25.2,,90,,32
POR32 4th Avenue,2/6/24,0.9,31.9,38,99,28.1,35.9
GLS7600-Walden,2/5/24,0,11.3,19.1,32,30.7,33.3
TAH7300-DL Bliss,2/5/24,4,30.2,34.7,96,7.5,33
TPZ1261–Park Ranch,2/5/24,5.9,40.2,47.2,92,5.6,36.2
TPZ1261-Walker,2/5/24,12.5,37.3,42.5,95,11.3,39.1
Meyers3400-Uplands,2/5/24,13.5,,,100,12.4,34.2
SQV8200-Squaw Valley,2/5/24,4.2,30.9,34.2,97,35.5,32.7
CEM41-Garbage Pit Rd,2/5/24,4.3,34,38.6,97,10.6,38.8
CAL204-Dog Valley,2/5/24,5.1,37.6,44.4,96,8,37.8
TRK7203-Northstar Golf Course,2/5/24,7.9,32.6,38.4,99,42.8,34.3
Hobart Sub,2/5/24,1.4,31.7,37.4,100,17.9,35.5
SRB51-Smithneck Rd,2/5/24,5,33.8,37.9,98,48.4,39
STL3101 Ledge Ct.,2/5/24,3.4,30.3,37.4,93,5.2,33.5
7400-Glenshire,2/5/24,2.5,33.2,40.1,98,4.6,35.8
WSH201-Floriston,2/5/24,3.3,35.8,59.9,94,20.2,33.9
Washoe204-Fariad,2/5/24,8.5,36.9,43,95,10.5,32.8
MEY3400-Camp Richardson,2/5/24,4.9,32.7,38.1,98,14.7,34.8
MEY3500-STPD Office,2/5/24,2.2,32.9,40,97,25.2,35.7
621Line-I-80 Gravel Pit,2/5/24,3.7,33.7,39.6,96,6.3,34.4
MUL1296-Markleeville,2/5/24,2.2,34.3,41.6,97,19.3,34.9
TPZ1261-Eastside Lane,2/5/24,7.8,37.9,42.4,89,7,35.6
MEY3300-Tolteca,2/5/24,3.8,31.1,36.4,92,,32
TAH-5201 Lake Forest,2/5/24,1.8,31.7,36.7,98,20.2,33.6
Tahoe-7300 Sugar Pine Point,2/5/24,1,31.9,38.9,97,18.4,33.4
SMP8700-Firecamp,2/5/24,0.9,31.8,37.2,94,,32
TAH5201-Fairway,2/5/24,3.4,31.5,36.2,98,,32
TPZ1261 Cunningham,2/5/24,9.3,38.4,44.5,90,,32
MUL1296-Sorensens,2/5/24,1.6,29.8,,90,,32
POR32 4th Avenue,2/5/24,1,33,40.5,99,26.1,36.4
GLS7600-Walden,2/4/24,9,9.7,,100,30.8,33.1
TAH7300-DL Bliss,2/4/24,4.6,29.4,36.1,97,7.5,33
TPZ1261–Park Ranch,2/4/24,3,32.8,41.4,98,4.1,37.7
TPZ1261-Walker,2/4/24,0.4,28.9,41.6,98,10.9,40.4
Meyers3400-Uplands,2/4/24,15,,,100,12.6,34.3
SQV8200-Squaw Valley,2/4/24,4.4,31.7,39.7,97,38.3,32.8
CEM41-Garbage Pit Rd,2/4/24,7.7,33.6,42.8,97,7.8,40.6
CAL204-Dog Valley,2/4/24,4.5,31.5,39.4,98,7.9,38.2
TRK7203-Northstar Golf Course,2/4/24,4.5,29.9,39.8,98,38.8,35
Hobart Sub,2/4/24,1.1,29.2,37.9,98,17.8,35.7
SRB51-Smithneck Rd,2/4/24,7.4,32.8,42.4,96,33.2,40.8
STL3101 Ledge Ct.,2/4/24,2,28.5,35.6,96,5.1,33.5
7400-Glenshire,2/4/24,1.8,29.7,39.4,96,4.4,36.1
WSH201-Floriston,2/4/24,4.3,30,39.7,98,16.5,34.9
Washoe204-Fariad,2/4/24,9.6,30.5,42.2,100,5.3,32.6
MEY3400-Camp Richardson,2/4/24,2.7,31.6,39.3,99,14.3,35
MEY3500-STPD Office,2/4/24,1.5,31.1,38.5,97,21.7,36.7
621Line-I-80 Gravel Pit,2/4/24,2.4,30.3,41,96,5.6,35.4
MUL1296-Markleeville,2/4/24,3.1,33.2,40.8,94,17.3,35.7
TPZ1261-Eastside Lane,2/4/24,0.7,28.7,40.9,98,6.1,36.9
MEY3300-Tolteca,2/4/24,5.1,30.2,38,93,,32
TAH-5201 Lake Forest,2/4/24,1.6,31.2,38.4,98,20,33.6
Tahoe-7300 Sugar Pine Point,2/4/24,1.3,30.9,37.2,98,16.4,33.5
SMP8700-Firecamp,2/4/24,0.8,29,36.8,92,,32
TAH5201-Fairway,2/4/24,3,31.3,38,98,,32
TPZ1261 Cunningham,2/4/24,1.8,29.8,39.4,95,,32
MUL1296-Sorensens,2/4/24,1.1,25.4,,93,,32
POR32 4th Avenue,2/4/24,5.7,31.7,41.9,99,21.7,38.1
GLS7600-Walden,2/3/24,0,23.1,,100,31.5,33.1
TAH7300-DL Bliss,2/3/24,1.4,24.6,29.2,90,7.5,33
TPZ1261–Park Ranch,2/3/24,1.6,35.4,43.6,77,4,39.1
TPZ1261-Walker,2/3/24,2.3,31.9,39.8,77,11,41.5
Meyers3400-Uplands,2/3/24,4.5,,,100,13.1,34.4
SQV8200-Squaw Valley,2/3/24,2.6,24,31.2,92,39.7,33
CEM41-Garbage Pit Rd,2/3/24,3.8,29.1,37.3,81,7.2,42.2
CAL204-Dog Valley,2/3/24,3.7,31.8,40,89,8,39.4
TRK7203-Northstar Golf Course,2/3/24,1.5,21.9,33.4,95,38.1,35.9
Hobart Sub,2/3/24,0.5,23.4,35.2,97,17.8,36.3
SRB51-Smithneck Rd,2/3/24,4.3,27.9,35.2,80,31.9,42.6
STL3101 Ledge Ct.,2/3/24,2.6,24.4,31.9,85,5.2,33.6
7400-Glenshire,2/3/24,1.1,22.2,34.4,95,4.4,36.9
WSH201-Floriston,2/3/24,1,26.8,37.1,88,16.9,37.4
Washoe204-Fariad,2/3/24,5.2,29.6,37.4,92,6.2,33.1
MEY3400-Camp Richardson,2/3/24,2.1,26.7,33.3,87,14.3,35.4
MEY3500-STPD Office,2/3/24,0.9,26.9,34.6,89,17.2,37.8
621Line-I-80 Gravel Pit,2/3/24,1.3,23.3,35.4,95,5.7,37
MUL1296-Markleeville,2/3/24,1.6,31,39.6,87,14.4,37.1
TPZ1261-Eastside Lane,2/3/24,2.6,31.7,38.8,71,6.1,38.9
MEY3300-Tolteca,2/3/24,1.7,25.4,30.9,84,,32
TAH-5201 Lake Forest,2/3/24,0.2,24.7,33.1,89,20.4,33.6
Tahoe-7300 Sugar Pine Point,2/3/24,0.4,24.7,32.2,93,17.1,33.6
SMP8700-Firecamp,2/3/24,0.6,24.2,35.7,92,,32
TAH5201-Fairway,2/3/24,1.6,24.8,31.5,96,,32
TPZ1261 Cunningham,2/3/24,4.4,33.4,40.9,77,,32
MUL1296-Sorensens,2/3/24,0.7,23.3,,85,,32
POR32 4th Avenue,2/3/24,1,28.3,38.2,96,21.6,40.2
GLS7600-Walden,2/2/24,0,20.4,,100,32.4,33.2
TAH7300-DL Bliss,2/2/24,2,25.6,30.7,95,7.6,33
BKY4201-Summit,2/2/24,1.8,,,100,,33.1
TPZ1261–Park Ranch,2/2/24,4.4,38.8,46.6,76,4.2,41.7
TPZ1261-Walker,2/2/24,4.9,33.9,43.2,80,11.1,42.9
Meyers3400-Uplands,2/2/24,6.3,,,100,14.1,34.6
SQV8200-Squaw Valley,2/2/24,3.2,26.9,31.3,94,41.8,33.4
CEM41-Garbage Pit Rd,2/2/24,5.7,32.8,41.7,94,7.3,43.4
CAL204-Dog Valley,2/2/24,4.1,34.8,43,89,8,41.5
TRK7203-Northstar Golf Course,2/2/24,3.1,27.7,36.3,97,36.9,37.3
Hobart Sub,2/2/24,1.7,28.3,36.6,97,18,37.1
SRB51-Smithneck Rd,2/2/24,4.4,32.4,40.8,92,32.2,44.2
STL3101 Ledge Ct.,2/2/24,5.2,25.4,32.5,94,5.6,34
7400-Glenshire,2/2/24,2.2,28,36.9,96,4.4,37.9
WSH201-Floriston,2/2/24,3.7,32,62.8,88,16.4,38.9
Washoe204-Fariad,2/2/24,8.6,33.5,58,92,6.6,35.4
MEY3400-Camp Richardson,2/2/24,2.8,28.2,35.3,97,14.3,35.9
MEY3500-STPD Office,2/2/24,1.4,28.3,35.2,93,16.4,38.5
621Line-I-80 Gravel Pit,2/2/24,3.8,29,37.2,95,5.5,38.7
MUL1296-Markleeville,2/2/24,3.3,33,38.8,89,14.9,38.2
TPZ1261-Eastside Lane,2/2/24,4.6,34.6,42.4,73,6.2,40.8
MEY3300-Tolteca,2/2/24,2.8,26.4,30.7,89,,32
TAH-5201 Lake Forest,2/2/24,0.6,27.1,32.2,94,21,33.7
Tahoe-7300 Sugar Pine Point,2/2/24,0.6,26.6,33.7,95,17.6,33.9
SMP8700-Firecamp,2/2/24,1.3,28.6,37.6,94,,32
TAH5201-Fairway,2/2/24,1.8,26.9,31.8,94,,32
TPZ1261 Cunningham,2/2/24,7.3,35.8,43.7,77,,32
MUL1296-Sorensens,2/2/24,1.9,25,,89,,32
POR32 4th Avenue,2/2/24,1.3,30.6,39.5,98,21.6,41.1
GLS7600-Walden,2/1/24,0,25.2,,100,34,33.4
TAH7300-DL Bliss,2/1/24,2.5,31.1,37.9,96,7.9,33.2
BKY4201-Summit,2/1/24,0,,,100,,33.1
TPZ1261–Park Ranch,2/1/24,6.1,43.2,49.1,90,4.9,45.2
TPZ1261-Walker,2/1/24,5.6,38.7,45.8,95,10.6,45.3
Meyers3400-Uplands,2/1/24,7.9,,,100,14.3,35.5
SQV8200-Squaw Valley,2/1/24,3.2,31.7,37,96,41.8,34.3
CEM41-Garbage Pit Rd,2/1/24,5.2,37.8,43.2,88,7.3,44.9
CAL204-Dog Valley,2/1/24,3,39.3,44,94,8,43.7
TRK7203-Northstar Golf Course,2/1/24,3.3,33.2,38.8,97,41.9,39.2
Hobart Sub,2/1/24,1.2,32.9,39.4,100,18.2,38.2
SRB51-Smithneck Rd,2/1/24,4.8,37,42.4,88,32.3,45.2
STL3101 Ledge Ct.,2/1/24,3.5,31.5,40.1,96,5.9,35.6
7400-Glenshire,2/1/24,2.5,33,38.2,98,4.5,39.2
WSH201-Floriston,2/1/24,1.4,36.8,41.5,93,16.2,42.3
Washoe204-Fariad,2/1/24,6.1,38.1,41.9,95,7.4,39.6
MEY3400-Camp Richardson,2/1/24,2.1,33.6,41.5,98,13.8,37.2
MEY3500-STPD Office,2/1/24,1.2,33.6,42.4,97,15.7,40.3
621Line-I-80 Gravel Pit,2/1/24,2.7,34.4,39.4,95,5.6,40.6
MUL1296-Markleeville,2/1/24,1.4,37,44.3,96,16.6,41.8
TPZ1261-Eastside Lane,2/1/24,5.2,38.8,46.4,94,5.9,45.2
MEY3300-Tolteca,2/1/24,2.7,31.6,,100,,32
TAH-5201 Lake Forest,2/1/24,0.4,32.2,37.2,96,23.9,34
Tahoe-7300 Sugar Pine Point,2/1/24,0.6,32,39.9,96,19.5,35.7
SMP8700-Firecamp,2/1/24,0.9,33.2,39.7,94,,32
TAH5201-Fairway,2/1/24,1.8,32.1,37.2,95,,32
TPZ1261 Cunningham,2/1/24,5.5,40.3,47,89,,32
MUL1296-Sorensens,2/1/24,0.9,30.4,,92,,32
POR32 4th Avenue,2/1/24,1.7,36.1,43.1,97,21.8,43.7
GLS7600-Walden,1/31/24,1.5,-33.9,,94,36,33.7
TAH7300-DL Bliss,1/31/24,7.5,41.8,46.7,84,7.7,33.6
BKY4201-Summit,1/31/24,1.3,,,100,,33.1
TPZ1261–Park Ranch,1/31/24,13.2,52.2,64,70,4.9,45.4
TPZ1261-Walker,1/31/24,16.1,52.7,60.4,65,10.3,46.5
Meyers3400-Uplands,1/31/24,19.2,,,100,14.2,36.3
SQV8200-Squaw Valley,1/31/24,7,41.9,48.5,93,41.7,36.5
CEM41-Garbage Pit Rd,1/31/24,9.8,48.1,55,79,7.4,46.1
CAL204-Dog Valley,1/31/24,4.6,50.1,56.6,82,8,43.9
TRK7203-Northstar Golf Course,1/31/24,9.9,44.6,51.2,88,33.5,40
Hobart Sub,1/31/24,4.5,43.1,50.9,98,17.6,38.1
SRB51-Smithneck Rd,1/31/24,8.5,46.3,54.3,84,32.4,45.8
STL3101 Ledge Ct.,1/31/24,3.6,42.6,48.2,69,6.2,37
7400-Glenshire,1/31/24,4.6,44.5,51.1,94,4.1,38.5
WSH201-Floriston,1/31/24,4.7,46,54.2,87,13.5,42.5
Washoe204-Fariad,1/31/24,9.6,49.3,55,86,5.7,43.2
MEY3400-Camp Richardson,1/31/24,4.6,44.1,49.5,81,13.6,37
MEY3500-STPD Office,1/31/24,3,44.4,50.8,70,15.4,41
621Line-I-80 Gravel Pit,1/31/24,7.2,43.5,52.6,91,5,40.2
MUL1296-Markleeville,1/31/24,3.4,48.4,55.8,67,11.7,42.5
TPZ1261-Eastside Lane,1/31/24,8.5,52.4,60.1,56,5.6,50.7
MEY3300-Tolteca,1/31/24,6.3,42.7,,81,,32
TAH-5201 Lake Forest,1/31/24,2.2,41.6,47.6,95,23.4,34
Tahoe-7300 Sugar Pine Point,1/31/24,1.5,42.7,48.3,90,17.7,35.9
SMP8700-Firecamp,1/31/24,2.2,40.3,51.3,94,,32
TAH5201-Fairway,1/31/24,4.3,41.9,47.5,96,,32
TPZ1261 Cunningham,1/31/24,13.7,49.8,61.2,65,,32
MUL1296-Sorensens,1/31/24,2.5,41.2,,88,,32
POR32 4th Avenue,1/31/24,4,46.2,53.4,96,22.1,44.5
GLS7600-Walden,1/30/24,4.8,7.5,16.1,30,34.4,33.6
TAH7300-DL Bliss,1/30/24,1.9,43.7,52.3,84,7.7,33.1
BKY4201-Summit,1/30/24,2.2,39.2,,100,,33.1
TPZ1261–Park Ranch,1/30/24,2.1,45.5,65.4,90,4.9,45.1
TPZ1261-Walker,1/30/24,2.9,48.2,59.9,74,10.3,45.9
Meyers3400-Uplands,1/30/24,6.3,,,100,15.1,35.9
SQV8200-Squaw Valley,1/30/24,2.7,40.4,53.8,97,41.7,36.9
CEM41-Garbage Pit Rd,1/30/24,4.5,45.7,61.6,93,7.4,46.5
CAL204-Dog Valley,1/30/24,2.1,45.9,60.5,89,8,42.9
TRK7203-Northstar Golf Course,1/30/24,2.3,38.5,57.8,97,33.6,39.5
Hobart Sub,1/30/24,1,38.4,57.8,99,17.8,37.8
SRB51-Smithneck Rd,1/30/24,4.5,45.6,61,93,32.5,45.8
STL3101 Ledge Ct.,1/30/24,0.9,43.5,51.2,78,7.1,37.3
7400-Glenshire,1/30/24,1.3,38.3,57.8,97,4,38
WSH201-Floriston,1/30/24,3.2,42.5,60.1,85,13.7,42.7
Washoe204-Fariad,1/30/24,5.6,45.5,61.1,86,5.9,39.6
MEY3400-Camp Richardson,1/30/24,0.9,39.4,51.4,100,14,36.1
MEY3500-STPD Office,1/30/24,0.6,38,55,97,15.8,41.4
621Line-I-80 Gravel Pit,1/30/24,2.1,38.4,58.7,95,5,40.3
MUL1296-Markleeville,1/30/24,1.3,43.8,62.2,95,11.9,40.6
TPZ1261-Eastside Lane,1/30/24,4.9,50.4,60.3,64,5.6,50.3
MEY3300-Tolteca,1/30/24,2.1,42.9,60.8,83,,32
TAH-5201 Lake Forest,1/30/24,0.2,39.7,52.8,95,22.8,33.7
Tahoe-7300 Sugar Pine Point,1/30/24,0.6,39.6,51.5,96,18.3,36.3
SMP8700-Firecamp,1/30/24,0.7,37.8,58.7,94,,32
TAH5201-Fairway,1/30/24,0.9,39.3,49,96,,32
TPZ1261 Cunningham,1/30/24,2.4,42.7,62.2,89,,32
MUL1296-Sorensens,1/30/24,2.1,36.6,55.5,88,,32
POR32 4th Avenue,1/30/24,1.6,42.3,61.3,98,22.4,44.4
GLS7600-Walden,1/29/24,0,7.2,16.9,30,34.3,33.4
TAH7300-DL Bliss,1/29/24,0.6,44.8,53.6,78,7.5,32.9
BKY4201-Summit,1/29/24,0.4,,,100,,33.1
TPZ1261–Park Ranch,1/29/24,3.4,45.8,62.9,92,4.9,45.8
TPZ1261-Walker,1/29/24,2.4,46.3,59.6,78,10.4,46
Meyers3400-Uplands,1/29/24,1.8,,,100,15.6,35
SQV8200-Squaw Valley,1/29/24,0.9,36.6,59.4,97,41.7,36.3
CEM41-Garbage Pit Rd,1/29/24,2.1,46.4,64.6,89,7.4,46.6
CAL204-Dog Valley,1/29/24,1.4,43.5,61.5,95,8,42.8
TRK7203-Northstar Golf Course,1/29/24,1.6,37.2,62.9,98,34.2,39.7
Hobart Sub,1/29/24,0.6,37.8,63.1,100,18.2,37.6
SRB51-Smithneck Rd,1/29/24,4.4,46.4,63.6,85,32.6,45.7
STL3101 Ledge Ct.,1/29/24,0.5,43.3,54.1,80,7.4,36
7400-Glenshire,1/29/24,1.2,37.3,62.6,97,4.1,38.2
WSH201-Floriston,1/29/24,1.8,40.6,59.6,91,14.1,42.9
Washoe204-Fariad,1/29/24,2.9,42,59.6,94,5.9,38
MEY3400-Camp Richardson,1/29/24,1.1,36.6,52,100,14.6,35.8
MEY3500-STPD Office,1/29/24,0.4,35.8,55.9,98,16.2,41
621Line-I-80 Gravel Pit,1/29/24,1,38,64,96,5.1,40.5
MUL1296-Markleeville,1/29/24,0.3,39.1,60.5,96,12.1,40.8
TPZ1261-Eastside Lane,1/29/24,4.9,48.6,59.3,68,5.6,50.8
MEY3300-Tolteca,1/29/24,0.7,42.4,59,83,,32
TAH-5201 Lake Forest,1/29/24,0.1,38.1,53.2,95,22.8,33.6
Tahoe-7300 Sugar Pine Point,1/29/24,0.5,38.4,50,97,18.5,35.8
SMP8700-Firecamp,1/29/24,0.4,37.8,64.4,95,,32
TAH5201-Fairway,1/29/24,0.5,36.6,49.4,97,,32
TPZ1261 Cunningham,1/29/24,2.3,42.4,60.6,90,,32
MUL1296-Sorensens,1/29/24,2.1,33.4,,90,,32
POR32 4th Avenue,1/29/24,1,43.2,65.8,98,22.7,44.5
GLS7600-Walden,1/28/24,0,9.3,16.2,29,34.4,33.2
TAH7300-DL Bliss,1/28/24,0.5,43,51.3,91,7.5,32.8
BKY4201-Summit,1/28/24,0,-38.5,,100,,33.1
TPZ1261–Park Ranch,1/28/24,3.2,50.6,67.7,90,4.9,45.3
TPZ1261-Walker,1/28/24,3.7,49.6,65.8,81,10.5,45.1
Meyers3400-Uplands,1/28/24,1.9,,,100,16.6,34.4
SQV8200-Squaw Valley,1/28/24,0.8,38.1,55.6,97,41.6,35.1
CEM41-Garbage Pit Rd,1/28/24,4,50.3,67,92,7.5,45.8
CAL204-Dog Valley,1/28/24,1.5,47.1,63.5,88,8,43
TRK7203-Northstar Golf Course,1/28/24,2,40.5,62.7,97,35.1,39.8
Hobart Sub,1/28/24,0.4,41,64.2,100,18.6,37.2
SRB51-Smithneck Rd,1/28/24,4.7,51.2,66.4,89,32.6,44.5
STL3101 Ledge Ct.,1/28/24,0.7,43.1,50.6,93,7.9,35
7400-Glenshire,1/28/24,1.3,40.6,63,98,4.1,38.5
WSH201-Floriston,1/28/24,1.5,44.8,66.3,88,14.6,44.1
Washoe204-Fariad,1/28/24,4.5,46.5,62.7,88,6.1,41.3
MEY3400-Camp Richardson,1/28/24,0.8,38.3,50.6,100,15.4,35.5
MEY3500-STPD Office,1/28/24,0.4,37.6,53.7,98,16.8,40.2
621Line-I-80 Gravel Pit,1/28/24,1.4,41.8,65.8,96,5.2,40.4
MUL1296-Markleeville,1/28/24,0,43.8,65.4,94,13,42
TPZ1261-Eastside Lane,1/28/24,5.5,51.7,64.8,68,5.7,50.4
MEY3300-Tolteca,1/28/24,0.6,42.2,55.9,91,,32
TAH-5201 Lake Forest,1/28/24,0.1,38.8,51.4,96,22.9,33.6
Tahoe-7300 Sugar Pine Point,1/28/24,0.4,38.6,,100,18.9,35.3
SMP8700-Firecamp,1/28/24,0.5,40.7,64.2,95,,32
TAH5201-Fairway,1/28/24,0.5,37.6,46.5,96,,32
TPZ1261 Cunningham,1/28/24,2.9,47,66.6,87,,32
MUL1296-Sorensens,1/28/24,1.8,36.9,,89,,32
POR32 4th Avenue,1/28/24,0.8,46.3,67.7,98,23,44.2
GLS7600-Walden,1/27/24,0,6.6,16.7,30,34.5,33.1
TAH7300-DL Bliss,1/27/24,0.4,40.3,45.4,94,7.3,32.8
BKY4201-Summit,1/27/24,3.3,-38.5,,100,,33.1
TPZ1261–Park Ranch,1/27/24,1.2,47.7,60.4,84,4.8,42.9
TPZ1261-Walker,1/27/24,1.6,46.3,57,77,10.5,43.5
Meyers3400-Uplands,1/27/24,1.6,,,100,16.2,34
SQV8200-Squaw Valley,1/27/24,0.3,37.2,50.5,98,41.7,33.5
CEM41-Garbage Pit Rd,1/27/24,2.2,45.4,56.4,92,7.4,42.7
CAL204-Dog Valley,1/27/24,1.1,45.1,56.5,92,7.9,41.2
TRK7203-Northstar Golf Course,1/27/24,1.1,38.5,55.7,98,35.8,38.7
Hobart Sub,1/27/24,0.2,38.5,55.5,100,18.5,36
SRB51-Smithneck Rd,1/27/24,3.2,45.5,55.2,90,32.5,42.7
STL3101 Ledge Ct.,1/27/24,0.3,39.9,46.3,94,7.5,33.8
7400-Glenshire,1/27/24,0.8,38.2,55.5,99,4,37
WSH201-Floriston,1/27/24,1.8,43.2,61.5,90,15,41.8
Washoe204-Fariad,1/27/24,3.7,44.8,55.6,100,6.2,41.2
MEY3400-Camp Richardson,1/27/24,0.8,36.8,44.4,99,16,34.3
MEY3500-STPD Office,1/27/24,0.4,36.2,48,98,17.4,38.9
621Line-I-80 Gravel Pit,1/27/24,0.6,39.3,56.8,97,5.2,38.6
MUL1296-Markleeville,1/27/24,0.1,42,58.7,94,13.6,40.2
TPZ1261-Eastside Lane,1/27/24,1.7,47.5,56.9,65,5.6,46.8
MEY3300-Tolteca,1/27/24,0.4,40.2,51.6,91,,32
TAH-5201 Lake Forest,1/27/24,0,37.3,44.7,97,22.8,33.6
Tahoe-7300 Sugar Pine Point,1/27/24,0.4,37.3,43.6,97,18.7,34.4
SMP8700-Firecamp,1/27/24,0.3,38.6,55.4,95,,32
TAH5201-Fairway,1/27/24,0.5,36.8,43.6,97,,32
TPZ1261 Cunningham,1/27/24,2.1,44.4,57.6,82,,32
MUL1296-Sorensens,1/27/24,1.9,36.8,126.4,89,,32
POR32 4th Avenue,1/27/24,0.9,43.1,57,98,23.2,41.7
GLS7600-Walden,1/26/24,0,6.6,,100,33.8,33
TAH7300-DL Bliss,1/26/24,0.8,36.3,44,82,7.1,32.8
BKY4201-Summit,1/26/24,0.1,,,100,,33.1
TPZ1261–Park Ranch,1/26/24,0.6,40.6,52.6,84,4.7,40.8
TPZ1261-Walker,1/26/24,1.1,39.2,49.7,74,10.5,42.6
Meyers3400-Uplands,1/26/24,2.2,,,100,14.5,34.1
SQV8200-Squaw Valley,1/26/24,0.9,34.6,46.4,95,41.6,32.5
CEM41-Garbage Pit Rd,1/26/24,1.1,37.5,46.6,89,7.5,41.7
CAL204-Dog Valley,1/26/24,0.9,39.2,47.9,79,7.8,39.6
TRK7203-Northstar Golf Course,1/26/24,1.2,35.3,48.7,95,36.4,36.9
Hobart Sub,1/26/24,0.3,34.5,48.2,99,18.3,35.1
SRB51-Smithneck Rd,1/26/24,2.4,38,48,88,32.6,42.1
STL3101 Ledge Ct.,1/26/24,0.4,35.6,45.1,91,6.3,33.4
7400-Glenshire,1/26/24,0.7,34.6,48.3,96,4,35.7
WSH201-Floriston,1/26/24,2,39.2,51.5,84,14.9,37.7
Washoe204-Fariad,1/26/24,5.7,40.7,52.4,80,6.2,37.9
MEY3400-Camp Richardson,1/26/24,0.7,34.5,43.1,93,16,33.9
MEY3500-STPD Office,1/26/24,0.4,33.5,45,91,18.1,38.1
621Line-I-80 Gravel Pit,1/26/24,1.1,35.6,49.4,92,5.2,37.2
MUL1296-Markleeville,1/26/24,0.1,37.3,50.9,87,14,37.3
TPZ1261-Eastside Lane,1/26/24,1.2,40.1,49.5,71,5.6,43.3
MEY3300-Tolteca,1/26/24,0.6,35.9,48,81,,32
TAH-5201 Lake Forest,1/26/24,0,34.6,41.5,93,22.1,33.6
Tahoe-7300 Sugar Pine Point,1/26/24,0.3,34.6,,92,17.9,33.6
SMP8700-Firecamp,1/26/24,0.3,34.3,47.8,92,,32
TAH5201-Fairway,1/26/24,0.4,34.4,41.2,95,,32
TPZ1261 Cunningham,1/26/24,2,37.8,50.6,79,,32
MUL1296-Sorensens,1/26/24,1.2,36.3,46.5,86,,32
POR32 4th Avenue,1/26/24,0.7,37.9,46.9,94,23.6,39.7
GLS7600-Walden,1/25/24,0,28.6,,100,32.9,33.1
TAH7300-DL Bliss,1/25/24,1.6,31.7,36.2,88,7.2,32.7
BKY4201-Summit,1/25/24,0,,,100,,33.1
TPZ1261–Park Ranch,1/25/24,6.5,43.7,51.3,74,4.7,42.3
TPZ1261-Walker,1/25/24,6.5,40,47.4,71,10.6,43.3
Meyers3400-Uplands,1/25/24,3.8,,,100,14.4,34.1
SQV8200-Squaw Valley,1/25/24,3.6,31.5,40.6,94,41.6,32.4
CEM41-Garbage Pit Rd,1/25/24,4.6,37.6,45.6,84,7.6,42.8
CAL204-Dog Valley,1/25/24,4.5,39,47.8,79,7.8,40.8
TRK7203-Northstar Golf Course,1/25/24,2.5,32.7,43,95,37.8,37
Hobart Sub,1/25/24,0.7,32.3,44.5,98,18.6,35.4
SRB51-Smithneck Rd,1/25/24,5.2,36.5,44.5,77,32.8,42.6
STL3101 Ledge Ct.,1/25/24,2.3,31,37.3,93,6.8,33.5
7400-Glenshire,1/25/24,1.5,31.9,43.5,91,4,35.8
WSH201-Floriston,1/25/24,1.1,35.6,46.6,80,15.8,39.2
Washoe204-Fariad,1/25/24,5.7,38.1,47.4,82,6.4,36.5
MEY3400-Camp Richardson,1/25/24,2,31.9,40,93,17,34
MEY3500-STPD Office,1/25/24,0.8,31.8,41.1,94,19.9,38.9
621Line-I-80 Gravel Pit,1/25/24,1.5,33.9,46,90,5.3,38.3
MUL1296-Markleeville,1/25/24,0.9,36.2,48.3,89,15,38.2
TPZ1261-Eastside Lane,1/25/24,6.2,40.1,47,57,5.6,44.6
MEY3300-Tolteca,1/25/24,2.1,31.7,39.8,87,,32
TAH-5201 Lake Forest,1/25/24,0.4,31.5,39.7,91,22.2,33.5
Tahoe-7300 Sugar Pine Point,1/25/24,0.6,31.3,,96,18.7,33.8
SMP8700-Firecamp,1/25/24,0.7,32,43.7,93,,32
TAH5201-Fairway,1/25/24,1.5,31.4,39.1,98,,32
TPZ1261 Cunningham,1/25/24,7,40.6,48.8,69,,32
POR32 4th Avenue,1/25/24,1.6,35.8,46.6,95,24.2,40.9
GLS7600-Walden,1/24/24,1.1,6.8,,100,34.2,32.9
TAH7300-DL Bliss,1/24/24,2.2,35,39.8,96,7.2,32.7
BKY4201-Summit,1/24/24,2,,,100,,33.1
TPZ1261–Park Ranch,1/24/24,3.6,45.3,58.5,89,4.7,41.6
TPZ1261-Walker,1/24/24,5.1,44.1,54.8,86,10.7,42.7
Meyers3400-Uplands,1/24/24,6.9,,,100,14.8,34.2
SQV8200-Squaw Valley,1/24/24,5.5,36.2,41,96,41.5,32.3
CEM41-Garbage Pit Rd,1/24/24,5.4,41.9,49.1,94,7.6,42.1
CAL204-Dog Valley,1/24/24,6,44.1,50.1,81,7.8,40.7
TRK7203-Northstar Golf Course,1/24/24,3.6,36.7,46.1,97,42.9,37.3
Hobart Sub,1/24/24,1.8,36,45.4,99,18.8,35.3
SRB51-Smithneck Rd,1/24/24,6.4,41.7,49.1,90,32.8,42.4
STL3101 Ledge Ct.,1/24/24,6.6,36.4,42,93,9.1,33.6
7400-Glenshire,1/24/24,2,35.4,43.9,96,4.1,35.7
WSH201-Floriston,1/24/24,3,40.2,48.2,87,16.4,39.3
Washoe204-Fariad,1/24/24,9,42.6,48.5,80,6.9,38.4
MEY3400-Camp Richardson,1/24/24,2.5,37.1,43.4,93,18.4,34
MEY3500-STPD Office,1/24/24,1.5,37.2,46.3,94,20.4,38.2
621Line-I-80 Gravel Pit,1/24/24,2.3,36.4,45.9,95,5.4,37.6
MUL1296-Markleeville,1/24/24,4.7,41.9,49.4,91,13.6,38.4
TPZ1261-Eastside Lane,1/24/24,3.8,44.7,54.2,72,5.5,43.4
MEY3300-Tolteca,1/24/24,4.1,35.6,39.6,91,,32
TAH-5201 Lake Forest,1/24/24,0.3,35.6,41,95,22.5,33.5
Tahoe-7300 Sugar Pine Point,1/24/24,0.7,35.5,,96,19,33.6
SMP8700-Firecamp,1/24/24,1.2,35.6,45.8,94,,32
TAH5201-Fairway,1/24/24,1.4,35.4,40.3,96,,32
TPZ1261 Cunningham,1/24/24,6.5,42.8,55.2,88,,32
POR32 4th Avenue,1/24/24,1.1,38.2,46,98,24.6,41.2
GLS7600-Walden,1/23/24,0,32.2,,100,33.9,32.8
TAH7300-DL Bliss,1/23/24,0.6,33.4,37.8,88,7,32.7
BKY4201-Summit,1/23/24,1.7,,,100,,33.1
TPZ1261–Park Ranch,1/23/24,4.1,40.9,51.4,96,4.6,42.2
TPZ1261-Walker,1/23/24,2.8,38.1,48.2,94,10.8,43
Meyers3400-Uplands,1/23/24,1.8,,,100,14.2,34.2
SQV8200-Squaw Valley,1/23/24,0.6,31.1,42,98,41.5,32.3
CEM41-Garbage Pit Rd,1/23/24,2.5,37.1,46.7,97,7.8,41.7
CAL204-Dog Valley,1/23/24,1.7,37.5,49.5,93,7.8,40.7
TRK7203-Northstar Golf Course,1/23/24,1.4,32.2,44.2,98,43.4,37.5
Hobart Sub,1/23/24,0.2,32.4,44.3,100,18.9,35.4
SRB51-Smithneck Rd,1/23/24,3.6,36.7,45.9,98,32.9,42.2
STL3101 Ledge Ct.,1/23/24,0.4,32.9,39.8,92,7.5,33.5
7400-Glenshire,1/23/24,1.1,32.1,44.2,99,4.2,35.3
WSH201-Floriston,1/23/24,1.3,34.9,45.2,94,17.3,40
Washoe204-Fariad,1/23/24,4,37.1,47.2,97,7.2,35.8
MEY3400-Camp Richardson,1/23/24,1.3,31.9,41.6,98,17.4,34.2
MEY3500-STPD Office,1/23/24,0.5,32,43.8,98,22,38
621Line-I-80 Gravel Pit,1/23/24,0.9,33.8,46.1,97,5.5,37.8
MUL1296-Markleeville,1/23/24,0.3,33.6,48,96,14.1,37.7
TPZ1261-Eastside Lane,1/23/24,4.7,39,47.4,92,5.5,43.7
MEY3300-Tolteca,1/23/24,1.3,32.4,,100,,32
TAH-5201 Lake Forest,1/23/24,0.2,32.1,41.4,97,22,33.4
Tahoe-7300 Sugar Pine Point,1/23/24,0.4,32.6,,97,18.9,33.5
SMP8700-Firecamp,1/23/24,0.3,32.5,43.5,95,,32
TAH5201-Fairway,1/23/24,0.7,32.1,39.7,97,,32
TPZ1261 Cunningham,1/23/24,2.9,37.7,49,94,,32
POR32 4th Avenue,1/23/24,0.8,36.5,48.1,99,25.4,42
GLS7600-Walden,1/22/24,0,30.8,,100,34.3,32.6
TAH7300-DL Bliss,1/22/24,1.3,33.8,37.3,96,6.9,32.7
BKY4201-Summit,1/22/24,0.7,,,100,,33.1
TPZ1261–Park Ranch,1/22/24,4.6,45.7,50.4,93,4.7,43.2
TPZ1261-Walker,1/22/24,3.4,41.7,46.8,96,10.8,42.6
Meyers3400-Uplands,1/22/24,4.8,,,100,14.6,34.2
SQV8200-Squaw Valley,1/22/24,2.2,34.5,39.6,98,41.5,32.3
CEM41-Garbage Pit Rd,1/22/24,2,38.1,42.7,95,8.2,40.8
CAL204-Dog Valley,1/22/24,1.2,40.3,46.4,92,7.8,41.5
TRK7203-Northstar Golf Course,1/22/24,2,35.8,40.6,97,42.9,37.4
Hobart Sub,1/22/24,0.3,34.9,43.6,100,19.5,35.3
SRB51-Smithneck Rd,1/22/24,2.3,37.3,42.1,98,32.7,41.9
STL3101 Ledge Ct.,1/22/24,2,33.8,37.4,96,8.6,33.4
7400-Glenshire,1/22/24,0.7,35.5,41.3,98,4.4,34.5
WSH201-Floriston,1/22/24,0.6,38.1,67.2,94,17.5,40
Washoe204-Fariad,1/22/24,4.4,40,45.2,100,7.7,39.7
MEY3400-Camp Richardson,1/22/24,2.3,34.9,38.8,99,19,34.2
MEY3500-STPD Office,1/22/24,0.9,35.3,40.5,98,26,36.7
621Line-I-80 Gravel Pit,1/22/24,1.1,35.9,42.9,96,5.7,36.7
MUL1296-Markleeville,1/22/24,1.3,39.8,46.6,96,14.8,39.8
TPZ1261-Eastside Lane,1/22/24,4.8,42.1,46.7,95,5.6,45.3
MEY3300-Tolteca,1/22/24,1.2,34.4,38.3,92,,32
TAH-5201 Lake Forest,1/22/24,0.1,34.4,40,98,23.3,33.3
Tahoe-7300 Sugar Pine Point,1/22/24,0.5,34.7,,97,20.2,33.4
SMP8700-Firecamp,1/22/24,0.1,35.7,40.9,95,,32
TAH5201-Fairway,1/22/24,1.4,34.7,39.6,97,,32
TPZ1261 Cunningham,1/22/24,4.2,42.8,47.6,93,,32
POR32 4th Avenue,1/22/24,0.5,38.2,44,98,25.3,41.3
GLS7600-Walden,1/21/24,1,9.7,,100,33.8,32.7
TAH7300-DL Bliss,1/21/24,2,34.3,38.7,96,6.7,32.7
BKY4201-Summit,1/21/24,5.3,,,100,,33.1
TPZ1261–Park Ranch,1/21/24,4.7,46.6,56.8,84,4.6,41.8
TPZ1261-Walker,1/21/24,6.3,43.8,53.3,73,10.9,42.1
Meyers3400-Uplands,1/21/24,9.6,,,100,13.6,34.3
SQV8200-Squaw Valley,1/21/24,2.5,34.3,38.9,98,41.4,32.4
CEM41-Garbage Pit Rd,1/21/24,6.3,39.5,49,96,7.1,40.4
CAL204-Dog Valley,1/21/24,3.9,43.5,49.4,82,7.7,40.8
TRK7203-Northstar Golf Course,1/21/24,3.7,36.4,44.5,98,39.8,36.4
Hobart Sub,1/21/24,0.9,35.3,43.8,100,19.2,34.9
SRB51-Smithneck Rd,1/21/24,7.1,39.8,48.5,97,31.9,41.6
STL3101 Ledge Ct.,1/21/24,1.6,34.7,43.1,90,7.4,33.6
7400-Glenshire,1/21/24,2.1,36.4,43.9,98,4.3,34.4
WSH201-Floriston,1/21/24,4.9,40,47.9,89,15.7,39.6
Washoe204-Fariad,1/21/24,8.8,41.9,48.7,96,6.5,38.8
MEY3400-Camp Richardson,1/21/24,3.2,37,42.4,97,17.7,34.2
MEY3500-STPD Office,1/21/24,1.3,36.4,45.3,97,23.8,35.9
621Line-I-80 Gravel Pit,1/21/24,2.8,36.8,44.7,97,5.6,35.5
MUL1296-Markleeville,1/21/24,3,41.9,49.6,82,14.1,38.8
TPZ1261-Eastside Lane,1/21/24,6.7,45.5,53.2,63,5.6,44.8
MEY3300-Tolteca,1/21/24,4.2,32,32,0,,32
TAH-5201 Lake Forest,1/21/24,0.6,34.6,41.3,97,21.9,33.4
Tahoe-7300 Sugar Pine Point,1/21/24,0.3,34.4,,97,19.5,33.4
SMP8700-Firecamp,1/21/24,1.1,32,32,0,,32
TAH5201-Fairway,1/21/24,1.7,34.6,40.6,96,,32
TPZ1261 Cunningham,1/21/24,5.4,43.7,54.2,80,,32
POR32 4th Avenue,1/21/24,1.1,37.6,46.1,99,24.8,40.2
GLS7600-Walden,1/20/24,0.6,9,,100,32.2,32.8
TAH7300-DL Bliss,1/20/24,3.7,34.8,38.5,97,6.6,32.7
BKY4201-Summit,1/20/24,3.4,,,100,,33.1
TPZ1261–Park Ranch,1/20/24,5.8,46.5,54.6,79,4.5,41
TPZ1261-Walker,1/20/24,8.4,43.4,51.8,83,11,41.6
Meyers3400-Uplands,1/20/24,13.6,,,100,13.3,34.3
SQV8200-Squaw Valley,1/20/24,5.6,35.5,59,96,41.2,32.4
CEM41-Garbage Pit Rd,1/20/24,7.6,40.9,47.3,93,7,40.9
CAL204-Dog Valley,1/20/24,3.7,41.6,48.7,89,7.7,39.9
TRK7203-Northstar Golf Course,1/20/24,5.5,37.1,41.9,96,36,35.1
Hobart Sub,1/20/24,1.4,35.7,42.9,100,18.4,34.8
SRB51-Smithneck Rd,1/20/24,6.7,39.8,46.4,96,31.8,41.4
STL3101 Ledge Ct.,1/20/24,2.8,34.6,39.2,91,6.8,33.6
7400-Glenshire,1/20/24,3.2,37.2,41.6,97,4.2,34.4
WSH201-Floriston,1/20/24,5.5,40.6,45.3,89,15.4,39.2
Washoe204-Fariad,1/20/24,9.2,41.9,46.2,87,6.4,37.7
MEY3400-Camp Richardson,1/20/24,4.8,37,40.2,96,17.3,34.1
MEY3500-STPD Office,1/20/24,2.1,37.2,41.3,93,24.2,34.7
621Line-I-80 Gravel Pit,1/20/24,3.8,37.2,41.7,96,5.7,34.4
MUL1296-Markleeville,1/20/24,2.8,40.8,46.8,91,15,37.7
TPZ1261-Eastside Lane,1/20/24,11.8,45,49.2,67,5.7,45
MEY3300-Tolteca,1/20/24,5.1,32,32,0,,32
TAH-5201 Lake Forest,1/20/24,1.8,35.4,38.9,96,21.8,33.4
Tahoe-7300 Sugar Pine Point,1/20/24,1,36.1,,96,18.6,33.5
SMP8700-Firecamp,1/20/24,1.8,32,32,0,,32
TAH5201-Fairway,1/20/24,3.2,35.6,39.9,96,,32
TPZ1261 Cunningham,1/20/24,7.5,44.2,52.9,82,,32
POR32 4th Avenue,1/20/24,1.2,38.2,44.6,98,22.4,40.2
GLS7600-Walden,1/19/24,0,11.4,17.2,31,32.1,32.6
TAH7300-DL Bliss,1/19/24,2.1,39.1,47.2,87,6.6,32.6
BKY4201-Summit,1/19/24,3.2,,,100,,33.1
TPZ1261–Park Ranch,1/19/24,0.4,41.8,53.1,86,4.5,40.4
TPZ1261-Walker,1/19/24,3.5,41.4,50.4,73,11.1,41
Meyers3400-Uplands,1/19/24,8.6,,,100,13,34.3
SQV8200-Squaw Valley,1/19/24,3.7,37.4,50.4,96,41.2,32.4
CEM41-Garbage Pit Rd,1/19/24,2.5,41.3,53.6,89,7,40
CAL204-Dog Valley,1/19/24,1.3,39.9,49.8,81,7.6,38.8
TRK7203-Northstar Golf Course,1/19/24,2.6,37.3,50.8,96,34.7,33.7
Hobart Sub,1/19/24,0.8,37,52.4,98,17.8,34.5
SRB51-Smithneck Rd,1/19/24,2.7,41,53.4,86,31.7,40.5
STL3101 Ledge Ct.,1/19/24,1.4,39.3,48.8,89,6.6,33.5
7400-Glenshire,1/19/24,1.4,36.8,51.8,96,4,34.4
WSH201-Floriston,1/19/24,1,38.2,54,87,15.8,37.8
Washoe204-Fariad,1/19/24,2.3,39.4,50.7,88,6.6,36.4
MEY3400-Camp Richardson,1/19/24,1.8,38.1,50.8,98,17.1,34
MEY3500-STPD Office,1/19/24,0.9,37.9,52.7,96,22.5,34.3
621Line-I-80 Gravel Pit,1/19/24,1.8,37.5,52.7,94,5.6,33.5
MUL1296-Markleeville,1/19/24,1.4,39,56.3,93,15.8,35.7
TPZ1261-Eastside Lane,1/19/24,2.5,42.2,50.6,67,5.7,44.1
MEY3300-Tolteca,1/19/24,4.9,32,47.8,89,,32
TAH-5201 Lake Forest,1/19/24,0.3,38.3,49.1,91,21.3,33.3
Tahoe-7300 Sugar Pine Point,1/19/24,0.5,38,,100,17.7,33.5
SMP8700-Firecamp,1/19/24,0.4,32,51.5,40,,32
TAH5201-Fairway,1/19/24,1.4,38.3,49.7,93,,32
TPZ1261 Cunningham,1/19/24,2.8,39.5,51.4,84,,32
POR32 4th Avenue,1/19/24,1.4,40.9,55.8,90,22.4,38.6
GLS7600-Walden,1/18/24,0,8.8,,100,32.3,32.7
TAH7300-DL Bliss,1/18/24,0.6,35.4,41.6,86,6.5,32.6
BKY4201-Summit,1/18/24,0,,,100,,33.1
TPZ1261–Park Ranch,1/18/24,2,41.6,53.2,78,4.5,39.6
TPZ1261-Walker,1/18/24,3,40,49.5,70,11.2,40.6
Meyers3400-Uplands,1/18/24,1.3,,,100,12.6,34.1
SQV8200-Squaw Valley,1/18/24,0.5,32.1,49.4,94,41.1,32.4
CEM41-Garbage Pit Rd,1/18/24,2.5,36.5,46.9,89,7,38.9
CAL204-Dog Valley,1/18/24,1.5,38.6,47.9,77,7.6,38
TRK7203-Northstar Golf Course,1/18/24,1.2,30.7,45.5,95,33.5,33.3
Hobart Sub,1/18/24,0.2,31.4,45.9,98,18.1,34.3
SRB51-Smithneck Rd,1/18/24,2.6,36.7,47.2,87,31.7,39.8
STL3101 Ledge Ct.,1/18/24,0.3,34.8,40.8,77,6.3,33.4
7400-Glenshire,1/18/24,1.1,31.2,45.8,94,3.8,34.4
WSH201-Floriston,1/18/24,1.8,35.4,52.2,82,15.4,36.1
Washoe204-Fariad,1/18/24,4.1,37.2,46.8,83,6.3,34.7
MEY3400-Camp Richardson,1/18/24,0.9,32.5,42.8,92,17.2,33.9
MEY3500-STPD Office,1/18/24,0.3,31.2,44.2,94,22.5,34.2
621Line-I-80 Gravel Pit,1/18/24,1.3,32,46.3,92,5.4,33.2
MUL1296-Markleeville,1/18/24,0.2,34.6,51.1,88,16.1,34.1
TPZ1261-Eastside Lane,1/18/24,3.2,41.2,49.6,62,5.7,42.9
TAH-5201 Lake Forest,1/18/24,0.1,32.8,43.4,89,21,33.3
Tahoe-7300 Sugar Pine Point,1/18/24,0.4,33.3,41,88,17.2,33.5
TAH5201-Fairway,1/18/24,0.3,32.6,41.1,90,,32
TPZ1261 Cunningham,1/18/24,2.5,37.6,50.7,75,,32
POR32 4th Avenue,1/18/24,1.1,36.3,51.5,96,22.7,38
GLS7600-Walden,1/17/24,0,-37.8,,100,32.5,32.5
TAH7300-DL Bliss,1/17/24,4.7,34.4,39.7,87,6.3,32.6
MUL1296-Woodfords,1/17/24,10.6,42.2,47.2,79,1.8,39.3
BKY4201-Summit,1/17/24,0,,,100,,33.1
TPZ1261–Park Ranch,1/17/24,7.3,47.9,53.8,66,4.5,41.6
TPZ1261-Walker,1/17/24,10.8,44.8,50.7,80,11.4,41.5
Meyers3400-Uplands,1/17/24,10.8,,,100,13.5,33.7
SQV8200-Squaw Valley,1/17/24,8.5,33.6,39.2,91,41.1,32.4
CEM41-Garbage Pit Rd,1/17/24,9,39.9,45,84,7.1,39
CAL204-Dog Valley,1/17/24,7.9,41.8,45.9,73,7.6,38.3
TRK7203-Northstar Golf Course,1/17/24,6,34.7,41.8,92,36.8,33
Hobart Sub,1/17/24,3.5,34.5,40.4,96,19.2,34.3
SRB51-Smithneck Rd,1/17/24,7.2,39.1,43.9,86,31.7,39.4
STL3101 Ledge Ct.,1/17/24,7.1,34,37.8,91,7.9,33.2
7400-Glenshire,1/17/24,3.2,33.8,39.5,98,3.9,34.4
WSH201-Floriston,1/17/24,3.5,38,43.9,94,17.5,37.9
Washoe204-Fariad,1/17/24,13.6,39.9,44,83,7.8,35.3
MEY3400-Camp Richardson,1/17/24,4.6,36,42.2,87,21.5,33.4
MEY3500-STPD Office,1/17/24,2.2,34.6,40.7,95,28.8,34.1
621Line-I-80 Gravel Pit,1/17/24,4.8,35.2,40.7,97,5.7,33.2
MUL1296-Markleeville,1/17/24,4.7,39.6,44.9,83,19.4,34.7
TPZ1261-Eastside Lane,1/17/24,7.9,45.7,51.6,69,5.8,44.2
TAH-5201 Lake Forest,1/17/24,1.8,33.5,38.3,92,22.2,33.2
Tahoe-7300 Sugar Pine Point,1/17/24,1.5,33.8,38.5,96,19.6,33.3
TAH5201-Fairway,1/17/24,3.7,33.4,38.7,88,,32
TPZ1261 Cunningham,1/17/24,11.4,44.9,51.2,65,,32
POR32 4th Avenue,1/17/24,2.8,37.4,44.2,98,23,38.1
GLS7600-Walden,1/16/24,0,12.1,52,71,35.9,32.1
TAH7300-DL Bliss,1/16/24,2.2,35.2,44.8,96,5.4,32.6
MUL1296-Woodfords,1/16/24,5.8,39.4,55.5,80,1.5,37.6
BKY4201-Summit,1/16/24,3.5,,,100,,33.1
TPZ1261–Park Ranch,1/16/24,4.5,41.3,59.2,91,4.4,38.5
TPZ1261-Walker,1/16/24,3.7,39.7,55.2,87,11.3,40.3
Meyers3400-Uplands,1/16/24,6.4,,,100,11.1,34.2
SQV8200-Squaw Valley,1/16/24,4.4,30.6,46.4,94,40.9,32.5
CEM41-Garbage Pit Rd,1/16/24,2.8,33.4,47.6,95,7.1,38.2
CAL204-Dog Valley,1/16/24,3.5,36.6,52.6,94,7.5,36.5
TRK7203-Northstar Golf Course,1/16/24,2.7,29.6,47.8,97,34.6,32.9
Hobart Sub,1/16/24,1,29.4,46.6,100,18.1,34.3
SRB51-Smithneck Rd,1/16/24,3,34.9,50.7,94,31.4,38.8
STL3101 Ledge Ct.,1/16/24,3.3,34.4,45.6,96,8,33.5
7400-Glenshire,1/16/24,1.5,29,47.5,98,3.5,34.4
WSH201-Floriston,1/16/24,3.9,34,50.2,92,15.5,33.8
Washoe204-Fariad,1/16/24,8.6,36.5,51.3,92,6,31.9
MEY3400-Camp Richardson,1/16/24,3.3,33.3,49,97,19.9,34.3
MEY3500-STPD Office,1/16/24,1.3,30.2,47.4,97,22.2,34.2
621Line-I-80 Gravel Pit,1/16/24,1.8,29.7,46.8,97,5.5,33
MUL1296-Markleeville,1/16/24,2.8,34.6,54.4,93,17.8,33.3
TPZ1261-Eastside Lane,1/16/24,7,41.1,55.4,76,5.8,40
TAH-5201 Lake Forest,1/16/24,0.6,32.9,45.6,97,21.3,33.2
Tahoe-7300 Sugar Pine Point,1/16/24,0.7,32.8,,100,19.1,33.5
TAH5201-Fairway,1/16/24,1.6,33.2,46.6,100,,32
TPZ1261 Cunningham,1/16/24,5.3,38.6,56.8,90,,32
POR32 4th Avenue,1/16/24,1,32,49.4,98,22.9,36.2
GLS7600-Walden,1/15/24,0,33,,100,24.2,32.5
TAH7300-DL Bliss,1/15/24,0.6,33.6,40,96,5.3,32.6
MUL1296-Woodfords,1/15/24,1.4,35.8,46.7,81,1.1,37.6
BKY4201-Summit,1/15/24,0.2,,,100,,33.1
TPZ1261–Park Ranch,1/15/24,4.7,38.3,48.9,91,4.4,39.6
TPZ1261-Walker,1/15/24,2.4,35.7,46.2,86,11.4,40.7
Meyers3400-Uplands,1/15/24,1.3,,,100,9.5,34.3
SQV8200-Squaw Valley,1/15/24,0.9,28.8,43.2,96,40.7,32.5
CEM41-Garbage Pit Rd,1/15/24,2.1,31.8,47.4,96,7.2,39
CAL204-Dog Valley,1/15/24,1.4,34.1,47.3,94,7.5,37
TRK7203-Northstar Golf Course,1/15/24,0.9,27,42.8,98,34,32.7
Hobart Sub,1/15/24,0.3,28.9,45.6,100,17.8,34.2
SRB51-Smithneck Rd,1/15/24,3.8,32.5,47,97,31.7,38.8
STL3101 Ledge Ct.,1/15/24,0.4,32.4,39.8,94,5.8,33.5
7400-Glenshire,1/15/24,1,27.7,44.3,98,3.5,34.3
WSH201-Floriston,1/15/24,1.7,31.1,45.7,92,15.6,34.5
Washoe204-Fariad,1/15/24,4.6,33,45.2,95,4,31.7
MEY3400-Camp Richardson,1/15/24,1.1,30.9,42.5,98,16.9,34.5
MEY3500-STPD Office,1/15/24,0.3,29.4,45,96,23,34.2
621Line-I-80 Gravel Pit,1/15/24,1,29.3,47.6,98,5.4,33
MUL1296-Markleeville,1/15/24,0.2,31.2,47.6,94,17,33.3
TPZ1261-Eastside Lane,1/15/24,5.7,37,45.9,77,5.9,41.7
TAH-5201 Lake Forest,1/15/24,0.1,31.7,42.2,97,21,33.1
Tahoe-7300 Sugar Pine Point,1/15/24,0.4,31.6,40.8,97,17,33.5
TAH5201-Fairway,1/15/24,0.5,31.2,41.2,97,,32
TPZ1261 Cunningham,1/15/24,3,34.8,47.7,88,,32
POR32 4th Avenue,1/15/24,1.3,31.4,48.3,98,23.6,36.7
GLS7600-Walden,1/14/24,0,10.4,30.9,32,22.9,32.5
TAH7300-DL Bliss,1/14/24,2.7,34.9,39.2,88,5.1,32.5
MUL1296-Woodfords,1/14/24,6.7,42,50.5,78,1.1,36.9
BKY4201-Summit,1/14/24,2.8,,,100,,33.1
TPZ1261–Park Ranch,1/14/24,8.3,47.5,54.8,81,4.4,39.9
TPZ1261-Walker,1/14/24,9,43.4,51.5,84,11.3,40
Meyers3400-Uplands,1/14/24,5.8,,,100,8.2,34.3
SQV8200-Squaw Valley,1/14/24,7.5,33.9,41.5,97,40.1,32.6
CEM41-Garbage Pit Rd,1/14/24,4.9,40,46.6,92,7.5,38.2
CAL204-Dog Valley,1/14/24,7,41.2,49.7,91,7.6,37.5
TRK7203-Northstar Golf Course,1/14/24,4.4,35.3,43.7,97,37.1,32.5
Hobart Sub,1/14/24,1.9,35.2,44.7,99,19.4,33.9
SRB51-Smithneck Rd,1/14/24,4.8,39,46.2,87,32.1,38
STL3101 Ledge Ct.,1/14/24,4.5,33,39.2,100,5.9,33.4
7400-Glenshire,1/14/24,2.3,35.3,44.2,98,3.5,34.4
WSH201-Floriston,1/14/24,1.1,37.6,44.8,91,18,33.2
Washoe204-Fariad,1/14/24,7.8,39.8,47.6,91,8.8,34.1
MEY3400-Camp Richardson,1/14/24,3.2,35.8,42.4,98,20.2,34.2
MEY3500-STPD Office,1/14/24,1.9,34.8,43.8,97,31.1,33.9
621Line-I-80 Gravel Pit,1/14/24,2.6,36.5,45.3,96,5.6,32.9
MUL1296-Markleeville,1/14/24,4,38.6,50.2,94,19.5,33.3
TPZ1261-Eastside Lane,1/14/24,6.1,43.4,50.9,71,5.8,42
TAH-5201 Lake Forest,1/14/24,0.6,34.5,41.9,96,24.2,32.9
Tahoe-7300 Sugar Pine Point,1/14/24,1.2,34.5,,100,18.2,33.4
TAH5201-Fairway,1/14/24,2.6,34.4,43,97,,32
TPZ1261 Cunningham,1/14/24,8.2,45,52.9,85,,32
POR32 4th Avenue,1/14/24,2,38,46.6,97,24.4,36.4
GLS7600-Walden,1/13/24,0.6,8.6,18.5,31,22.1,32.4
TAH7300-DL Bliss,1/13/24,5.1,33.1,37,98,5,32.5
MUL1296-Woodfords,1/13/24,13.1,41.8,45.4,79,1,36.2
TPZ1261–Park Ranch,1/13/24,9.6,46.5,52.2,80,4.3,36.3
TPZ1261-Walker,1/13/24,12.5,44.2,47.9,72,9.8,37.9
Meyers3400-Uplands,1/13/24,13.6,,,100,7.9,34.3
SQV8200-Squaw Valley,1/13/24,12.6,33.5,37.8,95,27.9,32.8
CEM41-Garbage Pit Rd,1/13/24,9.8,38.1,45.5,86,7.6,35.7
CAL204-Dog Valley,1/13/24,12.9,42.8,45.8,80,7.6,36.1
TRK7203-Northstar Golf Course,1/13/24,6.2,33.9,41,92,36,32.5
Hobart Sub,1/13/24,3.4,33.4,37.6,99,16.3,34.3
SRB51-Smithneck Rd,1/13/24,6.8,38.3,44.4,89,31.3,36.9
STL3101 Ledge Ct.,1/13/24,8.5,33.3,37.4,98,4.2,33.3
7400-Glenshire,1/13/24,2.7,33.8,40.5,96,3.3,34.6
WSH201-Floriston,1/13/24,6.7,37.4,44,87,14.6,32.8
Washoe204-Fariad,1/13/24,14,39.3,44.4,100,9.3,32.1
MEY3400-Camp Richardson,1/13/24,8.4,36.1,42.8,100,14.2,35
MEY3500-STPD Office,1/13/24,3,34.7,37.8,96,16.1,34.4
621Line-I-80 Gravel Pit,1/13/24,4.3,34,40.9,93,5.2,33
MUL1296-Markleeville,1/13/24,6.4,40.1,43.8,86,17.5,33.2
TPZ1261-Eastside Lane,1/13/24,9.2,45,49.6,66,4.9,38.6
TAH-5201 Lake Forest,1/13/24,1.8,32.4,36.4,96,17,33.5
Tahoe-7300 Sugar Pine Point,1/13/24,1.8,32.4,35.6,96,15.1,33.5
TAH5201-Fairway,1/13/24,4.7,32.9,36.8,95,,32
TPZ1261 Cunningham,1/13/24,13.1,44.1,49.5,80,,32
POR32 4th Avenue,1/13/24,2.8,35.1,41.4,94,20.6,34
GLS7600-Walden,1/12/24,0,-8,,100,22,32.4
TAH7300-DL Bliss,1/12/24,3.2,31.1,37.8,85,5.1,32.5
MUL1296-Woodfords,1/12/24,7,37.2,46.6,65,1.1,36.2
TPZ1261–Park Ranch,1/12/24,6,38.9,51.5,76,4.2,34.2
TPZ1261-Walker,1/12/24,8.8,39.5,46.4,65,9,37.5
Meyers3400-Uplands,1/12/24,9.5,,,100,7.9,34.2
SQV8200-Squaw Valley,1/12/24,4.8,25,34.2,92,20.4,33
CEM41-Garbage Pit Rd,1/12/24,3.9,28.5,36.9,77,6.6,35.2
CAL204-Dog Valley,1/12/24,3.5,34.5,41.2,72,7.4,35
TRK7203-Northstar Golf Course,1/12/24,2.3,21.3,34.9,92,29.7,32.6
Hobart Sub,1/12/24,2,21,34.1,93,14.9,34.4
SRB51-Smithneck Rd,1/12/24,3.7,28.8,38.4,82,30.1,37
STL3101 Ledge Ct.,1/12/24,6,31,35.9,78,3.7,33.2
7400-Glenshire,1/12/24,2.5,23.2,33.6,94,3.3,34.6
WSH201-Floriston,1/12/24,4.3,26.9,63.5,82,12.4,32.7
Washoe204-Fariad,1/12/24,10.8,32.1,47.2,72,5.2,32
MEY3400-Camp Richardson,1/12/24,3.2,30.6,40.6,84,11.5,35.1
MEY3500-STPD Office,1/12/24,1.5,26.4,37.6,92,12.1,34.5
621Line-I-80 Gravel Pit,1/12/24,3.5,21.4,34.4,90,4.9,33.1
MUL1296-Markleeville,1/12/24,2.2,32.5,44.2,86,14.4,33.2
TPZ1261-Eastside Lane,1/12/24,10.4,39.2,46.5,62,3.2,34.9
TAH-5201 Lake Forest,1/12/24,0.9,26.6,33.6,88,16.5,33.5
Tahoe-7300 Sugar Pine Point,1/12/24,1,27.4,36,89,13.1,33.5
TAH5201-Fairway,1/12/24,3.7,27.1,34.1,92,,32
TPZ1261 Cunningham,1/12/24,6.1,36.8,48.6,75,,32
POR32 4th Avenue,1/12/24,1.5,23.8,35.7,93,20.1,34.1
GLS7600-Walden,1/11/24,0.4,21,,100,21.7,32.4
TAH7300-DL Bliss,1/11/24,2.9,21.4,29,90,5.2,32.6
MUL1296-Woodfords,1/11/24,5.3,25.4,35,91,1,36.2
TPZ1261–Park Ranch,1/11/24,3.2,23.5,35.8,94,4.2,35.3
TPZ1261-Walker,1/11/24,4.9,24.2,36.4,93,9,38.3
Meyers3400-Uplands,1/11/24,6.3,,,100,8,34.1
SQV8200-Squaw Valley,1/11/24,3.8,16.9,24.3,93,20.4,33.1
CEM41-Garbage Pit Rd,1/11/24,3.9,20,31.4,86,6.7,36
CAL204-Dog Valley,1/11/24,2.5,23.1,34.1,92,7.4,35
TRK7203-Northstar Golf Course,1/11/24,2.1,15.9,27.6,92,29.1,32.8
Hobart Sub,1/11/24,0.6,17.1,27.6,95,14.8,34.3
SRB51-Smithneck Rd,1/11/24,5,19.5,31.3,94,30.2,37.6
STL3101 Ledge Ct.,1/11/24,2.2,17.8,26.1,94,3.6,33.1
7400-Glenshire,1/11/24,2.1,16.4,25.9,96,3.3,34.5
WSH201-Floriston,1/11/24,2.3,20.3,31.3,92,12.1,32.5
Washoe204-Fariad,1/11/24,7.9,22.6,31.8,98,5.6,32.1
MEY3400-Camp Richardson,1/11/24,2.6,20.1,27.3,94,11.5,35
MEY3500-STPD Office,1/11/24,0.8,17.7,28.3,97,12.1,34.5
621Line-I-80 Gravel Pit,1/11/24,2.5,16.6,27.5,96,4.9,33.1
MUL1296-Markleeville,1/11/24,1.4,22.4,34.3,96,14.4,33.1
TPZ1261-Eastside Lane,1/11/24,6.6,23.9,34.9,93,3.2,35.5
TAH-5201 Lake Forest,1/11/24,0.4,17.7,26.3,94,16.5,33.5
Tahoe-7300 Sugar Pine Point,1/11/24,0.9,20.3,28,92,12.8,33.4
TAH5201-Fairway,1/11/24,2.1,19.3,28.7,89,,32
TPZ1261 Cunningham,1/11/24,3.2,20.7,34.8,91,,32
POR32 4th Avenue,1/11/24,0.5,20.2,32.5,92,19.8,34.3
GLS7600-Walden,1/10/24,1,16.2,21.3,95,21.4,32.3
TAH7300-DL Bliss,1/10/24,6,25.6,28.7,95,5.2,32.6
MUL1296-Woodfords,1/10/24,11.3,32.6,37,93,1,36.3
TPZ1261–Park Ranch,1/10/24,11,39.1,45.6,94,4.2,35.7
TPZ1261-Walker,1/10/24,13.7,35.2,40.5,95,8.9,38.8
Meyers3400-Uplands,1/10/24,11.7,,,100,8,34.2
SQV8200-Squaw Valley,1/10/24,9.4,26.5,29.2,97,20,33.1
CEM41-Garbage Pit Rd,1/10/24,13,32.1,37.6,97,6.7,36.3
CAL204-Dog Valley,1/10/24,7.3,32.6,38.1,95,7.3,34.9
TRK7203-Northstar Golf Course,1/10/24,8.2,28.5,32.6,97,28.5,32.8
Hobart Sub,1/10/24,3.7,27.7,30.2,100,14.7,34.2
SRB51-Smithneck Rd,1/10/24,6.6,31.1,37,98,30,37.8
STL3101 Ledge Ct.,1/10/24,7.8,24.7,28.4,95,3.6,33
7400-Glenshire,1/10/24,4,27.9,30.7,98,3.2,34.4
WSH201-Floriston,1/10/24,7.5,30.5,33.2,97,11.5,32.2
Washoe204-Fariad,1/10/24,12.2,30.8,61.7,100,5.5,32
MEY3400-Camp Richardson,1/10/24,8.1,28.3,31.9,98,11.5,34.9
MEY3500-STPD Office,1/10/24,3.4,27.8,32.7,97,12,34.4
621Line-I-80 Gravel Pit,1/10/24,7.3,28.5,30.7,98,4.9,33
MUL1296-Markleeville,1/10/24,4.2,31.2,36.4,97,14,33
TPZ1261-Eastside Lane,1/10/24,8.1,35,42.1,95,3.2,37.4
TAH-5201 Lake Forest,1/10/24,2.6,26.3,29.3,96,16.6,33.4
Tahoe-7300 Sugar Pine Point,1/10/24,2.1,26.6,29.8,96,12.2,33.4
TAH5201-Fairway,1/10/24,4.9,26.6,29.6,95,,32
TPZ1261 Cunningham,1/10/24,11.8,35.7,41.8,94,,32
POR32 4th Avenue,1/10/24,2.7,30.4,34.1,97,19.4,34.1
TAH7300-DL Bliss,1/9/24,3.7,32.6,39.6,90,5.3,32.7
MUL1296-Woodfords,1/9/24,11.9,40.8,45.9,77,1,36.5
TPZ1261–Park Ranch,1/9/24,8.4,42.3,52.6,89,4.2,32.4
TPZ1261-Walker,1/9/24,11.7,42.6,48.1,68,8.9,37.4
Meyers3400-Uplands,1/9/24,10,,,100,8,34.2
SQV8200-Squaw Valley,1/9/24,9.5,31.5,38.1,94,19.5,33.1
CEM41-Garbage Pit Rd,1/9/24,7,33.9,43,93,6.8,35.3
CAL204-Dog Valley,1/9/24,7.7,39,44.7,78,7.3,34.6
TRK7203-Northstar Golf Course,1/9/24,4.8,29.3,38.8,97,28.8,32.8
Hobart Sub,1/9/24,2.3,30,39.2,100,14.7,34.2
SRB51-Smithneck Rd,1/9/24,3.5,35.5,42.5,88,28.7,37.4
STL3101 Ledge Ct.,1/9/24,7.6,32.6,38.5,87,3.6,32.9
7400-Glenshire,1/9/24,1.5,29.6,37.6,97,3.2,34.3
WSH201-Floriston,1/9/24,5.1,32.6,40.1,90,10.7,31.9
Washoe204-Fariad,1/9/24,11.9,37,41.9,96,5.6,31.8
MEY3400-Camp Richardson,1/9/24,6.4,33.8,41.3,98,11.4,34.8
MEY3500-STPD Office,1/9/24,2.8,32.6,40.8,96,12,34.4
621Line-I-80 Gravel Pit,1/9/24,4.1,28.4,39.1,99,4.7,32.9
MUL1296-Markleeville,1/9/24,4,37.3,46,87,11.9,32.9
TPZ1261-Eastside Lane,1/9/24,9.9,42,49,53,3.3,37.8
TAH-5201 Lake Forest,1/9/24,1.3,30.8,37.6,93,16.8,33.4
Tahoe-7300 Sugar Pine Point,1/9/24,1.5,30.8,35.8,94,11.4,33.4
TAH5201-Fairway,1/9/24,3.2,30.8,36.5,96,,32
TPZ1261 Cunningham,1/9/24,8.4,41.4,51.3,86,,32
POR32 4th Avenue,1/9/24,2.5,32.1,42.8,97,19.4,33.8
GLS7600-Walden,1/8/24,0,11.2,,100,20.8,32.1
TAH7300-DL Bliss,1/8/24,0.7,26.1,34,93,5.4,32.7
MUL1296-Woodfords,1/8/24,1.7,24.6,44.9,87,1,36.5
TPZ1261–Park Ranch,1/8/24,1.7,21.8,36,89,4.1,31.4
TPZ1261-Walker,1/8/24,1.9,23.2,38.1,81,8.8,37
Meyers3400-Uplands,1/8/24,2.7,,,100,8.1,34.1
SQV8200-Squaw Valley,1/8/24,0.5,16.4,56.6,96,19.4,33.1
CEM41-Garbage Pit Rd,1/8/24,1.4,15.5,30.1,92,6.2,35.3
CAL204-Dog Valley,1/8/24,1.2,20.4,39.8,90,7.3,34.7
TRK7203-Northstar Golf Course,1/8/24,0.5,9.9,29.1,97,29.1,32.9
Hobart Sub,1/8/24,0.1,12.3,29.9,97,14.7,34.1
SRB51-Smithneck Rd,1/8/24,1,17.9,30,94,27.9,37.7
STL3101 Ledge Ct.,1/8/24,0.8,23.2,35,88,3.7,32.9
7400-Glenshire,1/8/24,0,12.1,29.1,97,3.2,34.3
WSH201-Floriston,1/8/24,3.7,18.3,31.7,88,10.8,31.9
Washoe204-Fariad,1/8/24,6.2,20.8,37.8,89,2.2,30.7
MEY3400-Camp Richardson,1/8/24,1.1,22.8,37.9,98,11.4,34.8
MEY3500-STPD Office,1/8/24,0.4,18.4,38.9,97,12,34.5
621Line-I-80 Gravel Pit,1/8/24,0.5,10.6,27.9,96,4.5,33
MUL1296-Markleeville,1/8/24,0.1,15,38.6,94,10.7,33
TPZ1261-Eastside Lane,1/8/24,6,24.8,38.1,74,2.9,31.2
TAH-5201 Lake Forest,1/8/24,0.1,21.8,37.7,93,16.9,33.3
Tahoe-7300 Sugar Pine Point,1/8/24,0.4,24.4,34.9,90,11,33.4
TAH5201-Fairway,1/8/24,0.3,20.7,34.6,95,,32
TPZ1261 Cunningham,1/8/24,1.7,18.8,33.5,86,,32
POR32 4th Avenue,1/8/24,1.6,18.8,,94,19.7,34
GLS7600-Walden,1/7/24,0,12.2,,100,20.8,32.2
TAH7300-DL Bliss,1/7/24,3.8,18.5,23.6,85,5.5,32.7
MUL1296-Woodfords,1/7/24,0.6,17.4,26.6,87,1,36.8
TPZ1261–Park Ranch,1/7/24,4.3,21.9,34.9,76,4.2,35.1
TPZ1261-Walker,1/7/24,4.4,19,29.1,77,8.9,39.1
Meyers3400-Uplands,1/7/24,2.9,,,100,8.2,34.1
SQV8200-Squaw Valley,1/7/24,1.9,10.5,24.7,91,20,33.1
CEM41-Garbage Pit Rd,1/7/24,2,12.1,25.3,90,6.2,36.5
CAL204-Dog Valley,1/7/24,1.9,16.6,31.6,86,7.3,35.1
TRK7203-Northstar Golf Course,1/7/24,0.8,6.7,25.4,95,29.6,33.1
Hobart Sub,1/7/24,0.5,9.7,25.4,97,14.7,34.2
SRB51-Smithneck Rd,1/7/24,2.3,14.6,27,87,28,38.3
STL3101 Ledge Ct.,1/7/24,0.8,15.9,22.3,93,3.8,32.9
7400-Glenshire,1/7/24,0.2,8.7,24.6,95,3.2,34.2
WSH201-Floriston,1/7/24,1.9,13.6,26,90,11,32
Washoe204-Fariad,1/7/24,2.5,14.9,25.7,95,2.2,31
MEY3400-Camp Richardson,1/7/24,2.5,20,27.8,90,11.5,34.7
MEY3500-STPD Office,1/7/24,0.8,16,26,95,12.1,34.7
621Line-I-80 Gravel Pit,1/7/24,1.1,8.1,27.7,96,4.5,33
MUL1296-Markleeville,1/7/24,0,9.6,25.5,94,11,33
TPZ1261-Eastside Lane,1/7/24,9.7,19.4,28.8,72,3.2,34.3
TAH-5201 Lake Forest,1/7/24,0.7,16.9,25.5,90,17.1,33.3
Tahoe-7300 Sugar Pine Point,1/7/24,0.9,17.5,25.3,93,11,33.4
TAH5201-Fairway,1/7/24,1.7,16.2,25.8,94,,32
TPZ1261 Cunningham,1/7/24,4.4,19.1,30.6,79,,32
POR32 4th Avenue,1/7/24,1.5,13,,94,19.8,34.6
GLS7600-Walden,1/6/24,0,12.3,,100,20.8,32.1
TAH7300-DL Bliss,1/6/24,3.9,24,32.8,93,5.6,32.8
MUL1296-Woodfords,1/6/24,7.9,29.1,40.8,92,1,37
BKY4201-Summit,1/6/24,2.4,,,100,17.5,33.1
TPZ1261–Park Ranch,1/6/24,8.9,31.4,48.1,96,4.3,36.4
TPZ1261-Walker,1/6/24,9.6,30.3,44.2,96,9,40.2
Meyers3400-Uplands,1/6/24,10,,,100,8.2,34.4
SQV8200-Squaw Valley,1/6/24,5.7,21,33.2,93,20.3,33.2
CEM41-Garbage Pit Rd,1/6/24,7.1,25.4,38.4,95,6.2,37.8
CAL204-Dog Valley,1/6/24,5.6,28.5,40.5,94,7.3,35.5
TRK7203-Northstar Golf Course,1/6/24,4.8,20.4,34.8,95,30.1,33.4
Hobart Sub,1/6/24,1.9,19.7,32.3,97,14.8,34.2
SRB51-Smithneck Rd,1/6/24,3.7,25.7,37.7,96,28.1,39.2
STL3101 Ledge Ct.,1/6/24,4.4,23.4,32.4,93,3.8,33.5
7400-Glenshire,1/6/24,2.2,20.3,33.6,95,3.2,34.4
WSH201-Floriston,1/6/24,5.9,24.1,36.9,94,11.3,32.3
Washoe204-Fariad,1/6/24,9.5,26.8,38.1,97,2.1,30.4
MEY3400-Camp Richardson,1/6/24,6.3,24,36.2,96,11.5,34.8
MEY3500-STPD Office,1/6/24,2.4,22.1,33.9,95,12.3,35.2
621Line-I-80 Gravel Pit,1/6/24,3.7,20.4,33.3,96,4.6,33.2
MUL1296-Markleeville,1/6/24,2.5,23.4,39.2,95,11.4,33.1
TPZ1261-Eastside Lane,1/6/24,10.6,30.2,44.4,94,3.2,36.5
TAH-5201 Lake Forest,1/6/24,1.9,22.5,32.1,94,17.3,33.3
Tahoe-7300 Sugar Pine Point,1/6/24,1.4,22.8,31.7,94,11.6,33.4
TAH5201-Fairway,1/6/24,3.5,22.6,31.6,100,,32
TPZ1261 Cunningham,1/6/24,9.1,29.3,45.1,92,,32
POR32 4th Avenue,1/6/24,1.9,23.2,36.6,97,20,35.5
GLS7600-Walden,1/5/24,0,14,,100,22.8,32.2
TAH7300-DL Bliss,1/5/24,1.3,30.5,34.8,88,5.8,32.8
MUL1296-Woodfords,1/5/24,3.1,32.1,41.4,78,1,38
BKY4201-Summit,1/5/24,0.2,,,100,18,33.2
TPZ1261–Park Ranch,1/5/24,4.5,34.3,45.8,81,4.3,38.1
TPZ1261-Walker,1/5/24,3,32.6,42,74,9,41.3
Meyers3400-Uplands,1/5/24,3.6,,,100,8.2,34.7
SQV8200-Squaw Valley,1/5/24,1.3,23.9,36.3,94,20.9,33.2
CEM41-Garbage Pit Rd,1/5/24,3.9,30.7,41.6,93,6.3,39.7
CAL204-Dog Valley,1/5/24,2.3,32.4,42.2,91,7.3,36.1
TRK7203-Northstar Golf Course,1/5/24,1.8,24.4,38.4,95,31,33.8
Hobart Sub,1/5/24,0.7,25,39.1,98,14.8,34.6
SRB51-Smithneck Rd,1/5/24,1.4,31.1,41.1,93,28.2,39.9
STL3101 Ledge Ct.,1/5/24,1.8,29.9,35.4,80,3.8,34.2
7400-Glenshire,1/5/24,1.3,24.4,38.5,95,3.2,34.9
WSH201-Floriston,1/5/24,2,29.1,40.7,90,12,34.1
Washoe204-Fariad,1/5/24,5.3,30.8,40.7,92,2.2,30.2
MEY3400-Camp Richardson,1/5/24,1.4,28.9,38.2,96,11.6,34.9
MEY3500-STPD Office,1/5/24,0.9,25.9,38.5,95,12.4,35.7
621Line-I-80 Gravel Pit,1/5/24,2,25.6,39.3,93,4.9,33.7
MUL1296-Markleeville,1/5/24,0.2,26.6,41.2,90,12,33.6
TPZ1261-Eastside Lane,1/5/24,7.4,33.4,41.8,66,3.3,39.9
TAH-5201 Lake Forest,1/5/24,0.3,28.3,37.2,92,17.5,33.5
Tahoe-7300 Sugar Pine Point,1/5/24,0.7,29.2,37.9,91,12,33.6
TAH5201-Fairway,1/5/24,1,27.3,37.2,95,,32
TPZ1261 Cunningham,1/5/24,3.6,31.4,43.4,81,,32
POR32 4th Avenue,1/5/24,1.2,28.9,42.4,96,20.1,36.8
GLS7600-Walden,1/4/24,0,12.7,,100,24,32.5
TAH7300-DL Bliss,1/4/24,0.2,29.2,34.8,79,5.8,32.9
MUL1296-Woodfords,1/4/24,2.1,30.3,41.1,80,1,38.4
BKY4201-Summit,1/4/24,0,,,100,18.4,33.3
TPZ1261–Park Ranch,1/4/24,3.2,35.2,47.6,80,4.3,37.6
TPZ1261-Walker,1/4/24,2.4,32.2,43.6,76,9,40.8
Meyers3400-Uplands,1/4/24,1.5,,,100,8.2,34.8
SQV8200-Squaw Valley,1/4/24,0.7,23.9,35.1,94,20.8,33.2
CEM41-Garbage Pit Rd,1/4/24,2.5,31.1,42.5,91,6.3,39.6
CAL204-Dog Valley,1/4/24,1.5,32,44.1,86,7.4,36.5
TRK7203-Northstar Golf Course,1/4/24,1,24.5,38,96,32.3,34
Hobart Sub,1/4/24,0.3,25.3,41.3,98,14.8,34.7
SRB51-Smithneck Rd,1/4/24,1.5,30.9,41.4,85,28.2,40
STL3101 Ledge Ct.,1/4/24,0.4,27.1,33.6,81,3.8,34.4
7400-Glenshire,1/4/24,0.9,24.6,38.9,96,3.2,35
WSH201-Floriston,1/4/24,1.3,28.8,42,87,12.3,34.5
Washoe204-Fariad,1/4/24,3.4,30.8,42.5,88,3,31.1
MEY3400-Camp Richardson,1/4/24,1,26.7,37.6,95,11.6,34.9
MEY3500-STPD Office,1/4/24,0.3,24,38.7,94,12.2,35.9
621Line-I-80 Gravel Pit,1/4/24,1.2,25.7,40.9,94,4.8,34
MUL1296-Markleeville,1/4/24,0,24.3,42.5,92,13.1,34.3
TPZ1261-Eastside Lane,1/4/24,7.2,32.5,42.9,71,3.3,38.7
TAH-5201 Lake Forest,1/4/24,0.1,26.4,37.9,91,17.7,33.6
Tahoe-7300 Sugar Pine Point,1/4/24,0.4,27.3,36.2,91,11.8,33.6
TAH5201-Fairway,1/4/24,0.8,26,37.8,96,,32
TPZ1261 Cunningham,1/4/24,3.3,31.9,45.2,80,,32
POR32 4th Avenue,1/4/24,0.7,29.7,44,98,20,37.2
GLS7600-Walden,1/3/24,0,24,,100,24,32.5
TAH7300-DL Bliss,1/3/24,2,25.8,29,95,5.8,32.8
MUL1296-Woodfords,1/3/24,3.1,31.4,37,88,1,39.3
BKY4201-Summit,1/3/24,2.1,,,100,18.7,33.4
TPZ1261–Park Ranch,1/3/24,4.9,37.9,42.5,82,4.3,37.8
TPZ1261-Walker,1/3/24,4.3,33.3,40,90,9,40.7
Meyers3400-Uplands,1/3/24,5.2,,,100,8.3,34.9
SQV8200-Squaw Valley,1/3/24,3.1,27.5,32,96,20.6,33.3
CEM41-Garbage Pit Rd,1/3/24,4,33,37.6,89,6.2,39.2
CAL204-Dog Valley,1/3/24,3.9,34.9,39.5,84,7.3,36.6
TRK7203-Northstar Golf Course,1/3/24,1.5,27.8,32,98,32.5,33.8
Hobart Sub,1/3/24,0.4,28.3,34,99,14.8,34.7
SRB51-Smithneck Rd,1/3/24,1.2,32.4,36.6,86,28.2,40.1
STL3101 Ledge Ct.,1/3/24,3.4,25.3,30.8,95,3.8,35.2
7400-Glenshire,1/3/24,1.1,28.3,33.5,97,3.2,34.9
WSH201-Floriston,1/3/24,0.7,31.4,35.7,92,11.8,34.2
Washoe204-Fariad,1/3/24,4.7,32.8,37,92,7.5,32.6
MEY3400-Camp Richardson,1/3/24,1.9,28.3,33.1,98,11.6,34.7
MEY3500-STPD Office,1/3/24,0.9,28.2,34,97,12.1,36.6
621Line-I-80 Gravel Pit,1/3/24,0.8,29.3,35.6,96,4.5,34.1
MUL1296-Markleeville,1/3/24,0.4,29.5,37,96,12.1,35.5
TPZ1261-Eastside Lane,1/3/24,4.5,33.4,38.6,93,3.2,38.6
TAH-5201 Lake Forest,1/3/24,0.2,27.6,32.1,96,18,33.5
Tahoe-7300 Sugar Pine Point,1/3/24,0.5,27.4,31.8,95,10.9,33.6
TAH5201-Fairway,1/3/24,2,27.6,32.7,100,,32
TPZ1261 Cunningham,1/3/24,5.6,34.3,40.9,90,,32
POR32 4th Avenue,1/3/24,1,32.1,38,98,19.5,36.8
GLS7600-Walden,1/2/24,4.3,9.4,19.2,32,23.8,32.5
TAH7300-DL Bliss,1/2/24,1.8,33.1,40.6,95,5.9,32.9
MUL1296-Woodfords,1/2/24,6.8,37.4,49.5,90,1,39.1
BKY4201-Summit,1/2/24,4.9,,,100,19,33.4
TPZ1261–Park Ranch,1/2/24,4.1,33.4,48.2,90,4.2,36.9
TPZ1261-Walker,1/2/24,5.4,33.5,47,87,8.9,40.8
Meyers3400-Uplands,1/2/24,11.3,,,100,8.4,35
SQV8200-Squaw Valley,1/2/24,4.1,30,40.4,97,20,33.5
CEM41-Garbage Pit Rd,1/2/24,5.3,31.1,47.4,94,6.3,39.1
CAL204-Dog Valley,1/2/24,2.6,32.7,44.7,92,7.3,36.4
TRK7203-Northstar Golf Course,1/2/24,4.2,28,44.3,98,28.4,34
Hobart Sub,1/2/24,1.4,27.6,44.4,100,14.8,35
SRB51-Smithneck Rd,1/2/24,3,32.4,46.9,93,28.1,40.6
STL3101 Ledge Ct.,1/2/24,2.9,33.8,44.1,95,3.8,35.7
7400-Glenshire,1/2/24,1.6,27.9,44.8,98,3.1,35.2
WSH201-Floriston,1/2/24,5.9,32.5,46.4,92,11,32.8
Washoe204-Fariad,1/2/24,8.4,34.3,48.2,94,4,31
MEY3400-Camp Richardson,1/2/24,3.7,32.8,43.4,98,11.7,34.8
MEY3500-STPD Office,1/2/24,1.7,30.8,45.3,96,12.2,36.7
621Line-I-80 Gravel Pit,1/2/24,2.9,28.3,45.4,95,4.6,34.2
MUL1296-Markleeville,1/2/24,2.6,34.2,49.2,96,10.4,34.9
TPZ1261-Eastside Lane,1/2/24,4.8,35.1,47.1,88,3.2,39.8
TAH-5201 Lake Forest,1/2/24,1.1,32,43.4,96,18.3,33.5
Tahoe-7300 Sugar Pine Point,1/2/24,0.9,31.9,43.6,95,10.8,33.7
TAH5201-Fairway,1/2/24,2.3,31.7,42.2,100,,32
TPZ1261 Cunningham,1/2/24,4.5,30.3,44.6,91,,32
POR32 4th Avenue,1/2/24,1.7,30.4,45.1,98,19.5,36.4
GLS7600-Walden,1/1/24,0,13.1,,100,25.7,32.6
TAH7300-DL Bliss,1/1/24,0,32.4,37.9,88,6.2,33.2
MUL1296-Woodfords,1/1/24,1.6,33.9,44.6,81,1,39.7
BKY4201-Summit,1/1/24,0,-38.5,101.5,86,20,33.7
TPZ1261–Park Ranch,1/1/24,3.8,34.8,47.4,91,4.3,38
TPZ1261-Walker,1/1/24,3.2,33.1,45.4,85,9,41.6
Meyers3400-Uplands,1/1/24,1.3,,,100,8.5,35.4
SQV8200-Squaw Valley,1/1/24,0.7,27.9,42.4,95,24.8,33.9
CEM41-Garbage Pit Rd,1/1/24,2.1,30.5,45,96,6.3,40.5
CAL204-Dog Valley,1/1/24,1.1,32.5,45.9,94,7.3,37.8
TRK7203-Northstar Golf Course,1/1/24,1.1,26,43.6,97,28.7,35.1
Hobart Sub,1/1/24,0.4,27.2,43.2,99,14.9,35.7
SRB51-Smithneck Rd,1/1/24,2.2,32.2,44.4,96,28.3,41.3
STL3101 Ledge Ct.,1/1/24,0.3,30.5,38.7,79,3.9,36.1
7400-Glenshire,1/1/24,0.8,26.4,43,97,3.1,35.8
WSH201-Floriston,1/1/24,1.3,29,42.9,92,11.4,34.8
Washoe204-Fariad,1/1/24,2.9,31.3,44.1,94,3,31.2
MEY3400-Camp Richardson,1/1/24,0.9,29.1,41.3,95,11.8,35.4
MEY3500-STPD Office,1/1/24,0.3,27.4,42.8,94,12.3,37.3
621Line-I-80 Gravel Pit,1/1/24,1.1,27.8,44.1,96,4.6,35.7
MUL1296-Markleeville,1/1/24,0.2,30.2,46.7,94,10.7,35.7
TPZ1261-Eastside Lane,1/1/24,6.3,34.7,45,72,3.3,41.3
TAH-5201 Lake Forest,1/1/24,0.1,30.3,42.7,94,18.7,33.9
Tahoe-7300 Sugar Pine Point,1/1/24,0.4,30.2,,100,11.2,34.7
TAH5201-Fairway,1/1/24,0.5,29.9,40.9,95,,32
TPZ1261 Cunningham,1/1/24,2.3,31.2,46.3,91,,32
POR32 4th Avenue,1/1/24,1.2,30.2,46.3,97,19.8,38.3
